author,agg_score,n_relevant_articles,coauthor_name_collision,affiliations_seen,top_papers
"Kargl, F.",116.0,5,,"Deutsches Zentrum für Luft- und Raumfahrt (DLR) Institut für Materialphysik im Weltraum, , 51170 Köln, Germany | Foundry Institute, RWTH Aachen University 2 , Intzestraße 5, 52046 Aachen, Germany | Fo",[22] 2015 doi:10.1063/1.4922359 Near-isothermal furnace for in situ and real time X-ray radiography solidification experim; [20] 2023 doi:10.1063/5.0151523 X-radiography front tracking gradient furnace for directional solidification of bulk Al-al; [20] 2021 doi:10.1063/5.0037398 Isothermal furnace for long-term in situ and real-time X-radiography solidification experi; [18] 2020 doi:10.1063/1.5124548 XRISE-M: X-radiography facility for solidification and diffusion studies of alloys aboard 
"Zhang, Yuzhong",105.5,4,,"Anhui Province Key Laboratory of Measuring Theory and Precision Instrument, School of Instrument Science and Opto-Electronics Engineering, Hefei University of Technology 1 , Hefei 230009, China | Scho",[29] 2020 doi:10.1063/1.5129758 Calibration and measurement performance analysis for a spectral band charge-coupled-device; [20] 2021 doi:10.1063/5.0046410 Noise characterization and compensation for a charge-coupled-device-based pyrometer; [20] 2018 doi:10.1063/1.5034233 Research on the normal spectral band emissivity of tungsten between 150 and 500 °C; [15] 2022 doi:10.1063/5.0101504 Measurements of emissivity and temperature for polarized long-wavelength infrared light fr
"Shu, Shuangbao",105.5,4,,"Anhui Province Key Laboratory of Measuring Theory and Precision Instrument, School of Instrument Science and Opto-Electronics Engineering, Hefei University of Technology 1 , Hefei 230009, China | Scho",[29] 2020 doi:10.1063/1.5129758 Calibration and measurement performance analysis for a spectral band charge-coupled-device; [20] 2021 doi:10.1063/5.0046410 Noise characterization and compensation for a charge-coupled-device-based pyrometer; [20] 2018 doi:10.1063/1.5034233 Research on the normal spectral band emissivity of tungsten between 150 and 500 °C; [15] 2022 doi:10.1063/5.0101504 Measurements of emissivity and temperature for polarized long-wavelength infrared light fr
"Dreißigacker, C.",101.7,4,,"Deutsches Zentrum für Luft- und Raumfahrt (DLR) Institut für Materialphysik im Weltraum, , 51170 Köln, Germany | Institut für Materialphysik im Weltraum, Deutsches Zentrum für Luft- und Raumfahrt (DLR",[26] 2019 doi:10.1063/1.5124822 ARTEC—A furnace module for directional solidification and quenching experiments in microgr; [22] 2015 doi:10.1063/1.4922359 Near-isothermal furnace for in situ and real time X-ray radiography solidification experim; [20] 2021 doi:10.1063/5.0037398 Isothermal furnace for long-term in situ and real-time X-radiography solidification experi; [18] 2020 doi:10.1063/1.5124548 XRISE-M: X-radiography facility for solidification and diffusion studies of alloys aboard 
"Pontillon, Y.",89.2,3,,"CEA, DEN/CAD/DEC/SSA3C 4 , Saint-Paul-lez-Durance, France | CEA, DEN/CAD/DEC/SSA3C, Laboratoire d’Analyse de la Migration des Radioelements 2 , 13108 Saint-Paul-lez-Durance, France | CEA, DES, IRESNE,",[29] 2020 doi:10.1063/1.5133741 A high power laser facility to conduct annealing tests at high temperature; [28] 2023 doi:10.1063/5.0139508 A laser-based system to heat nuclear fuel pellets at high temperature; [12] 2018 doi:10.1063/1.4996611 An experimental platform for real-time measurement of the deformation of nuclear fuel rod 
"Gallais, L.",89.2,3,,"Aix Marseille Univ, CNRS, Centrale Marseille, Institut Fresnel 3 , France | Aix Marseille University, CNRS, Centrale Marseille, Institute Fresnel 1 , Marseille, France | CNRS, Centrale Marseille, Inst",[29] 2020 doi:10.1063/1.5133741 A high power laser facility to conduct annealing tests at high temperature; [28] 2023 doi:10.1063/5.0139508 A laser-based system to heat nuclear fuel pellets at high temperature; [12] 2018 doi:10.1063/1.4996611 An experimental platform for real-time measurement of the deformation of nuclear fuel rod 
"Tai, Cheng-Chi",83.4,3,,"Department of Electrical Engineering, National Cheng Kung University , Tainan 70101, Taiwan | Department of Electrical Engineering, National Cheng Kung University , Tainan City 70101, Taiwan",[30] 2022 doi:10.1063/5.0066308 Liver tumor ablation enhancement by induction-heating system with bitter-like deep magneti; [22] 2020 doi:10.1063/5.0006019 A modified self-tuning fuzzy logic temperature controller for metal induction heating; [14] 2017 doi:10.1063/1.4992021 Magnetic induction of hyperthermia by a modified self-learning fuzzy temperature controlle
"Deep, Sneh",81.6,1,,"Department of Aerospace Engineering, Indian Institute of Science , Bangalore 560012, India",[68] 2019 doi:10.1063/1.5088149 Spatially resolved solid-phase temperature characterization in a sillimanite tube furnace 
"Jagadeesh, Gopalan",81.6,1,,"Department of Aerospace Engineering, Indian Institute of Science , Bangalore 560012, India",[68] 2019 doi:10.1063/1.5088149 Spatially resolved solid-phase temperature characterization in a sillimanite tube furnace 
"An, Ke",73.1,2,,"Oak Ridge National Laboratory 2 , Oak Ridge, Tennessee 37830, | Oak Ridge National Laboratory 9 Chemical and Engineering Materials Division, , Oak Ridge, Tennessee 37831, USA",[37] 2026 doi:10.1063/5.0299443 Automated rapid cooling of high-temperature vacuum furnaces for high throughput neutron ex; [15] 2016 doi:10.1063/1.4939194 Electrostatic levitation facility optimized for neutron diffraction studies of high temper
"Ohtani, Y.",72.8,3,,"Naka Fusion Institute, National Institutes for Quantum Science and Technology , Naka, Ibaraki 311-0193, Japan | Naka Institute for Fusion Science and Technology, National Institutes for Quantum Scienc",[20] 2025 doi:10.1063/5.0221294 Two-color CO2 laser long-distance interference measurements with long-time stabilization i; [15] 2024 doi:10.1063/5.0215877 Real-time processing system of a two-color CO2 laser interferometer for density feedback c; [15] 2023 doi:10.1063/5.0128536 Conceptual design and demonstration of a three-color laser interferometer for noise reduct
"Watson, T. M.",72.0,1,,"Texas Tech University , Lubbock, Texas 79409,",[48] 2025 doi:10.1063/5.0215582 Transient temperature measurement of electron beam bombarded stainless steel via nanosecon
"Mockert, J. T.",72.0,1,,"Texas Tech University , Lubbock, Texas 79409,",[48] 2025 doi:10.1063/5.0215582 Transient temperature measurement of electron beam bombarded stainless steel via nanosecon
"Neuber, A. A.",72.0,1,,"Texas Tech University , Lubbock, Texas 79409,",[48] 2025 doi:10.1063/5.0215582 Transient temperature measurement of electron beam bombarded stainless steel via nanosecon
"Dickens, J. C.",72.0,1,,"Texas Tech University , Lubbock, Texas 79409,",[48] 2025 doi:10.1063/5.0215582 Transient temperature measurement of electron beam bombarded stainless steel via nanosecon
"Becker, M.",70.5,3,,"Deutsches Zentrum für Luft- und Raumfahrt (DLR) Institut für Materialphysik im Weltraum, , 51170 Köln, Germany | Institut für Materialphysik im Weltraum, Deutsches Zentrum für Luft- und Raumfahrt (DLR",[22] 2015 doi:10.1063/1.4922359 Near-isothermal furnace for in situ and real time X-ray radiography solidification experim; [20] 2021 doi:10.1063/5.0037398 Isothermal furnace for long-term in situ and real-time X-radiography solidification experi; [18] 2020 doi:10.1063/1.5124548 XRISE-M: X-radiography facility for solidification and diffusion studies of alloys aboard 
"Jiménez, S.",63.8,1,,"LIFTEC (University of Zaragoza-Spanish Council for Scientific Research) , María de Luna, 10, 50018 Zaragoza, Spain","[51] 2020 doi:10.1063/5.0021784 Two-color, two-dimensional pyrometers based on monochrome and color cameras for high-tempe"
"Dong, Jingtao",62.2,2,,"School of Instrument Science and Opto-Electronics Engineering, Hefei University of Technology , Hefei 230009, Anhui, China",[29] 2020 doi:10.1063/1.5129758 Calibration and measurement performance analysis for a spectral band charge-coupled-device; [20] 2021 doi:10.1063/5.0046410 Noise characterization and compensation for a charge-coupled-device-based pyrometer
"Bauer, A.",60.9,2,,"Technische Universität München 1 Physik-Department, , D-85748 Garching, Germany | Technische Universität München Physik-Department, , D-85748 Garching, Germany",[38] 2016 doi:10.1063/1.4954926 Ultra-high vacuum compatible induction-heated rod casting furnace; [20] 2016 doi:10.1063/1.4967011 Ultra-high vacuum compatible preparation chain for intermetallic compounds
"Regnat, A.",60.9,2,,"Technische Universität München 1 Physik-Department, , D-85748 Garching, Germany | Technische Universität München Physik-Department, , D-85748 Garching, Germany",[38] 2016 doi:10.1063/1.4954926 Ultra-high vacuum compatible induction-heated rod casting furnace; [20] 2016 doi:10.1063/1.4967011 Ultra-high vacuum compatible preparation chain for intermetallic compounds
"Benka, G.",60.9,2,,"Technische Universität München 1 Physik-Department, , D-85748 Garching, Germany | Technische Universität München Physik-Department, , D-85748 Garching, Germany",[38] 2016 doi:10.1063/1.4954926 Ultra-high vacuum compatible induction-heated rod casting furnace; [20] 2016 doi:10.1063/1.4967011 Ultra-high vacuum compatible preparation chain for intermetallic compounds
"Pfleiderer, C.",60.9,2,,"Technische Universität München 1 Physik-Department, , D-85748 Garching, Germany | Technische Universität München Physik-Department, , D-85748 Garching, Germany",[38] 2016 doi:10.1063/1.4954926 Ultra-high vacuum compatible induction-heated rod casting furnace; [20] 2016 doi:10.1063/1.4967011 Ultra-high vacuum compatible preparation chain for intermetallic compounds
"Zhang, Zhijie",59.7,3,,"Key Laboratory of Instrumentation Science & Dynamic Measurement, Ministry of Education, North University of China 1 , Taiyuan, Shanxi 030051, | Key Laboratory of Instrumentation Science & Dynamic Meas",[19] 2024 doi:10.1063/5.0224040 C-type two-thermocouple sensor design between 1000 and 1700 °C; [13] 2025 doi:10.1063/5.0268652 Thermocouple dynamic characteristics compensation based on improved equilibrium optimizer ; [11] 2018 doi:10.1063/1.5019965 Blind system identification of two-thermocouple sensor based on cross-relation method
"Li, Yanfeng",59.7,3,,"North China Institute of Aerospace Engineering 2 , Langfang, Hebei 065000, | School of Instrument and Electronics, North University of China 1 , Taiyuan, Shanxi 030051, China",[19] 2024 doi:10.1063/5.0224040 C-type two-thermocouple sensor design between 1000 and 1700 °C; [13] 2025 doi:10.1063/5.0268652 Thermocouple dynamic characteristics compensation based on improved equilibrium optimizer ; [11] 2018 doi:10.1063/1.5019965 Blind system identification of two-thermocouple sensor based on cross-relation method
"Steinbach, S.",59.2,2,,"Institut für Materialphysik im Weltraum, Deutsches Zentrum für Luft- und Raumfahrt (DLR) , 51170 Köln, Germany | Institut für Materialphysik im Weltraum, Deutsches Zentrum für Luft- und Raumfahrt e.V.",[26] 2019 doi:10.1063/1.5124822 ARTEC—A furnace module for directional solidification and quenching experiments in microgr; [20] 2023 doi:10.1063/5.0151523 X-radiography front tracking gradient furnace for directional solidification of bulk Al-al
"Adhikari, Daksh",57.4,1,,"Georgia Institute of Technology 1 , Atlanta, Georgia 30332,",[37] 2026 doi:10.1063/5.0299443 Automated rapid cooling of high-temperature vacuum furnaces for high throughput neutron ex
"Quirinale, Dante",57.4,1,,"Oak Ridge National Laboratory 2 , Oak Ridge, Tennessee 37830,",[37] 2026 doi:10.1063/5.0299443 Automated rapid cooling of high-temperature vacuum furnaces for high throughput neutron ex
"Radyjowski, Patryk",57.4,1,,"Advanced Cooling Technologies, Inc. 3 , Lancaster, Pennsylvania 17602,",[37] 2026 doi:10.1063/5.0299443 Automated rapid cooling of high-temperature vacuum furnaces for high throughput neutron ex
"Thurman, Zechariah",57.4,1,,"Oak Ridge National Laboratory 2 , Oak Ridge, Tennessee 37830,",[37] 2026 doi:10.1063/5.0299443 Automated rapid cooling of high-temperature vacuum furnaces for high throughput neutron ex
"Yu, Dunji",57.4,1,,"Oak Ridge National Laboratory 2 , Oak Ridge, Tennessee 37830,",[37] 2026 doi:10.1063/5.0299443 Automated rapid cooling of high-temperature vacuum furnaces for high throughput neutron ex
"Chen, Yan",57.4,1,,"Oak Ridge National Laboratory 2 , Oak Ridge, Tennessee 37830,",[37] 2026 doi:10.1063/5.0299443 Automated rapid cooling of high-temperature vacuum furnaces for high throughput neutron ex
"Mills, Rebecca",57.4,1,,"Oak Ridge National Laboratory 2 , Oak Ridge, Tennessee 37830,",[37] 2026 doi:10.1063/5.0299443 Automated rapid cooling of high-temperature vacuum furnaces for high throughput neutron ex
"Carlson, David",57.4,1,,"Advanced Cooling Technologies, Inc. 3 , Lancaster, Pennsylvania 17602,",[37] 2026 doi:10.1063/5.0299443 Automated rapid cooling of high-temperature vacuum furnaces for high throughput neutron ex
"Davis, Reese",57.4,1,,"Advanced Cooling Technologies, Inc. 3 , Lancaster, Pennsylvania 17602,",[37] 2026 doi:10.1063/5.0299443 Automated rapid cooling of high-temperature vacuum furnaces for high throughput neutron ex
"Chen, Chien-Hua",57.4,1,,"Advanced Cooling Technologies, Inc. 3 , Lancaster, Pennsylvania 17602,",[37] 2026 doi:10.1063/5.0299443 Automated rapid cooling of high-temperature vacuum furnaces for high throughput neutron ex
"Wang, Tong",57.0,2,,"College of Information and Communication Engineering, Harbin Engineering University 1 , Harbin, | Institute of High Energy Physics, Chinese Academy of Sciences 1 , Beijing 100049, | Spallation Neutron",[29] 2025 doi:10.1063/5.0268451 A multi-spectral radiation thermometry method based on MGACO-RFR emissivity model identifi; [9] 2025 doi:10.1063/5.0237249 Curved neutron beam window for large vacuum chamber of neutron diffractometer
"Lan, Tao",55.0,2,,"Department of Plasma Physics and Fusion Engineering, University of Science and Technology of China 1 , Hefei 230026, | Department of Plasma Physics and Fusion Engineering, University of Science and Te",[20] 2024 doi:10.1063/5.0212144 Measurement of electron and neutral particle densities using a two-color optical fiber int; [20] 2021 doi:10.1063/5.0055570 Long-time measurements of line-integrated plasma electron density using a two-color homody
"Zhang, Sen",55.0,2,,"Department of Plasma Physics and Fusion Engineering, University of Science and Technology of China 1 , Hefei 230026, | Department of Plasma Physics and Fusion Engineering, University of Science and Te",[20] 2024 doi:10.1063/5.0212144 Measurement of electron and neutral particle densities using a two-color optical fiber int; [20] 2021 doi:10.1063/5.0055570 Long-time measurements of line-integrated plasma electron density using a two-color homody
"Ding, Weixing",55.0,2,,"Department of Plasma Physics and Fusion Engineering, University of Science and Technology of China 1 , Hefei 230026, | Department of Plasma Physics and Fusion Engineering, University of Science and Te",[20] 2024 doi:10.1063/5.0212144 Measurement of electron and neutral particle densities using a two-color optical fiber int; [20] 2021 doi:10.1063/5.0055570 Long-time measurements of line-integrated plasma electron density using a two-color homody
"Zhuang, Ge",55.0,2,,"Department of Plasma Physics and Fusion Engineering, University of Science and Technology of China 1 , Hefei 230026, | Department of Plasma Physics and Fusion Engineering, University of Science and Te",[20] 2024 doi:10.1063/5.0212144 Measurement of electron and neutral particle densities using a two-color optical fiber int; [20] 2021 doi:10.1063/5.0055570 Long-time measurements of line-integrated plasma electron density using a two-color homody
"Wu, Zhengwei",55.0,2,,"Department of Plasma Physics and Fusion Engineering, University of Science and Technology of China 1 , Hefei 230026, | Department of Plasma Physics and Fusion Engineering, University of Science and Te",[20] 2024 doi:10.1063/5.0212144 Measurement of electron and neutral particle densities using a two-color optical fiber int; [20] 2021 doi:10.1063/5.0055570 Long-time measurements of line-integrated plasma electron density using a two-color homody
"Mao, Wenzhe",55.0,2,,"Department of Plasma Physics and Fusion Engineering, University of Science and Technology of China 1 , Hefei 230026, | Department of Plasma Physics and Fusion Engineering, University of Science and Te",[20] 2024 doi:10.1063/5.0212144 Measurement of electron and neutral particle densities using a two-color optical fiber int; [20] 2021 doi:10.1063/5.0055570 Long-time measurements of line-integrated plasma electron density using a two-color homody
"Chen, Chen",55.0,2,,"Department of Plasma Physics and Fusion Engineering, University of Science and Technology of China 1 , Hefei 230026, | Department of Plasma Physics and Fusion Engineering, University of Science and Te",[20] 2024 doi:10.1063/5.0212144 Measurement of electron and neutral particle densities using a two-color optical fiber int; [20] 2021 doi:10.1063/5.0055570 Long-time measurements of line-integrated plasma electron density using a two-color homody
"Wu, Jiaren",55.0,2,,"Department of Plasma Physics and Fusion Engineering, University of Science and Technology of China 1 , Hefei 230026, | Department of Plasma Physics and Fusion Engineering, University of Science and Te",[20] 2024 doi:10.1063/5.0212144 Measurement of electron and neutral particle densities using a two-color optical fiber int; [20] 2021 doi:10.1063/5.0055570 Long-time measurements of line-integrated plasma electron density using a two-color homody
"Wei, Zian",55.0,2,,"Department of Plasma Physics and Fusion Engineering, University of Science and Technology of China 1 , Hefei 230026, | Department of Plasma Physics and Fusion Engineering, University of Science and Te",[20] 2024 doi:10.1063/5.0212144 Measurement of electron and neutral particle densities using a two-color optical fiber int; [20] 2021 doi:10.1063/5.0055570 Long-time measurements of line-integrated plasma electron density using a two-color homody
"Wang, Hai",55.0,2,,"Department of Plasma Physics and Fusion Engineering, University of Science and Technology of China 1 , Hefei 230026, | Department of Plasma Physics and Fusion Engineering, University of Science and Te",[20] 2024 doi:10.1063/5.0212144 Measurement of electron and neutral particle densities using a two-color optical fiber int; [20] 2021 doi:10.1063/5.0055570 Long-time measurements of line-integrated plasma electron density using a two-color homody
"Wen, Xiaohui",55.0,2,,"Department of Plasma Physics and Fusion Engineering, University of Science and Technology of China 1 , Hefei 230026, | Department of Plasma Physics and Fusion Engineering, University of Science and Te",[20] 2024 doi:10.1063/5.0212144 Measurement of electron and neutral particle densities using a two-color optical fiber int; [20] 2021 doi:10.1063/5.0055570 Long-time measurements of line-integrated plasma electron density using a two-color homody
"Wu, Jie",55.0,2,,"Department of Plasma Physics and Fusion Engineering, University of Science and Technology of China 1 , Hefei 230026, | Department of Plasma Physics and Fusion Engineering, University of Science and Te",[20] 2024 doi:10.1063/5.0212144 Measurement of electron and neutral particle densities using a two-color optical fiber int; [20] 2021 doi:10.1063/5.0055570 Long-time measurements of line-integrated plasma electron density using a two-color homody
"Zhou, Chu",55.0,2,,"Department of Plasma Physics and Fusion Engineering, University of Science and Technology of China 1 , Hefei 230026, | Department of Plasma Physics and Fusion Engineering, University of Science and Te",[20] 2024 doi:10.1063/5.0212144 Measurement of electron and neutral particle densities using a two-color optical fiber int; [20] 2021 doi:10.1063/5.0055570 Long-time measurements of line-integrated plasma electron density using a two-color homody
"Liu, Ahdi",55.0,2,,"Department of Plasma Physics and Fusion Engineering, University of Science and Technology of China 1 , Hefei 230026, | Department of Plasma Physics and Fusion Engineering, University of Science and Te",[20] 2024 doi:10.1063/5.0212144 Measurement of electron and neutral particle densities using a two-color optical fiber int; [20] 2021 doi:10.1063/5.0055570 Long-time measurements of line-integrated plasma electron density using a two-color homody
"Xie, Jinlin",55.0,2,,"Department of Plasma Physics and Fusion Engineering, University of Science and Technology of China 1 , Hefei 230026, | Department of Plasma Physics and Fusion Engineering, University of Science and Te",[20] 2024 doi:10.1063/5.0212144 Measurement of electron and neutral particle densities using a two-color optical fiber int; [20] 2021 doi:10.1063/5.0055570 Long-time measurements of line-integrated plasma electron density using a two-color homody
"Li, Hong",55.0,2,,"Department of Plasma Physics and Fusion Engineering, University of Science and Technology of China 1 , Hefei 230026, | Department of Plasma Physics and Fusion Engineering, University of Science and Te",[20] 2024 doi:10.1063/5.0212144 Measurement of electron and neutral particle densities using a two-color optical fiber int; [20] 2021 doi:10.1063/5.0055570 Long-time measurements of line-integrated plasma electron density using a two-color homody
"Xiao, Chijin",55.0,2,,"Department of Plasma Physics and Fusion Engineering, University of Science and Technology of China 1 , Hefei 230026, | Department of Plasma Physics and Fusion Engineering, University of Science and Te",[20] 2024 doi:10.1063/5.0212144 Measurement of electron and neutral particle densities using a two-color optical fiber int; [20] 2021 doi:10.1063/5.0055570 Long-time measurements of line-integrated plasma electron density using a two-color homody
"Liu, Wandong",55.0,2,,"Department of Plasma Physics and Fusion Engineering, University of Science and Technology of China 1 , Hefei 230026, | Department of Plasma Physics and Fusion Engineering, University of Science and Te",[20] 2024 doi:10.1063/5.0212144 Measurement of electron and neutral particle densities using a two-color optical fiber int; [20] 2021 doi:10.1063/5.0055570 Long-time measurements of line-integrated plasma electron density using a two-color homody
"Pasqualotto, R.",54.0,5,,"Consorzio RFX (CNR, ENEA, INFN, UNIPD, Acciaierie Venete SpA) 1 , Corso Stati Uniti 4, 35127 Padova, Italy | Consorzio RFX , Corso Stati Uniti 4, I-35127 Padova, Italy | Consorzio RFX 1 , Corso Stati ",[11] 2016 doi:10.1063/1.4961077 Final design of thermal diagnostic system in SPIDER ion source; [10] 2021 doi:10.1063/5.0043226 Development and first operation of a cavity ring down spectroscopy diagnostic in the negat; [10] 2018 doi:10.1063/1.5036823 Neutron measurements at the ELISE neutral beam test facility and implications for neutron ; [8] 2020 doi:10.1063/1.5133076 First operation in SPIDER and the path to complete MITICA
"Balter, M.",53.7,2,,"Institut für Materialphysik im Weltraum, Deutsches Zentrum für Luft- und Raumfahrt (DLR) , 51170 Köln, Germany | Institut für Materialphysik im Weltraum, Deutsches Zentrum für Luft- und Raumfahrt 1 , ",[26] 2019 doi:10.1063/1.5124822 ARTEC—A furnace module for directional solidification and quenching experiments in microgr; [18] 2020 doi:10.1063/1.5124548 XRISE-M: X-radiography facility for solidification and diffusion studies of alloys aboard 
"Mendonça, Jérôme",53.6,2,,"ICSM, University Montpellier, CNRS, CEA, ENSCM 1 , Site de Marcoule, Bâtiment 426, BP 17171, F-30207 Bagnols-sur-Cèze, France | NewTec Scientific 2 , 2 Route de Sommières, 30820 Caveirac, France",[19] 2024 doi:10.1063/5.0207475 Development of a microfurnace dedicated to in situ scanning electron microscope observatio; [18] 2024 doi:10.1063/5.0207477 Development of a microfurnace dedicated to in situ scanning electron microscope observatio
"Brau, Henri-Pierre",53.6,2,,"ICSM, University Montpellier, CNRS, CEA, ENSCM 1 , Site de Marcoule, Bâtiment 426, BP 17171, F-30207 Bagnols-sur-Cèze, France | ICSM, University of Montpellier, CNRS, CEA, ENSCM 1 , Bagnols-sur-Cèze, ",[19] 2024 doi:10.1063/5.0207475 Development of a microfurnace dedicated to in situ scanning electron microscope observatio; [18] 2024 doi:10.1063/5.0207477 Development of a microfurnace dedicated to in situ scanning electron microscope observatio
"Nogues, Dorian",53.6,2,,"NewTec Scientific 2 , 2 Route de Sommières, 30820 Caveirac, France",[19] 2024 doi:10.1063/5.0207475 Development of a microfurnace dedicated to in situ scanning electron microscope observatio; [18] 2024 doi:10.1063/5.0207477 Development of a microfurnace dedicated to in situ scanning electron microscope observatio
"Candeias, Antoine",53.6,2,,"NewTec Scientific 2 , 2 Route de Sommières, 30820 Caveirac, France",[19] 2024 doi:10.1063/5.0207475 Development of a microfurnace dedicated to in situ scanning electron microscope observatio; [18] 2024 doi:10.1063/5.0207477 Development of a microfurnace dedicated to in situ scanning electron microscope observatio
"Podor, Renaud",53.6,2,,"ICSM, University Montpellier, CNRS, CEA, ENSCM 1 , Site de Marcoule, Bâtiment 426, BP 17171, F-30207 Bagnols-sur-Cèze, France | ICSM, University of Montpellier, CNRS, CEA, ENSCM 1 , Bagnols-sur-Cèze, ",[19] 2024 doi:10.1063/5.0207475 Development of a microfurnace dedicated to in situ scanning electron microscope observatio; [18] 2024 doi:10.1063/5.0207477 Development of a microfurnace dedicated to in situ scanning electron microscope observatio
"Martin, F.",53.0,2,,"CEA, DEN/CAD/DEC/SSA3C, Laboratoire d’Analyse de la Migration des Radioelements 2 , 13108 Saint-Paul-lez-Durance, France | CEA, DES, IRESNE, DEC, Cadarache 1 , F-13108 Saint-Paul-Lez-Durance, France",[28] 2023 doi:10.1063/5.0139508 A laser-based system to heat nuclear fuel pellets at high temperature; [12] 2018 doi:10.1063/1.4996611 An experimental platform for real-time measurement of the deformation of nuclear fuel rod 
"Pontillon, M.",53.0,2,,"CEA, DEN/CAD/DEC/SSA3C, Laboratoire d’Analyse de la Migration des Radioelements 2 , 13108 Saint-Paul-lez-Durance, France | CEA, DES, IRESNE, DEC, Cadarache 1 , F-13108 Saint-Paul-Lez-Durance, France",[28] 2023 doi:10.1063/5.0139508 A laser-based system to heat nuclear fuel pellets at high temperature; [12] 2018 doi:10.1063/1.4996611 An experimental platform for real-time measurement of the deformation of nuclear fuel rod 
"Richaud, J. C.",53.0,2,,"CEA, DEN/CAD/DEC/SSA3C, Laboratoire d’Analyse de la Migration des Radioelements 2 , 13108 Saint-Paul-lez-Durance, France | CEA, DES, IRESNE, DEC, Cadarache 1 , F-13108 Saint-Paul-Lez-Durance, France",[28] 2023 doi:10.1063/5.0139508 A laser-based system to heat nuclear fuel pellets at high temperature; [12] 2018 doi:10.1063/1.4996611 An experimental platform for real-time measurement of the deformation of nuclear fuel rod 
"Dutra, E. C.",52.5,2,,"Nevada National Security Site 2 , Livermore, California 94551, USA | Nevada National Security Site, Livermore Operations 1 , Livermore, California 94550, USA",[25] 2022 doi:10.1063/5.0099778 Evaluation of a novel mid-infrared pyrometer for dynamic material experiments; [15] 2020 doi:10.1063/1.5126123 A multi-wavelength streaked optical pyrometer for dynamic shock compression measurements a
"Akin, M. C.",52.5,2,,"Lawrence Livermore National Laboratory 1 , Livermore, California 94551, USA | Lawrence Livermore National Laboratory 2 , Livermore, California 94550, USA",[25] 2022 doi:10.1063/5.0099778 Evaluation of a novel mid-infrared pyrometer for dynamic material experiments; [15] 2020 doi:10.1063/1.5126123 A multi-wavelength streaked optical pyrometer for dynamic shock compression measurements a
"Sasao, H.",51.8,2,,"Naka Institute for Fusion Science and Technology, National Institutes for Quantum Science and Technology , Naka, Ibaraki 311-0193, Japan | National Institutes for Quantum Science and Technology , 801-",[20] 2025 doi:10.1063/5.0221294 Two-color CO2 laser long-distance interference measurements with long-time stabilization i; [15] 2024 doi:10.1063/5.0215877 Real-time processing system of a two-color CO2 laser interferometer for density feedback c
"Nakano, T.",51.8,2,,"Naka Institute for Fusion Science and Technology, National Institutes for Quantum Science and Technology , Naka, Ibaraki 311-0193, Japan | National Institutes for Quantum Science and Technology , 801-",[20] 2025 doi:10.1063/5.0221294 Two-color CO2 laser long-distance interference measurements with long-time stabilization i; [15] 2024 doi:10.1063/5.0215877 Real-time processing system of a two-color CO2 laser interferometer for density feedback c
"Yoshida, M.",51.8,2,,"Naka Institute for Fusion Science and Technology, National Institutes for Quantum Science and Technology , Naka, Ibaraki 311-0193, Japan | National Institutes for Quantum Science and Technology , 801-",[20] 2025 doi:10.1063/5.0221294 Two-color CO2 laser long-distance interference measurements with long-time stabilization i; [15] 2024 doi:10.1063/5.0215877 Real-time processing system of a two-color CO2 laser interferometer for density feedback c
"Tsai, Shao-Pu",51.3,1,,"Max-Planck-Institut für Eisenforschung 1 , Max-Planck-Straße 1, 40237 Düsseldorf, Germany","[38] 2022 doi:10.1063/5.0087945 Development of a new, fully automated system for electron backscatter diffraction (EBSD)-b"
"Konijnenberg, Peter J.",51.3,1,,"Max-Planck-Institut für Eisenforschung 1 , Max-Planck-Straße 1, 40237 Düsseldorf, Germany","[38] 2022 doi:10.1063/5.0087945 Development of a new, fully automated system for electron backscatter diffraction (EBSD)-b"
"Gonzalez, Ivan",51.3,1,,"Max-Planck-Institut für Eisenforschung 1 , Max-Planck-Straße 1, 40237 Düsseldorf, Germany","[38] 2022 doi:10.1063/5.0087945 Development of a new, fully automated system for electron backscatter diffraction (EBSD)-b"
"Hartke, Samuel",51.3,1,,"Max-Planck-Institut für Eisenforschung 1 , Max-Planck-Straße 1, 40237 Düsseldorf, Germany","[38] 2022 doi:10.1063/5.0087945 Development of a new, fully automated system for electron backscatter diffraction (EBSD)-b"
"Griffiths, Thomas A.",51.3,1,,"Max-Planck-Institut für Eisenforschung 1 , Max-Planck-Straße 1, 40237 Düsseldorf, Germany","[38] 2022 doi:10.1063/5.0087945 Development of a new, fully automated system for electron backscatter diffraction (EBSD)-b"
"Herbig, Michael",51.3,1,,"Max-Planck-Institut für Eisenforschung 1 , Max-Planck-Straße 1, 40237 Düsseldorf, Germany","[38] 2022 doi:10.1063/5.0087945 Development of a new, fully automated system for electron backscatter diffraction (EBSD)-b"
"Kawano-Miyata, Kaori",51.3,1,,"Research and Development, Nippon Steel Corporation 2 , 1-8 Fuso-Cho, Amagasaki, Hyogo 660-0891 Japan","[38] 2022 doi:10.1063/5.0087945 Development of a new, fully automated system for electron backscatter diffraction (EBSD)-b"
"Taniyama, Akira",51.3,1,,"Research and Development, Nippon Steel Corporation 2 , 1-8 Fuso-Cho, Amagasaki, Hyogo 660-0891 Japan","[38] 2022 doi:10.1063/5.0087945 Development of a new, fully automated system for electron backscatter diffraction (EBSD)-b"
"Sano, Naoyuki",51.3,1,,"Research and Development, Nippon Steel Corporation 2 , 1-8 Fuso-Cho, Amagasaki, Hyogo 660-0891 Japan","[38] 2022 doi:10.1063/5.0087945 Development of a new, fully automated system for electron backscatter diffraction (EBSD)-b"
"Zaefferer, Stefan",51.3,1,,"Max-Planck-Institut für Eisenforschung 1 , Max-Planck-Straße 1, 40237 Düsseldorf, Germany","[38] 2022 doi:10.1063/5.0087945 Development of a new, fully automated system for electron backscatter diffraction (EBSD)-b"
"Drescher, J.",50.5,2,,"Institut für Materialphysik im Weltraum, Deutsches Zentrum für Luft- und Raumfahrt 1 , 51170 Köln, Germany | Institut für Materialphysik im Weltraum, Deutsches Zentrum für Luft- und Raumfahrt e.V. (DL",[20] 2023 doi:10.1063/5.0151523 X-radiography front tracking gradient furnace for directional solidification of bulk Al-al; [18] 2020 doi:10.1063/1.5124548 XRISE-M: X-radiography facility for solidification and diffusion studies of alloys aboard 
"Bräuer, D.",48.6,2,,"Institut für Materialphysik im Weltraum, Deutsches Zentrum für Luft- und Raumfahrt (DLR) , 51170 Köln, Germany",[26] 2019 doi:10.1063/1.5124822 ARTEC—A furnace module for directional solidification and quenching experiments in microgr; [12] 2024 doi:10.1063/5.0182719 TEMPUS—A microgravity electromagnetic levitation facility for parabolic flights
"Wegener, M.",48.5,2,,"Institut für Materialphysik im Weltraum, Deutsches Zentrum für Luft- und Raumfahrt (DLR) 1 , 51170 Köln, Germany | Institut für Materialphysik im Weltraum, Deutsches Zentrum für Luft- und Raumfahrt 1 ",[20] 2021 doi:10.1063/5.0037398 Isothermal furnace for long-term in situ and real-time X-radiography solidification experi; [18] 2020 doi:10.1063/1.5124548 XRISE-M: X-radiography facility for solidification and diffusion studies of alloys aboard 
"Guo, Yangkai",47.0,2,,"Key Laboratory of Instrumentation Science & Dynamic Measurement, Ministry of Education, North University of China 1 , Taiyuan, Shanxi 030051, | Key Laboratory of Instrumentation Science and Dynamic Me",[19] 2024 doi:10.1063/5.0224040 C-type two-thermocouple sensor design between 1000 and 1700 °C; [13] 2025 doi:10.1063/5.0268652 Thermocouple dynamic characteristics compensation based on improved equilibrium optimizer 
"Potamias, Dimitrios",44.0,1,,"Solar Technology Laboratory, Paul Scherrer Institute 1 , CH-5232 Villigen PSI, Switzerland",[40] 2017 doi:10.1063/1.4987129 Double modulation pyrometry: A radiometric method to measure surface temperatures of direc
"Alxneit, Ivo",44.0,1,,"Solar Technology Laboratory, Paul Scherrer Institute 1 , CH-5232 Villigen PSI, Switzerland",[40] 2017 doi:10.1063/1.4987129 Double modulation pyrometry: A radiometric method to measure surface temperatures of direc
"Wokaun, Alexander",44.0,1,,"Department Energy and Environment, Paul Scherrer Institute 2 , CH-5232 Villigen PSI, Switzerland",[40] 2017 doi:10.1063/1.4987129 Double modulation pyrometry: A radiometric method to measure surface temperatures of direc
"Gao, Shan",43.5,1,,"College of Information and Communication Engineering, Harbin Engineering University 1 , Harbin, | Heilongjiang Collaborative Innovation Center of Advanced Intelligent Perception Technology, Harbin Eng",[29] 2025 doi:10.1063/5.0268451 A multi-spectral radiation thermometry method based on MGACO-RFR emissivity model identifi
"Yang, Qing",43.5,1,,"College of Information and Communication Engineering, Harbin Engineering University 1 , Harbin,",[29] 2025 doi:10.1063/5.0268451 A multi-spectral radiation thermometry method based on MGACO-RFR emissivity model identifi
"Liu, Hailong",43.5,1,,"College of Information and Communication Engineering, Harbin Engineering University 1 , Harbin,",[29] 2025 doi:10.1063/5.0268451 A multi-spectral radiation thermometry method based on MGACO-RFR emissivity model identifi
"Han, Yue",43.5,1,,"College of Information and Communication Engineering, Harbin Engineering University 1 , Harbin,",[29] 2025 doi:10.1063/5.0268451 A multi-spectral radiation thermometry method based on MGACO-RFR emissivity model identifi
"Ma, Yitong",43.5,1,,"College of Information and Communication Engineering, Harbin Engineering University 1 , Harbin,",[29] 2025 doi:10.1063/5.0268451 A multi-spectral radiation thermometry method based on MGACO-RFR emissivity model identifi
"Chen, Liwei",43.5,1,,"College of Information and Communication Engineering, Harbin Engineering University 1 , Harbin,",[29] 2025 doi:10.1063/5.0268451 A multi-spectral radiation thermometry method based on MGACO-RFR emissivity model identifi
"Cui, Ying",43.5,1,,"College of Information and Communication Engineering, Harbin Engineering University 1 , Harbin,",[29] 2025 doi:10.1063/5.0268451 A multi-spectral radiation thermometry method based on MGACO-RFR emissivity model identifi
"Zhang, Zezhan",43.5,1,,"Clean Energy Materials and Engineering Center, School of Electronic Science and Engineering, State Key Laboratory of Electronic Thin Film and Integrated Devices, University of Electronic Science and T",[29] 2025 doi:10.1063/5.0268451 A multi-spectral radiation thermometry method based on MGACO-RFR emissivity model identifi
"Jiang, Jing",43.5,1,,"Clean Energy Materials and Engineering Center, School of Electronic Science and Engineering, State Key Laboratory of Electronic Thin Film and Integrated Devices, University of Electronic Science and T",[29] 2025 doi:10.1063/5.0268451 A multi-spectral radiation thermometry method based on MGACO-RFR emissivity model identifi
"Niu, Yi",43.5,1,,"Clean Energy Materials and Engineering Center, School of Electronic Science and Engineering, State Key Laboratory of Electronic Thin Film and Integrated Devices, University of Electronic Science and T",[29] 2025 doi:10.1063/5.0268451 A multi-spectral radiation thermometry method based on MGACO-RFR emissivity model identifi
"Wang, Chao",43.5,1,,"State Key Laboratory of Precision Measurement Technology and Instruments, Department of Precision Instrument, Tsinghua University 4 , 100084 Beijing,",[29] 2025 doi:10.1063/5.0268451 A multi-spectral radiation thermometry method based on MGACO-RFR emissivity model identifi
"Shen, Guoyin",43.4,4,,"Carnegie Institution of Washington 1 HPCAT, Geophysical Laboratory, , 9700 S. Cass Ave., Argonne, Illinois 60439, USA | Carnegie Institution of Washington High Pressure Collaborative Access Team, Geop",[11] 2026 doi:10.1063/5.0317317 Hyperspectral radiance mapping and chromatic correction for temperature measurement in las; [9] 2018 doi:10.1063/1.5040508 A CO2 laser heating system for in situ high pressure-temperature experiments at HPCAT; [8] 2015 doi:10.1063/1.4927227 X-ray imaging for studying behavior of liquids at high pressures and high temperatures usi; [8] 2015 doi:10.1063/1.4926887 Developments in time-resolved high pressure x-ray diffraction using rapid compression and 
"Xing, Jian",42.5,1,,"College of Information and Computer Engineering, Northeast Forestry University 1 , 26 Hexing Road, Harbin 150040, China",[34] 2020 doi:10.1063/5.0016747 Generalized inverse matrix normalization algorithm to extract high-temperature data from m
"Liu, Zhijun",42.5,1,,"College of Mechanical and Electrical Engineering, Northeast Forestry University 2 , 26 Hexing Road, Harbin 150040, China",[34] 2020 doi:10.1063/5.0016747 Generalized inverse matrix normalization algorithm to extract high-temperature data from m
"Luo, Jiashun",42.5,1,,"College of Information and Computer Engineering, Northeast Forestry University 1 , 26 Hexing Road, Harbin 150040, China",[34] 2020 doi:10.1063/5.0016747 Generalized inverse matrix normalization algorithm to extract high-temperature data from m
"Han, Bing",42.5,1,,"College of Mechanical and Electrical Engineering, Northeast Forestry University 2 , 26 Hexing Road, Harbin 150040, China",[34] 2020 doi:10.1063/5.0016747 Generalized inverse matrix normalization algorithm to extract high-temperature data from m
"Araújo, António",42.5,1,,"Faculdade de Engenharias e Tecnologias, Universidade Lusíada Norte , 4760-108 Vila Nova de Famalicão, Portugal",[34] 2020 doi:10.1063/5.0005676 Surface temperature estimation in determined multi-wavelength pyrometry systems
"Silva, Rui",42.5,1,,"Faculdade de Engenharias e Tecnologias, Universidade Lusíada Norte , 4760-108 Vila Nova de Famalicão, Portugal",[34] 2020 doi:10.1063/5.0005676 Surface temperature estimation in determined multi-wavelength pyrometry systems
"Jenei, Zs.",42.3,2,,"Lawrence Livermore National Laboratory 1 , Livermore, California 94550, | Lawrence Livermore National Laboratory 1 , Livermore, California 94550, USA",[22] 2018 doi:10.1063/1.5048784 A simple and portable multi-channel pyrometer allowing temperature measurements down to 80; [11] 2026 doi:10.1063/5.0332507 A new boron nitride and graphite composite heater for rapid resistive heating in the diamo
"Lu, W.",42.2,3,,"European X-Ray Free-Electron Laser Facility 1 , Holzkoppel 4, 22869 Schenefeld, Germany | Institute of Modern Physics, Chinese Academy of Sciences 1 , Lanzhou 73000, China | University of Chinese Acad",[15] 2018 doi:10.1063/1.5027071 Development of a hard X-ray split-and-delay line and performance simulations for two-color; [10] 2021 doi:10.1063/5.0041671 Production of metallic ion beams by electron cyclotron resonance ion sources equipped with; [10] 2019 doi:10.1063/1.5128419 Production of intense uranium beams with inductive heating oven at Institute of Modern Phy
"Wang, Lin",42.0,1,,"National Key Laboratory of Science and Technology on Helicopter Transmission, Nanjing University of Aeronautics and Astronautics 3 , 210016 Nanjing, China | School of Mechanical Engineering, Northwest",[30] 2023 doi:10.1063/5.0098729 Temperature measurement and error analysis of the transverse plane of oil-jet-lubrication 
"Du, Ze-kai",42.0,1,,"School of Mechanical Engineering, Northwestern Polytechnical University 1 , 710072 Xi’an, China",[30] 2023 doi:10.1063/5.0098729 Temperature measurement and error analysis of the transverse plane of oil-jet-lubrication 
"Wang, Yong",42.0,1,,"School of Mechanical Engineering, Northwestern Polytechnical University 1 , 710072 Xi’an, China",[30] 2023 doi:10.1063/5.0098729 Temperature measurement and error analysis of the transverse plane of oil-jet-lubrication 
"Zheng, Zhi-zhen",42.0,1,,"School of Mechanical Engineering, Northwestern Polytechnical University 1 , 710072 Xi’an, China",[30] 2023 doi:10.1063/5.0098729 Temperature measurement and error analysis of the transverse plane of oil-jet-lubrication 
"Chen, Guo-ding",42.0,1,,"School of Mechanical Engineering, Northwestern Polytechnical University 1 , 710072 Xi’an, China",[30] 2023 doi:10.1063/5.0098729 Temperature measurement and error analysis of the transverse plane of oil-jet-lubrication 
"Lemetais, Maxime",42.0,1,,"Aix-Marseille Univ, CNRS, Centrale Med, Institut Fresnel 3 , Marseille, | CEA, IRFM 2 , F-13108 Saint-Paul-lez-Durance, | Mines Saint-Etienne, CNRS UMR 5307 LGF, Centre SMS 1 , F–42023 Saint-Etienne C",[28] 2025 doi:10.1063/5.0202933 A laser-based annealing methodology to speed-up the study of thermo-activated restoration 
"Pruvo, Jean-Baptiste",42.0,1,,"Mines Saint-Etienne, CNRS UMR 5307 LGF, Centre SMS 1 , F–42023 Saint-Etienne Cedex,",[28] 2025 doi:10.1063/5.0202933 A laser-based annealing methodology to speed-up the study of thermo-activated restoration 
"Minissale, Marco",42.0,1,,"Aix-Marseille Univ, CNRS, PIIM 4 , Marseille,",[28] 2025 doi:10.1063/5.0202933 A laser-based annealing methodology to speed-up the study of thermo-activated restoration 
"Durif, Alan",42.0,1,,"CEA, IRFM 2 , F-13108 Saint-Paul-lez-Durance,",[28] 2025 doi:10.1063/5.0202933 A laser-based annealing methodology to speed-up the study of thermo-activated restoration 
"Lenci, Matthieu",42.0,1,,"Mines Saint-Etienne, CNRS UMR 5307 LGF, Centre SMS 1 , F–42023 Saint-Etienne Cedex,",[28] 2025 doi:10.1063/5.0202933 A laser-based annealing methodology to speed-up the study of thermo-activated restoration 
"Maurice, Claire",42.0,1,,"Mines Saint-Etienne, CNRS UMR 5307 LGF, Centre SMS 1 , F–42023 Saint-Etienne Cedex,",[28] 2025 doi:10.1063/5.0202933 A laser-based annealing methodology to speed-up the study of thermo-activated restoration 
"Mondon, Marilyne",42.0,1,,"Mines Saint-Etienne, CNRS UMR 5307 LGF, Centre SMS 1 , F–42023 Saint-Etienne Cedex,",[28] 2025 doi:10.1063/5.0202933 A laser-based annealing methodology to speed-up the study of thermo-activated restoration 
"Piot, David",42.0,1,,"Mines Saint-Etienne, CNRS UMR 5307 LGF, Centre SMS 1 , F–42023 Saint-Etienne Cedex,",[28] 2025 doi:10.1063/5.0202933 A laser-based annealing methodology to speed-up the study of thermo-activated restoration 
"Somlay, Victor",42.0,1,,"Aix-Marseille Univ, CNRS, Centrale Med, Institut Fresnel 3 , Marseille,",[28] 2025 doi:10.1063/5.0202933 A laser-based annealing methodology to speed-up the study of thermo-activated restoration 
"Richou, Marianne",42.0,1,,"CEA, IRFM 2 , F-13108 Saint-Paul-lez-Durance,",[28] 2025 doi:10.1063/5.0202933 A laser-based annealing methodology to speed-up the study of thermo-activated restoration 
"Kermouche, Guillaume",42.0,1,,"Mines Saint-Etienne, CNRS UMR 5307 LGF, Centre SMS 1 , F–42023 Saint-Etienne Cedex,",[28] 2025 doi:10.1063/5.0202933 A laser-based annealing methodology to speed-up the study of thermo-activated restoration 
"Gallais, Laurent",42.0,1,,"Aix-Marseille Univ, CNRS, Centrale Med, Institut Fresnel 3 , Marseille,",[28] 2025 doi:10.1063/5.0202933 A laser-based annealing methodology to speed-up the study of thermo-activated restoration 
"Mills, R.",41.9,2,,"Neutron Scattering Division, Oak Ridge National Laboratory 3 , Oak Ridge, Tennessee 37831, USA | Oak Ridge National Laboratory 2 Instrument and Source Design Division, , Oak Ridge, Tennessee 37861-647",[29] 2017 doi:10.1063/1.5007089 Design and operating characteristic of a vacuum furnace for time-of-flight inelastic neutr; [10] 2015 doi:10.1063/1.4929580 A new apparatus design for high temperature (up to 950 °C) quasi-elastic neutron scatterin
"Armitage, D.",41.9,2,,"Neutron Scattering Division, Oak Ridge National Laboratory 3 , Oak Ridge, Tennessee 37831, USA | Oak Ridge National Laboratory 2 Instrument and Source Design Division, , Oak Ridge, Tennessee 37861-647",[29] 2017 doi:10.1063/1.5007089 Design and operating characteristic of a vacuum furnace for time-of-flight inelastic neutr; [10] 2015 doi:10.1063/1.4929580 A new apparatus design for high temperature (up to 950 °C) quasi-elastic neutron scatterin
"Frandsen, Cathrine",41.6,2,,"Department of Physics, Technical University of Denmark 1 , DK-2800 Kgs. Lyngby, Denmark | Department of Physics, Technical University of Denmark 2 , Lyngby DK-2800,",[16] 2026 doi:10.1063/5.0328935 Solvothermal vapor annealing and environmental control setup with adjustable magnetic fiel; [12] 2023 doi:10.1063/5.0113493 Retrofittable plug-flow reactor for in situ high-temperature vibrating sample magnetometry
"Wang, Min",41.4,2,,"Department of Plasma Physics and Fusion Engineering, University of Science and Technology of China 1 , Hefei 230026, | School of Mechatronics Engineering and Automation, Shanghai University 1 , Shangh",[20] 2024 doi:10.1063/5.0212144 Measurement of electron and neutral particle densities using a two-color optical fiber int; [8] 2026 doi:10.1063/5.0313768 Vibration isolation and low-frequency tracking based on magnetic levitation with composite
"Collins, G. W.",41.2,2,,"Laboratory for Laser Energetics, University of Rochester 1 , Rochester, New York 14623-1299, USA | Lawrence Livermore National Laboratory 4 , 7000 East Avenue, Livermore, California 94550, USA","[20] 2016 doi:10.1063/1.4968023 Absolute calibration of the OMEGA streaked optical pyrometer for temperature measurements ; [15] 2022 doi:10.1063/5.0099328 Development of a hardened THz energy meter for use on the kilojoule-scale, short-pulse OME"
"Han, Muyun",41.1,2,,"State Key Laboratory of High Pressure and Superhard Materials, Jilin University 1 , Changchun, | State Key Laboratory of Superhard Materials, Jilin University 1 , Changchun 130012, China",[19] 2025 doi:10.1063/5.0290862 Ring type furnace integrated into DAC chamber for stable and uniform sample heating up to ; [9] 2023 doi:10.1063/5.0137583 In situ temperature measurement in the pressure chamber of diamond anvil cell
"Cao, Min",41.1,2,,"School of Materials Science and Engineering, Jilin Jianzhu University 2 , Changchun, | State Key Laboratory of Superhard Materials, Jilin University 1 , Changchun 130012, China",[19] 2025 doi:10.1063/5.0290862 Ring type furnace integrated into DAC chamber for stable and uniform sample heating up to ; [9] 2023 doi:10.1063/5.0137583 In situ temperature measurement in the pressure chamber of diamond anvil cell
"Jiang, Dawei",41.1,2,,"School of Materials Science and Engineering, Jilin Jianzhu University 2 , Changchun, | State Key Laboratory of Superhard Materials, Jilin University 1 , Changchun 130012, China",[19] 2025 doi:10.1063/5.0290862 Ring type furnace integrated into DAC chamber for stable and uniform sample heating up to ; [9] 2023 doi:10.1063/5.0137583 In situ temperature measurement in the pressure chamber of diamond anvil cell
"Han, Yonghao",41.1,2,,"State Key Laboratory of High Pressure and Superhard Materials, Jilin University 1 , Changchun, | State Key Laboratory of Superhard Materials, Jilin University 1 , Changchun 130012, China",[19] 2025 doi:10.1063/5.0290862 Ring type furnace integrated into DAC chamber for stable and uniform sample heating up to ; [9] 2023 doi:10.1063/5.0137583 In situ temperature measurement in the pressure chamber of diamond anvil cell
"Gao, Chunxiao",41.1,2,,"State Key Laboratory of High Pressure and Superhard Materials, Jilin University 1 , Changchun, | State Key Laboratory of Superhard Materials, Jilin University 1 , Changchun 130012, China",[19] 2025 doi:10.1063/5.0290862 Ring type furnace integrated into DAC chamber for stable and uniform sample heating up to ; [9] 2023 doi:10.1063/5.0137583 In situ temperature measurement in the pressure chamber of diamond anvil cell
"Tian, Bian",40.8,2,,"State Key Laboratory for Mechanical Manufacturing Systems Engineering, Xi’an Jiaotong University , Xi’an 710049, China | State Key Laboratory for Mechanical Manufacturing Systems Engineering, Xi’an Ji",[17] 2020 doi:10.1063/5.0008887 WRe26–In2O3 probe-type thin film thermocouples applied to high temperature measurement; [15] 2021 doi:10.1063/5.0057148 Optimization on thermoelectric characteristics of indium tin oxide/indium oxide thin film 
"Zhang, Zhongkai",40.8,2,,"State Key Laboratory for Mechanical Manufacturing Systems Engineering, Xi’an Jiaotong University , Xi’an 710049, China | State Key Laboratory for Mechanical Manufacturing Systems Engineering, Xi’an Ji",[17] 2020 doi:10.1063/5.0008887 WRe26–In2O3 probe-type thin film thermocouples applied to high temperature measurement; [15] 2021 doi:10.1063/5.0057148 Optimization on thermoelectric characteristics of indium tin oxide/indium oxide thin film 
"Zhao, Libo",40.8,2,,"State Key Laboratory for Mechanical Manufacturing Systems Engineering, Xi’an Jiaotong University , Xi’an 710049, China | State Key Laboratory for Mechanical Manufacturing Systems Engineering, Xi’an Ji",[17] 2020 doi:10.1063/5.0008887 WRe26–In2O3 probe-type thin film thermocouples applied to high temperature measurement; [15] 2021 doi:10.1063/5.0057148 Optimization on thermoelectric characteristics of indium tin oxide/indium oxide thin film 
"Liu, Zhaojun",40.8,2,,"State Key Laboratory for Mechanical Manufacturing Systems Engineering, Xi’an Jiaotong University , Xi’an 710049, China | State Key Laboratory for Mechanical Manufacturing Systems Engineering, Xi’an Ji",[17] 2020 doi:10.1063/5.0008887 WRe26–In2O3 probe-type thin film thermocouples applied to high temperature measurement; [15] 2021 doi:10.1063/5.0057148 Optimization on thermoelectric characteristics of indium tin oxide/indium oxide thin film 
"Shi, Peng",40.8,2,,"State Key Laboratory for Mechanical Manufacturing Systems Engineering, Xi’an Jiaotong University , Xi’an 710049, China | State Key Laboratory for Mechanical Manufacturing Systems Engineering, Xi’an Ji",[17] 2020 doi:10.1063/5.0008887 WRe26–In2O3 probe-type thin film thermocouples applied to high temperature measurement; [15] 2021 doi:10.1063/5.0057148 Optimization on thermoelectric characteristics of indium tin oxide/indium oxide thin film 
"Lin, Qijing",40.8,2,,"State Key Laboratory for Mechanical Manufacturing Systems Engineering, Xi’an Jiaotong University , Xi’an 710049, China | State Key Laboratory for Mechanical Manufacturing Systems Engineering, Xi’an Ji",[17] 2020 doi:10.1063/5.0008887 WRe26–In2O3 probe-type thin film thermocouples applied to high temperature measurement; [15] 2021 doi:10.1063/5.0057148 Optimization on thermoelectric characteristics of indium tin oxide/indium oxide thin film 
"Jiang, Zhuangde",40.8,2,,"State Key Laboratory for Mechanical Manufacturing Systems Engineering, Xi’an Jiaotong University , Xi’an 710049, China | State Key Laboratory for Mechanical Manufacturing Systems Engineering, Xi’an Ji",[17] 2020 doi:10.1063/5.0008887 WRe26–In2O3 probe-type thin film thermocouples applied to high temperature measurement; [15] 2021 doi:10.1063/5.0057148 Optimization on thermoelectric characteristics of indium tin oxide/indium oxide thin film 
"Hung, Chia-Ming",40.5,1,,"Department of Electrical Engineering, National Cheng Kung University , Tainan City 70101, Taiwan",[30] 2022 doi:10.1063/5.0066308 Liver tumor ablation enhancement by induction-heating system with bitter-like deep magneti
"Sankaranarayanan, Anand",40.3,1,,"Department of Mechanical Engineering, IIT Bombay 1 , Powai, Mumbai, Maharashtra 400076, India",[31] 2021 doi:10.1063/5.0018353 Investigation of sooting flames by color-ratio pyrometry with a consumer-grade DSLR camera
"Swami, Umakant",40.3,1,,"Department of Mechanical Engineering, IIT Bombay 1 , Powai, Mumbai, Maharashtra 400076, India",[31] 2021 doi:10.1063/5.0018353 Investigation of sooting flames by color-ratio pyrometry with a consumer-grade DSLR camera
"Sasidharakurup, Reshmi",40.3,1,,"Polymer and Polymers and Special Chemicals Group, Vikram Sarabhai Space Centre 2 , Thiruvananthapuram 690052, India",[31] 2021 doi:10.1063/5.0018353 Investigation of sooting flames by color-ratio pyrometry with a consumer-grade DSLR camera
"Chowdhury, Arindrajit",40.3,1,,"Department of Mechanical Engineering, IIT Bombay 1 , Powai, Mumbai, Maharashtra 400076, India",[31] 2021 doi:10.1063/5.0018353 Investigation of sooting flames by color-ratio pyrometry with a consumer-grade DSLR camera
"Kumbhakarna, Neeraj",40.3,1,,"Department of Mechanical Engineering, IIT Bombay 1 , Powai, Mumbai, Maharashtra 400076, India",[31] 2021 doi:10.1063/5.0018353 Investigation of sooting flames by color-ratio pyrometry with a consumer-grade DSLR camera
"Heard, Rhiannon",40.0,1,,"Solid Mechanics Group, Department of Engineering Science, University of Oxford 1 , Parks Road, Oxford OX1 3PJ, United Kingdom",[32] 2020 doi:10.1063/1.5144981 An investigation into experimental in situ scanning electron microscope (SEM) imaging at h
"Huber, John E.",40.0,1,,"Solid Mechanics Group, Department of Engineering Science, University of Oxford 1 , Parks Road, Oxford OX1 3PJ, United Kingdom",[32] 2020 doi:10.1063/1.5144981 An investigation into experimental in situ scanning electron microscope (SEM) imaging at h
"Siviour, Clive",40.0,1,,"Solid Mechanics Group, Department of Engineering Science, University of Oxford 1 , Parks Road, Oxford OX1 3PJ, United Kingdom",[32] 2020 doi:10.1063/1.5144981 An investigation into experimental in situ scanning electron microscope (SEM) imaging at h
"Edwards, Gary",40.0,1,,"Deben United Kingdom Ltd., Brickfields Business Park 2 , Old Stowmarket Road, Woolpit, Bury St Edmunds, Suffolk IP30 9QS, United Kingdom",[32] 2020 doi:10.1063/1.5144981 An investigation into experimental in situ scanning electron microscope (SEM) imaging at h
"Williamson-Brown, Ed",40.0,1,,"Deben United Kingdom Ltd., Brickfields Business Park 2 , Old Stowmarket Road, Woolpit, Bury St Edmunds, Suffolk IP30 9QS, United Kingdom",[32] 2020 doi:10.1063/1.5144981 An investigation into experimental in situ scanning electron microscope (SEM) imaging at h
"Dragnevski, Kalin",40.0,1,,"Solid Mechanics Group, Department of Engineering Science, University of Oxford 1 , Parks Road, Oxford OX1 3PJ, United Kingdom",[32] 2020 doi:10.1063/1.5144981 An investigation into experimental in situ scanning electron microscope (SEM) imaging at h
"Neubauer, A.",39.9,1,,"Technische Universität München 1 Physik-Department, , D-85748 Garching, Germany",[38] 2016 doi:10.1063/1.4954926 Ultra-high vacuum compatible induction-heated rod casting furnace
"Münzer, W.",39.9,1,,"Technische Universität München 1 Physik-Department, , D-85748 Garching, Germany",[38] 2016 doi:10.1063/1.4954926 Ultra-high vacuum compatible induction-heated rod casting furnace
"Meven, M.",39.9,1,,"RWTH Aachen and Jülich Centre for Neutron Science at MLZ 2 Institut für Kristallographie, , D-85748 Garching, Germany",[38] 2016 doi:10.1063/1.4954926 Ultra-high vacuum compatible induction-heated rod casting furnace
"Pedersen, B.",39.9,1,,"Heinz Maier-Leibnitz Zentrum (MLZ) 3 , D-85748 Garching, Germany",[38] 2016 doi:10.1063/1.4954926 Ultra-high vacuum compatible induction-heated rod casting furnace
"Quintal, C. Cifuentes",39.2,1,,"CEA, DES, IRESNE, DEC, Cadarache 1 , F-13108 Saint-Paul-Lez-Durance, France | CNRS, Centrale Marseille, Institut Fresnel, Aix Marseille Univ 2 , Marseille, France",[28] 2023 doi:10.1063/5.0139508 A laser-based system to heat nuclear fuel pellets at high temperature
"Reymond, M.",39.2,1,,"CEA, DES, IRESNE, DEC, Cadarache 1 , F-13108 Saint-Paul-Lez-Durance, France | CNRS, Centrale Marseille, Institut Fresnel, Aix Marseille Univ 2 , Marseille, France",[28] 2023 doi:10.1063/5.0139508 A laser-based system to heat nuclear fuel pellets at high temperature
"Fiorito, F.",39.2,1,,"CEA, DES, IRESNE, DEC, Cadarache 1 , F-13108 Saint-Paul-Lez-Durance, France",[28] 2023 doi:10.1063/5.0139508 A laser-based system to heat nuclear fuel pellets at high temperature
"Doualle, T.",39.2,1,,"CEA, DES, IRESNE, DEC, Cadarache 1 , F-13108 Saint-Paul-Lez-Durance, France",[28] 2023 doi:10.1063/5.0139508 A laser-based system to heat nuclear fuel pellets at high temperature
"Xie, Longjian",38.9,3,,"Bayerisches Geoinstitut, University of Bayreuth , Bayreuth 95440, Germany | Bayerisches Geoinstitut, University of Bayreuth 1 , 95440 Bayreuth, Germany | Center for High Pressure Science and Technolog",[10] 2026 doi:10.1063/5.0319399 Thermal management and design optimization for ultrahigh-temperature–pressure experiments ; [10] 2021 doi:10.1063/5.0036771 Machinable boron-doped diamond as a practical heating element in multi-anvil apparatuses; [8] 2021 doi:10.1063/5.0059279 Simultaneous generation of ultrahigh pressure and temperature to 50 GPa and 3300 K in mult
"Bennett, T. D.",38.5,1,,"University of California 1 Department of Mechanical Engineering, , Santa Barbara, California 93117-5070, USA",[35] 2017 doi:10.1063/1.4975927 Two-color pyrometry for low amplitude periodic heating
"Silveira, V. B.",38.5,1,,"Universidade Federal do Rio Grande do Sul Porto Alegre 2 Department of Mechanical Engineering, , Rio Grande do Sul 90050-170, Brazil",[35] 2017 doi:10.1063/1.4975927 Two-color pyrometry for low amplitude periodic heating
"Valdes, R.",38.5,1,,"University of California 1 Department of Mechanical Engineering, , Santa Barbara, California 93117-5070, USA",[35] 2017 doi:10.1063/1.4975927 Two-color pyrometry for low amplitude periodic heating
"Phillips, William C.",37.5,1,,"Pyrochemistry and Molten Salt Systems Department, Idaho National Laboratory 1 , Idaho Falls, Idaho 83402, USA",[30] 2020 doi:10.1063/1.5140463 Design and performance of high-temperature furnace and cell holder for in situ spectroscop
"Gakhar, Ruchi",37.5,1,,"Pyrochemistry and Molten Salt Systems Department, Idaho National Laboratory 1 , Idaho Falls, Idaho 83402, USA",[30] 2020 doi:10.1063/1.5140463 Design and performance of high-temperature furnace and cell holder for in situ spectroscop
"Horne, Gregory P.",37.5,1,,"Aqueous Separations and Radiochemistry Department, Idaho National Laboratory 2 , Idaho Falls, Idaho 83402, USA",[30] 2020 doi:10.1063/1.5140463 Design and performance of high-temperature furnace and cell holder for in situ spectroscop
"Layne, Bobby",37.5,1,,"Chemistry Division, Brookhaven National Laboratory 3 , Upton, New York 11973, USA",[30] 2020 doi:10.1063/1.5140463 Design and performance of high-temperature furnace and cell holder for in situ spectroscop
"Iwamatsu, Kazuhiro",37.5,1,,"Chemistry Division, Brookhaven National Laboratory 3 , Upton, New York 11973, USA",[30] 2020 doi:10.1063/1.5140463 Design and performance of high-temperature furnace and cell holder for in situ spectroscop
"Ramos-Ballesteros, Alejandro",37.5,1,,"Radiation Laboratory, University of Notre Dame 4 , Notre Dame, Indiana 46556, USA",[30] 2020 doi:10.1063/1.5140463 Design and performance of high-temperature furnace and cell holder for in situ spectroscop
"Shaltry, Michael R.",37.5,1,,"Pyrochemistry and Molten Salt Systems Department, Idaho National Laboratory 1 , Idaho Falls, Idaho 83402, USA",[30] 2020 doi:10.1063/1.5140463 Design and performance of high-temperature furnace and cell holder for in situ spectroscop
"LaVerne, Jay A.",37.5,1,,"Department of Physics, University of Notre Dame 5 , Notre Dame, Indiana 46556, USA | Radiation Laboratory, University of Notre Dame 4 , Notre Dame, Indiana 46556, USA",[30] 2020 doi:10.1063/1.5140463 Design and performance of high-temperature furnace and cell holder for in situ spectroscop
"Pimblott, Simon M.",37.5,1,,"Nuclear Materials Department, Idaho National Laboratory 6 , Idaho Falls, Idaho 83402, USA",[30] 2020 doi:10.1063/1.5140463 Design and performance of high-temperature furnace and cell holder for in situ spectroscop
"Wishart, James F.",37.5,1,,"Chemistry Division, Brookhaven National Laboratory 3 , Upton, New York 11973, USA",[30] 2020 doi:10.1063/1.5140463 Design and performance of high-temperature furnace and cell holder for in situ spectroscop
"Taunay, Pierre-Yves C. R.",37.5,1,,"Electric Propulsion and Plasma Dynamics Laboratory, Princeton University , Princeton, New Jersey 08544, USA",[30] 2020 doi:10.1063/5.0019847 Multi-wavelength pyrometry based on robust statistics and cross-validation of emissivity m
"Choueiri, Edgar Y.",37.5,1,,"Electric Propulsion and Plasma Dynamics Laboratory, Princeton University , Princeton, New Jersey 08544, USA",[30] 2020 doi:10.1063/5.0019847 Multi-wavelength pyrometry based on robust statistics and cross-validation of emissivity m
"Raab, A.-K.",37.2,2,,"Department of Physics, Lund University 1 , P.O. Box 118, 22100 Lund, | Department of Physics, Lund University 1 , P.O. Box 118, 22100 Lund, Sweden","[15] 2024 doi:10.1063/5.0212578 Highly versatile, two-color setup for high-order harmonic generation using spatial light m; [10] 2026 doi:10.1063/5.0344206 Erratum: “Highly versatile, two-color setup for high-order harmonic generation using spati"
"Schmoll, M.",37.2,2,,"Physikalisches Institut, Albert-Ludwigs-Universität Freiburg 2 , Hermann-Herder-Straße 3, 79104 Freiburg, | Physikalisches Institut, Albert-Ludwigs-Universität Freiburg 2 , Hermann-Herder-Straße 3, 79","[15] 2024 doi:10.1063/5.0212578 Highly versatile, two-color setup for high-order harmonic generation using spatial light m; [10] 2026 doi:10.1063/5.0344206 Erratum: “Highly versatile, two-color setup for high-order harmonic generation using spati"
"Simpson, E. R.",37.2,2,,"Department of Physics, Lund University 1 , P.O. Box 118, 22100 Lund, | Department of Physics, Lund University 1 , P.O. Box 118, 22100 Lund, Sweden","[15] 2024 doi:10.1063/5.0212578 Highly versatile, two-color setup for high-order harmonic generation using spatial light m; [10] 2026 doi:10.1063/5.0344206 Erratum: “Highly versatile, two-color setup for high-order harmonic generation using spati"
"Redon, M.",37.2,2,,"Department of Physics, Lund University 1 , P.O. Box 118, 22100 Lund, | Department of Physics, Lund University 1 , P.O. Box 118, 22100 Lund, Sweden","[15] 2024 doi:10.1063/5.0212578 Highly versatile, two-color setup for high-order harmonic generation using spatial light m; [10] 2026 doi:10.1063/5.0344206 Erratum: “Highly versatile, two-color setup for high-order harmonic generation using spati"
"Fang, Y.",37.2,2,,"Department of Physics, Lund University 1 , P.O. Box 118, 22100 Lund, | Department of Physics, Lund University 1 , P.O. Box 118, 22100 Lund, Sweden","[15] 2024 doi:10.1063/5.0212578 Highly versatile, two-color setup for high-order harmonic generation using spatial light m; [10] 2026 doi:10.1063/5.0344206 Erratum: “Highly versatile, two-color setup for high-order harmonic generation using spati"
"Guo, C.",37.2,2,,"Department of Physics, Lund University 1 , P.O. Box 118, 22100 Lund, | Department of Physics, Lund University 1 , P.O. Box 118, 22100 Lund, Sweden","[15] 2024 doi:10.1063/5.0212578 Highly versatile, two-color setup for high-order harmonic generation using spatial light m; [10] 2026 doi:10.1063/5.0344206 Erratum: “Highly versatile, two-color setup for high-order harmonic generation using spati"
"Viotti, A.-L.",37.2,2,,"Department of Physics, Lund University 1 , P.O. Box 118, 22100 Lund, | Department of Physics, Lund University 1 , P.O. Box 118, 22100 Lund, Sweden","[15] 2024 doi:10.1063/5.0212578 Highly versatile, two-color setup for high-order harmonic generation using spatial light m; [10] 2026 doi:10.1063/5.0344206 Erratum: “Highly versatile, two-color setup for high-order harmonic generation using spati"
"Arnold, C. L.",37.2,2,,"Department of Physics, Lund University 1 , P.O. Box 118, 22100 Lund, | Department of Physics, Lund University 1 , P.O. Box 118, 22100 Lund, Sweden","[15] 2024 doi:10.1063/5.0212578 Highly versatile, two-color setup for high-order harmonic generation using spatial light m; [10] 2026 doi:10.1063/5.0344206 Erratum: “Highly versatile, two-color setup for high-order harmonic generation using spati"
"L’Huillier, A.",37.2,2,,"Department of Physics, Lund University 1 , P.O. Box 118, 22100 Lund, | Department of Physics, Lund University 1 , P.O. Box 118, 22100 Lund, Sweden","[15] 2024 doi:10.1063/5.0212578 Highly versatile, two-color setup for high-order harmonic generation using spatial light m; [10] 2026 doi:10.1063/5.0344206 Erratum: “Highly versatile, two-color setup for high-order harmonic generation using spati"
"Mauritsson, J.",37.2,2,,"Department of Physics, Lund University 1 , P.O. Box 118, 22100 Lund, | Department of Physics, Lund University 1 , P.O. Box 118, 22100 Lund, Sweden","[15] 2024 doi:10.1063/5.0212578 Highly versatile, two-color setup for high-order harmonic generation using spatial light m; [10] 2026 doi:10.1063/5.0344206 Erratum: “Highly versatile, two-color setup for high-order harmonic generation using spati"
"Ushiki, Tomohiko",36.5,1,,"National Institutes for Quantum Science and Technology 1 , Naka, Ibaraki, Japan",[27] 2022 doi:10.1063/5.0089269 Dual two-color method: A new concept of ultra-wide temperature range thermography (200–360
"Imazawa, Ryota",36.5,1,,"National Institutes for Quantum Science and Technology 1 , Naka, Ibaraki, Japan",[27] 2022 doi:10.1063/5.0089269 Dual two-color method: A new concept of ultra-wide temperature range thermography (200–360
"Murakami, Hidetoshi",36.5,1,,"National Institutes for Quantum Science and Technology 1 , Naka, Ibaraki, Japan",[27] 2022 doi:10.1063/5.0089269 Dual two-color method: A new concept of ultra-wide temperature range thermography (200–360
"Shimizu, Kosuke",36.5,1,,"National Institutes for Quantum Science and Technology 1 , Naka, Ibaraki, Japan",[27] 2022 doi:10.1063/5.0089269 Dual two-color method: A new concept of ultra-wide temperature range thermography (200–360
"Sugie, Tatsuo",36.5,1,,"NAT Corporation 2 , Naka, Ibaraki, Japan",[27] 2022 doi:10.1063/5.0089269 Dual two-color method: A new concept of ultra-wide temperature range thermography (200–360
"Hatae, Takaki",36.5,1,,"National Institutes for Quantum Science and Technology 1 , Naka, Ibaraki, Japan",[27] 2022 doi:10.1063/5.0089269 Dual two-color method: A new concept of ultra-wide temperature range thermography (200–360
"Fu, Tairan",36.3,1,,"Key Laboratory for Thermal Science and Power Engineering of Ministry of Education, Beijing Key Laboratory of CO2 Utilization and Reduction Technology, Department of Thermal Engineering, Tsinghua Unive",[33] 2017 doi:10.1063/1.4985170 VIS-NIR multispectral synchronous imaging pyrometer for high-temperature measurements
"Liu, Jiangfan",36.3,1,,"Key Laboratory for Thermal Science and Power Engineering of Ministry of Education, Beijing Key Laboratory of CO2 Utilization and Reduction Technology, Department of Thermal Engineering, Tsinghua Unive",[33] 2017 doi:10.1063/1.4985170 VIS-NIR multispectral synchronous imaging pyrometer for high-temperature measurements
"Tian, Jibin",36.3,1,,"Key Laboratory for Thermal Science and Power Engineering of Ministry of Education, Beijing Key Laboratory of CO2 Utilization and Reduction Technology, Department of Thermal Engineering, Tsinghua Unive",[33] 2017 doi:10.1063/1.4985170 VIS-NIR multispectral synchronous imaging pyrometer for high-temperature measurements
"Minissale, M.",36.2,1,,"Aix Marseille Univ, CNRS, PIIM 1 , Marseille, France",[29] 2020 doi:10.1063/1.5133741 A high power laser facility to conduct annealing tests at high temperature
"Durif, A.",36.2,1,,"CEA, IRFM 2 , F-13108 Saint-Paul-Lez-Durance, France",[29] 2020 doi:10.1063/1.5133741 A high power laser facility to conduct annealing tests at high temperature
"Hiret, P.",36.2,1,,"Aix Marseille Univ, CNRS, Centrale Marseille, Institut Fresnel 3 , France",[29] 2020 doi:10.1063/1.5133741 A high power laser facility to conduct annealing tests at high temperature
"Vidal, T.",36.2,1,,"Aix Marseille Univ, CNRS, Centrale Marseille, Institut Fresnel 3 , France",[29] 2020 doi:10.1063/1.5133741 A high power laser facility to conduct annealing tests at high temperature
"Faucheux, J.",36.2,1,,"CEA, DEN/CAD/DEC/SSA3C 4 , Saint-Paul-lez-Durance, France",[29] 2020 doi:10.1063/1.5133741 A high power laser facility to conduct annealing tests at high temperature
"Lenci, M.",36.2,1,,"Ecole Nationale Supérieure des Mines de Saint-Etienne, LGF, CNRS UMR 5307 5 , Saint-Etienne, France",[29] 2020 doi:10.1063/1.5133741 A high power laser facility to conduct annealing tests at high temperature
"Mondon, M.",36.2,1,,"Ecole Nationale Supérieure des Mines de Saint-Etienne, LGF, CNRS UMR 5307 5 , Saint-Etienne, France",[29] 2020 doi:10.1063/1.5133741 A high power laser facility to conduct annealing tests at high temperature
"Kermouche, G.",36.2,1,,"Ecole Nationale Supérieure des Mines de Saint-Etienne, LGF, CNRS UMR 5307 5 , Saint-Etienne, France",[29] 2020 doi:10.1063/1.5133741 A high power laser facility to conduct annealing tests at high temperature
"Grisolia, C.",36.2,1,,"CEA, IRFM 2 , F-13108 Saint-Paul-Lez-Durance, France",[29] 2020 doi:10.1063/1.5133741 A high power laser facility to conduct annealing tests at high temperature
"Richou, M.",36.2,1,,"CEA, IRFM 2 , F-13108 Saint-Paul-Lez-Durance, France",[29] 2020 doi:10.1063/1.5133741 A high power laser facility to conduct annealing tests at high temperature
"Zhang, Wuqiong",36.2,1,,"School of Instrument Science and Opto-Electronics Engineering, Hefei University of Technology , Hefei 230009, Anhui, China",[29] 2020 doi:10.1063/1.5129758 Calibration and measurement performance analysis for a spectral band charge-coupled-device
"Dong, Zhe",36.2,1,,"School of Instrument Science and Opto-Electronics Engineering, Hefei University of Technology , Hefei 230009, Anhui, China",[29] 2020 doi:10.1063/1.5129758 Calibration and measurement performance analysis for a spectral band charge-coupled-device
"Xing, Chenyao",36.2,1,,"School of Instrument Science and Opto-Electronics Engineering, Hefei University of Technology , Hefei 230009, Anhui, China",[29] 2020 doi:10.1063/1.5129758 Calibration and measurement performance analysis for a spectral band charge-coupled-device
"Montgomery, J. M.",36.1,2,,"Lawrence Livermore National Laboratory , Livermore, California 94550, USA | Lawrence Livermore National Laboratory 1 , Livermore, California 94550, USA",[22] 2018 doi:10.1063/1.5048784 A simple and portable multi-channel pyrometer allowing temperature measurements down to 80; [9] 2019 doi:10.1063/1.5048311 Advanced Spectral Analysis Program
"Lipp, M. J.",36.1,2,,"Lawrence Livermore National Laboratory , Livermore, California 94550, USA | Lawrence Livermore National Laboratory 1 , Livermore, California 94550, USA",[22] 2018 doi:10.1063/1.5048784 A simple and portable multi-channel pyrometer allowing temperature measurements down to 80; [9] 2019 doi:10.1063/1.5048311 Advanced Spectral Analysis Program
"Navarro-López, A.",35.0,1,,"Department of Materials Science and Engineering, Delft University of Technology 1 , Mekelweg 2, 2628 CD Delft, The Netherlands",[28] 2020 doi:10.1063/5.0022507 Furnace for in situ and simultaneous studies of nano-precipitates and phase transformation
"Ioannidou, C.",35.0,1,,"Department of Materials Science and Engineering, Delft University of Technology 1 , Mekelweg 2, 2628 CD Delft, The Netherlands",[28] 2020 doi:10.1063/5.0022507 Furnace for in situ and simultaneous studies of nano-precipitates and phase transformation
"van der Wal, E. M.",35.0,1,,"Department of Radiation Science and Technology, Delft University of Technology 2 , Mekelweg 15, 2629 JB Delft, The Netherlands",[28] 2020 doi:10.1063/5.0022507 Furnace for in situ and simultaneous studies of nano-precipitates and phase transformation
"Arechabaleta, Z.",35.0,1,,"Department of Materials Science and Engineering, Delft University of Technology 1 , Mekelweg 2, 2628 CD Delft, The Netherlands",[28] 2020 doi:10.1063/5.0022507 Furnace for in situ and simultaneous studies of nano-precipitates and phase transformation
"van den Oever, R.",35.0,1,,"Department of Radiation Science and Technology, Delft University of Technology 2 , Mekelweg 15, 2629 JB Delft, The Netherlands",[28] 2020 doi:10.1063/5.0022507 Furnace for in situ and simultaneous studies of nano-precipitates and phase transformation
"Verleg, M. N.",35.0,1,,"Department of Radiation Science and Technology, Delft University of Technology 2 , Mekelweg 15, 2629 JB Delft, The Netherlands",[28] 2020 doi:10.1063/5.0022507 Furnace for in situ and simultaneous studies of nano-precipitates and phase transformation
"Dalgliesh, R. M.",35.0,1,,"ISIS Neutron and Muon Source, Rutherford Appleton Laboratory 3 , Oxfordshire OX11 0QX, United Kingdom",[28] 2020 doi:10.1063/5.0022507 Furnace for in situ and simultaneous studies of nano-precipitates and phase transformation
"Sykora, J.",35.0,1,,"ISIS Neutron and Muon Source, Rutherford Appleton Laboratory 3 , Oxfordshire OX11 0QX, United Kingdom",[28] 2020 doi:10.1063/5.0022507 Furnace for in situ and simultaneous studies of nano-precipitates and phase transformation
"Akeroyd, F. A.",35.0,1,,"ISIS Neutron and Muon Source, Rutherford Appleton Laboratory 3 , Oxfordshire OX11 0QX, United Kingdom",[28] 2020 doi:10.1063/5.0022507 Furnace for in situ and simultaneous studies of nano-precipitates and phase transformation
"Geerlofs, N.",35.0,1,,"Department of Materials Science and Engineering, Delft University of Technology 1 , Mekelweg 2, 2628 CD Delft, The Netherlands",[28] 2020 doi:10.1063/5.0022507 Furnace for in situ and simultaneous studies of nano-precipitates and phase transformation
"Sietsma, J.",35.0,1,,"Department of Materials Science and Engineering, Delft University of Technology 1 , Mekelweg 2, 2628 CD Delft, The Netherlands",[28] 2020 doi:10.1063/5.0022507 Furnace for in situ and simultaneous studies of nano-precipitates and phase transformation
"Pappas, C.",35.0,1,,"Department of Radiation Science and Technology, Delft University of Technology 2 , Mekelweg 15, 2629 JB Delft, The Netherlands",[28] 2020 doi:10.1063/5.0022507 Furnace for in situ and simultaneous studies of nano-precipitates and phase transformation
"van Well, A. A.",35.0,1,,"Department of Radiation Science and Technology, Delft University of Technology 2 , Mekelweg 15, 2629 JB Delft, The Netherlands",[28] 2020 doi:10.1063/5.0022507 Furnace for in situ and simultaneous studies of nano-precipitates and phase transformation
"Offerman, S. E.",35.0,1,,"Department of Materials Science and Engineering, Delft University of Technology 1 , Mekelweg 2, 2628 CD Delft, The Netherlands",[28] 2020 doi:10.1063/5.0022507 Furnace for in situ and simultaneous studies of nano-precipitates and phase transformation
"Mileham, C.",33.9,2,,"Laboratory for Laser Energetics, University of Rochester 1 , Rochester, New York 14623-1299, USA | University of Rochester 1 Laboratory for Laser Energetics, , Rochester, New York 14623, USA","[15] 2022 doi:10.1063/5.0099328 Development of a hardened THz energy meter for use on the kilojoule-scale, short-pulse OME; [13] 2016 doi:10.1063/1.4960757 Design of an extreme ultraviolet spectrometer suite to characterize rapidly heated solid m"
"Guyton, R.",33.8,1,,"Nevada National Security Site, Livermore Operations 1 , Livermore, California 94550, USA",[25] 2022 doi:10.1063/5.0099778 Evaluation of a novel mid-infrared pyrometer for dynamic material experiments
"Hawkins, M. C.",33.8,1,,"Nevada National Security Site 3 , North Las Vegas, Nevada 89030, USA",[25] 2022 doi:10.1063/5.0099778 Evaluation of a novel mid-infrared pyrometer for dynamic material experiments
"La Lone, B. M.",33.8,1,,"Nevada National Security Site, Special Technologies Laboratory 4 , Santa Barbara, California 93117, USA",[25] 2022 doi:10.1063/5.0099778 Evaluation of a novel mid-infrared pyrometer for dynamic material experiments
"Mance, J.",33.8,1,,"Nevada National Security Site, Special Technologies Laboratory 4 , Santa Barbara, California 93117, USA",[25] 2022 doi:10.1063/5.0099778 Evaluation of a novel mid-infrared pyrometer for dynamic material experiments
"Tiangco, R.",33.8,1,,"Nevada National Security Site, Livermore Operations 1 , Livermore, California 94550, USA",[25] 2022 doi:10.1063/5.0099778 Evaluation of a novel mid-infrared pyrometer for dynamic material experiments
"Wolff, Z.",33.8,1,,"Nevada National Security Site, Livermore Operations 1 , Livermore, California 94550, USA",[25] 2022 doi:10.1063/5.0099778 Evaluation of a novel mid-infrared pyrometer for dynamic material experiments
"Rodriguez, E.",33.8,1,,"Nevada National Security Site, New Mexico Operations 5 , Albuquerque, New Mexico 87123, USA",[25] 2022 doi:10.1063/5.0099778 Evaluation of a novel mid-infrared pyrometer for dynamic material experiments
"Bondar, Dmitry",33.4,3,,"Bayerisches Geoinstitut, University of Bayreuth , D95447 Bayreuth, Germany | Bayerisches Geoinstitut, University of Bayreuth 1 , 95440 Bayreuth, Germany | Bayerisches Geoinstitut, University of Bayreu",[10] 2021 doi:10.1063/5.0062525 A simplified rapid-quench multi-anvil technique; [8] 2021 doi:10.1063/5.0059279 Simultaneous generation of ultrahigh pressure and temperature to 50 GPa and 3300 K in mult; [8] 2020 doi:10.1063/5.0005936 A rapid-quench technique for multi-anvil high-pressure-temperature experiments
"Katsura, Tomoo",33.4,3,,"Bayerisches Geoinstitut, University of Bayreuth , D95447 Bayreuth, Germany | Bayerisches Geoinstitut, University of Bayreuth 1 , 95440 Bayreuth, Germany | Bayerisches Geoinstitut, University of Bayreu",[10] 2021 doi:10.1063/5.0062525 A simplified rapid-quench multi-anvil technique; [8] 2021 doi:10.1063/5.0059279 Simultaneous generation of ultrahigh pressure and temperature to 50 GPa and 3300 K in mult; [8] 2020 doi:10.1063/5.0005936 A rapid-quench technique for multi-anvil high-pressure-temperature experiments
,33.0,3,,,[12] 2015 doi:10.1063/1.4931755 Fast ion energy distribution from third harmonic radio frequency heating measured with a s; [11] 2016 doi:10.1063/1.4971367 Optimized tomography methods for plasma emissivity reconstruction at the ASDEX Upgrade tok; [9] 2016 doi:10.1063/1.4939252 Evaluation of reconstruction errors and identification of artefacts for JET gamma and neut
"Wang, Jin",32.9,2,,"School of Materials Science and Engineering, Zhejiang University 3 , 310027 Hangzhou, China | State Key Laboratory of Magnetic Resonance and Atomic and Molecular Physics, Innovation Academy for Precis",[18] 2020 doi:10.1063/1.5142807 A novel instrument for investigating the dynamic microstructure evolution of high temperat; [8] 2021 doi:10.1063/5.0053971 An actively compensated 8 nT-level magnetic shielding system for 10-m atom interferometer
"Turquais, Benjamin",32.4,1,,"CEA, DES, IRESNE, DTN 1 , Cadarache, F-13108 Saint-Paul-Lez-Durance, France | Grenoble-INP/Grenoble Alpes University/CNRS, SIMaP Laboratory, EPM Group 2 , 38402 Saint Martin d’Hères, France",[24] 2022 doi:10.1063/5.0092868 Pyroreflectometry as a technique for the accurate measurement of very high temperatures in
"Sans, Jean-Louis",32.4,1,,"Laboratoire PROMES-CNRS 3 , 7 rue du four solaire, 66120 Font-Romeu Odeillo, France",[24] 2022 doi:10.1063/5.0092868 Pyroreflectometry as a technique for the accurate measurement of very high temperatures in
"Davoust, Laurent",32.4,1,,"Grenoble-INP/Grenoble Alpes University/CNRS, SIMaP Laboratory, EPM Group 2 , 38402 Saint Martin d’Hères, France",[24] 2022 doi:10.1063/5.0092868 Pyroreflectometry as a technique for the accurate measurement of very high temperatures in
"Delacroix, Jules",32.4,1,,"CEA, DES, IRESNE, DTN 1 , Cadarache, F-13108 Saint-Paul-Lez-Durance, France",[24] 2022 doi:10.1063/5.0092868 Pyroreflectometry as a technique for the accurate measurement of very high temperatures in
"Journeau, Christophe",32.4,1,,"CEA, DES, IRESNE, DTN 1 , Cadarache, F-13108 Saint-Paul-Lez-Durance, France",[24] 2022 doi:10.1063/5.0092868 Pyroreflectometry as a technique for the accurate measurement of very high temperatures in
"Piluso, Pascal",32.4,1,,"CEA, DES, IRESNE, DTN 1 , Cadarache, F-13108 Saint-Paul-Lez-Durance, France",[24] 2022 doi:10.1063/5.0092868 Pyroreflectometry as a technique for the accurate measurement of very high temperatures in
"Chikhi, Nourdine",32.4,1,,"CEA, DES, IRESNE, DEC 4 , Cadarache, F-13108 Saint-Paul-Lez-Durance, France",[24] 2022 doi:10.1063/5.0092868 Pyroreflectometry as a technique for the accurate measurement of very high temperatures in
"Egorov, S. V.",32.4,1,,"Institute of Applied Physics, Russian Academy of Sciences , Nizhny Novgorod 603950, Russia",[24] 2022 doi:10.1063/5.0093341 Implementation of rapid microwave sintering using a 24 GHz gyrotron system
"Eremeev, A. G.",32.4,1,,"Institute of Applied Physics, Russian Academy of Sciences , Nizhny Novgorod 603950, Russia",[24] 2022 doi:10.1063/5.0093341 Implementation of rapid microwave sintering using a 24 GHz gyrotron system
"Kholoptsev, V. V.",32.4,1,,"Institute of Applied Physics, Russian Academy of Sciences , Nizhny Novgorod 603950, Russia",[24] 2022 doi:10.1063/5.0093341 Implementation of rapid microwave sintering using a 24 GHz gyrotron system
"Plotnikov, I. V.",32.4,1,,"Institute of Applied Physics, Russian Academy of Sciences , Nizhny Novgorod 603950, Russia",[24] 2022 doi:10.1063/5.0093341 Implementation of rapid microwave sintering using a 24 GHz gyrotron system
"Rybakov, K. I.",32.4,1,,"Institute of Applied Physics, Russian Academy of Sciences , Nizhny Novgorod 603950, Russia",[24] 2022 doi:10.1063/5.0093341 Implementation of rapid microwave sintering using a 24 GHz gyrotron system
"Sorokin, A. A.",32.4,1,,"Institute of Applied Physics, Russian Academy of Sciences , Nizhny Novgorod 603950, Russia",[24] 2022 doi:10.1063/5.0093341 Implementation of rapid microwave sintering using a 24 GHz gyrotron system
"Drewitt, James W. E.",32.0,2,,"School of Earth Sciences, University of Bristol 1 , Wills Memorial Building, Queens Road, Bristol BS81RJ, United Kingdom | School of Physics, University of Bristol, H H Wills Physics Laboratory 1 , Ty",[14] 2024 doi:10.1063/5.0221899 MightyLev: An acoustic levitator for high-temperature containerless processing of medium- ; [9] 2021 doi:10.1063/5.0038917 Internal resistive heating of non-metallic samples to 3000 K and &gt;60 GPa in the diamond
"Niedziela, J. L.",31.9,1,,"Instrument and Source Division, Oak Ridge National Laboratory 1 , Oak Ridge, Tennessee 37831, USA | Materials Science and Technology Division, Oak Ridge National Laboratory 2 , Oak Ridge, Tennessee 37",[29] 2017 doi:10.1063/1.5007089 Design and operating characteristic of a vacuum furnace for time-of-flight inelastic neutr
"Loguillo, M. J.",31.9,1,,"Neutron Scattering Division, Oak Ridge National Laboratory 3 , Oak Ridge, Tennessee 37831, USA",[29] 2017 doi:10.1063/1.5007089 Design and operating characteristic of a vacuum furnace for time-of-flight inelastic neutr
"Skorpenske, H. D.",31.9,1,,"Neutron Scattering Division, Oak Ridge National Laboratory 3 , Oak Ridge, Tennessee 37831, USA",[29] 2017 doi:10.1063/1.5007089 Design and operating characteristic of a vacuum furnace for time-of-flight inelastic neutr
"Smith, H. L.",31.9,1,,"California Institute of Technology 4 , Pasadena, California 91125, USA",[29] 2017 doi:10.1063/1.5007089 Design and operating characteristic of a vacuum furnace for time-of-flight inelastic neutr
"Lin, J. Y. Y.",31.9,1,,"Neutron Scattering Division, Oak Ridge National Laboratory 3 , Oak Ridge, Tennessee 37831, USA",[29] 2017 doi:10.1063/1.5007089 Design and operating characteristic of a vacuum furnace for time-of-flight inelastic neutr
"Lucas, M. S.",31.9,1,,"Air Force Research Laboratory, Wright-Patterson Air Force Base 5 , Ohio 45433, USA",[29] 2017 doi:10.1063/1.5007089 Design and operating characteristic of a vacuum furnace for time-of-flight inelastic neutr
"Stone, M. B.",31.9,1,,"Neutron Scattering Division, Oak Ridge National Laboratory 3 , Oak Ridge, Tennessee 37831, USA",[29] 2017 doi:10.1063/1.5007089 Design and operating characteristic of a vacuum furnace for time-of-flight inelastic neutr
"Abernathy, D. L.",31.9,1,,"Neutron Scattering Division, Oak Ridge National Laboratory 3 , Oak Ridge, Tennessee 37831, USA",[29] 2017 doi:10.1063/1.5007089 Design and operating characteristic of a vacuum furnace for time-of-flight inelastic neutr
"Zoghlin, Eli",31.8,2,,"Materials Department, University of California , Santa Barbara, California 93106, USA | Materials Department, University of California 1 , Santa Barbara, California 93106-5050, USA | William H. Miller",[12] 2024 doi:10.1063/5.0186528 Advances in high-pressure laser floating zone growth: The Laser Optical Kristallmacher II ; [12] 2019 doi:10.1063/1.5085327 High-pressure laser floating zone furnace
"Aling, Michael",31.8,2,,"Department of Mechanical Engineering, Massachusetts Institute of Technology 4 , Cambridge, Massachusetts 02139, USA | Materials Department, University of California , Santa Barbara, California 93106, ",[12] 2024 doi:10.1063/5.0186528 Advances in high-pressure laser floating zone growth: The Laser Optical Kristallmacher II ; [12] 2019 doi:10.1063/1.5085327 High-pressure laser floating zone furnace
"Wilson, Stephen D.",31.8,2,,"Materials Department, University of California , Santa Barbara, California 93106, USA | Materials Department, University of California 1 , Santa Barbara, California 93106-5050, USA",[12] 2024 doi:10.1063/5.0186528 Advances in high-pressure laser floating zone growth: The Laser Optical Kristallmacher II ; [12] 2019 doi:10.1063/1.5085327 High-pressure laser floating zone furnace
"Neumann, C.",31.2,1,,"Institut für Materialphysik im Weltraum, Deutsches Zentrum für Luft- und Raumfahrt (DLR) , 51170 Köln, Germany",[26] 2019 doi:10.1063/1.5124822 ARTEC—A furnace module for directional solidification and quenching experiments in microgr
"Serianni, G.",31.0,3,,"Consorzio RFX (CNR, ENEA, INFN, UNIPD, Acciaierie Venete SpA) 1 , Corso Stati Uniti 4, 35127 Padova, Italy | Consorzio RFX 1 , Corso Stati Uniti 4, 35127 Padova, Italy",[10] 2021 doi:10.1063/5.0043226 Development and first operation of a cavity ring down spectroscopy diagnostic in the negat; [8] 2020 doi:10.1063/1.5133076 First operation in SPIDER and the path to complete MITICA; [8] 2015 doi:10.1063/1.4935209 Numerical simulations of the first operational conditions of the negative ion test facilit
"Chiba, S.",30.0,1,,"National Institutes for Quantum Science and Technology , 801-1 Mukoyama, Nakai, Ibaraki 311-0193,",[20] 2025 doi:10.1063/5.0221294 Two-color CO2 laser long-distance interference measurements with long-time stabilization i
"Legoupil, A. Y. M.",30.0,1,,"Plasma Science and Fusion Center (PSFC), Massachusetts Institute of Technology 1 , Cambridge, Massachusetts 02139,",[20] 2025 doi:10.1063/5.0273589 A cryogenic white light absorption spectroscopy setup with in situ gamma irradiation and t
"Kirby, R.",30.0,1,,"Environment, Health and Safety (EHS), Massachusetts Institute of Technology 2 , Cambridge, Massachusetts 02139,",[20] 2025 doi:10.1063/5.0273589 A cryogenic white light absorption spectroscopy setup with in situ gamma irradiation and t
"Lamere, E.",30.0,1,,"Environment, Health and Safety (EHS), Massachusetts Institute of Technology 2 , Cambridge, Massachusetts 02139,",[20] 2025 doi:10.1063/5.0273589 A cryogenic white light absorption spectroscopy setup with in situ gamma irradiation and t
"Christianson, R.",30.0,1,,"Commonwealth Fusion Systems 3 , Devens, Massachusetts 01434,",[20] 2025 doi:10.1063/5.0273589 A cryogenic white light absorption spectroscopy setup with in situ gamma irradiation and t
"Duke, O.",30.0,1,,"Commonwealth Fusion Systems 3 , Devens, Massachusetts 01434,",[20] 2025 doi:10.1063/5.0273589 A cryogenic white light absorption spectroscopy setup with in situ gamma irradiation and t
"Nguyen, A. K.",30.0,1,,"Nuclear Science and Engineering, Massachusetts Institute of Technology 4 , Cambridge, Massachusetts 02139,",[20] 2025 doi:10.1063/5.0273589 A cryogenic white light absorption spectroscopy setup with in situ gamma irradiation and t
"Short, M. P.",30.0,1,,"Nuclear Science and Engineering, Massachusetts Institute of Technology 4 , Cambridge, Massachusetts 02139, | Plasma Science and Fusion Center (PSFC), Massachusetts Institute of Technology 1 , Cambridg",[20] 2025 doi:10.1063/5.0273589 A cryogenic white light absorption spectroscopy setup with in situ gamma irradiation and t
"Feng, Bingtao",30.0,2,,"Center for High Pressure Science and Technology Advanced Research (Shanghai) 2 , Shanghai 201203, | State Key Laboratory of High Pressure and Superhard Materials, Synergetic Extreme Condition User Fac",[10] 2026 doi:10.1063/5.0319399 Thermal management and design optimization for ultrahigh-temperature–pressure experiments ; [10] 2024 doi:10.1063/5.0226018 A rapid compression large-volume press with a high pressure jump above 10 GPa within milli
"Liu, Zhaodong",30.0,2,,"College of Earth Sciences, Jilin University 2 , Changchun 130012, | State Key Laboratory of High Pressure and Superhard Materials, Synergetic Extreme Condition User Facility, College of Physics, Jilin",[10] 2026 doi:10.1063/5.0319399 Thermal management and design optimization for ultrahigh-temperature–pressure experiments ; [10] 2024 doi:10.1063/5.0226018 A rapid compression large-volume press with a high pressure jump above 10 GPa within milli
"Bassett, Will P.",29.2,2,,"School of Chemical Sciences, University of Illinois at Urbana-Champaign , Urbana, Illinois 61801, USA | University of Illinois at Urbana-Champaign School of Chemical Sciences, , 600 S. Mathews Ave., U",[18] 2016 doi:10.1063/1.4964386 Multichannel emission spectrometer for high dynamic range optical pyrometry of shock-drive; [9] 2018 doi:10.1063/1.5051357 Drop hammer with high-speed thermal imaging
"Dlott, Dana D.",29.2,2,,"School of Chemical Sciences, University of Illinois at Urbana-Champaign , Urbana, Illinois 61801, USA | University of Illinois at Urbana-Champaign School of Chemical Sciences, , 600 S. Mathews Ave., U",[18] 2016 doi:10.1063/1.4964386 Multichannel emission spectrometer for high dynamic range optical pyrometry of shock-drive; [9] 2018 doi:10.1063/1.5051357 Drop hammer with high-speed thermal imaging
"Bai, Zeqi",29.0,1,,"Department of Plasma Physics and Fusion Engineering, University of Science and Technology of China 1 , Hefei 230026,",[20] 2024 doi:10.1063/5.0212144 Measurement of electron and neutral particle densities using a two-color optical fiber int
"Zhang, Han",29.0,1,,"Department of Plasma Physics and Fusion Engineering, University of Science and Technology of China 1 , Hefei 230026,",[20] 2024 doi:10.1063/5.0212144 Measurement of electron and neutral particle densities using a two-color optical fiber int
"Mao, Zhiling",29.0,1,,"Department of Plasma Physics and Fusion Engineering, University of Science and Technology of China 1 , Hefei 230026,",[20] 2024 doi:10.1063/5.0212144 Measurement of electron and neutral particle densities using a two-color optical fiber int
"Wang, Ke",29.0,1,,"Department of Plasma Physics and Fusion Engineering, University of Science and Technology of China 1 , Hefei 230026,",[20] 2024 doi:10.1063/5.0212144 Measurement of electron and neutral particle densities using a two-color optical fiber int
"Sun, Xuan",29.0,1,,"Department of Plasma Physics and Fusion Engineering, University of Science and Technology of China 1 , Hefei 230026,",[20] 2024 doi:10.1063/5.0212144 Measurement of electron and neutral particle densities using a two-color optical fiber int
"Dong, Qilong",29.0,1,,"Department of Plasma Physics and Fusion Engineering, University of Science and Technology of China 1 , Hefei 230026,",[20] 2024 doi:10.1063/5.0212144 Measurement of electron and neutral particle densities using a two-color optical fiber int
"Zhou, Yongkang",29.0,1,,"Department of Plasma Physics and Fusion Engineering, University of Science and Technology of China 1 , Hefei 230026,",[20] 2024 doi:10.1063/5.0212144 Measurement of electron and neutral particle densities using a two-color optical fiber int
"Wang, Tianxiong",29.0,1,,"Department of Plasma Physics and Fusion Engineering, University of Science and Technology of China 1 , Hefei 230026,",[20] 2024 doi:10.1063/5.0212144 Measurement of electron and neutral particle densities using a two-color optical fiber int
"Lu, Pengcheng",29.0,1,,"Department of Plasma Physics and Fusion Engineering, University of Science and Technology of China 1 , Hefei 230026,",[20] 2024 doi:10.1063/5.0212144 Measurement of electron and neutral particle densities using a two-color optical fiber int
"Huang, Yuhua",29.0,1,,"Department of Plasma Physics and Fusion Engineering, University of Science and Technology of China 1 , Hefei 230026,",[20] 2024 doi:10.1063/5.0212144 Measurement of electron and neutral particle densities using a two-color optical fiber int
"Deng, Peng",29.0,1,,"Department of Plasma Physics and Fusion Engineering, University of Science and Technology of China 1 , Hefei 230026,",[20] 2024 doi:10.1063/5.0212144 Measurement of electron and neutral particle densities using a two-color optical fiber int
"Yang, Feng",29.0,2,,"Central Iron and Steel Research Institute 3 , Beijing 100081, China | China Academy of Launch Vehicle Technology 1 , Beijing 100076, | School of Aerospace Engineering, Huazhong University of Science a",[12] 2026 doi:10.1063/5.0295219 A testing method for aeroengine casings under high-temperature aerodynamic fatigue loads; [8] 2021 doi:10.1063/5.0053971 An actively compensated 8 nT-level magnetic shielding system for 10-m atom interferometer
"Patnaik, S.",28.8,1,,"Department of Mechanical Engineering, University of South Carolina 1 , 300 Main St., Columbia, South Carolina 29205, USA",[23] 2020 doi:10.1063/1.5119361 Experimental system for studying temperature gradient-driven fracture of oxide nuclear fue
"Lopes, D. A.",28.8,1,,"Westinghouse Electric 2 , Bränslegatan 1, 721 36 Västerås, Sweden",[23] 2020 doi:10.1063/1.5119361 Experimental system for studying temperature gradient-driven fracture of oxide nuclear fue
"Besmann, T. M.",28.8,1,,"Department of Mechanical Engineering, University of South Carolina 1 , 300 Main St., Columbia, South Carolina 29205, USA",[23] 2020 doi:10.1063/1.5119361 Experimental system for studying temperature gradient-driven fracture of oxide nuclear fue
"Spencer, B. W.",28.8,1,,"Idaho National Laboratory 3 , Idaho Falls, Idaho 83402, USA",[23] 2020 doi:10.1063/1.5119361 Experimental system for studying temperature gradient-driven fracture of oxide nuclear fue
"Knight, T. W.",28.8,1,,"Department of Mechanical Engineering, University of South Carolina 1 , 300 Main St., Columbia, South Carolina 29205, USA",[23] 2020 doi:10.1063/1.5119361 Experimental system for studying temperature gradient-driven fracture of oxide nuclear fue
"Rahman, Farhan",28.6,1,,"Department of Civil, Construction and Environmental Engineering, North Carolina State University 1 , Raleigh, North Carolina 27695, USA",[22] 2021 doi:10.1063/5.0055718 Non-contact temperature control and stereo digital image correlation for high-temperature 
"Ngaile, Gracious",28.6,1,,"Department of Mechanical and Aerospace Engineering, North Carolina State University 2 , Raleigh, North Carolina 27695, USA",[22] 2021 doi:10.1063/5.0055718 Non-contact temperature control and stereo digital image correlation for high-temperature 
"Hassan, Tasnim",28.6,1,,"Department of Civil, Construction and Environmental Engineering, North Carolina State University 1 , Raleigh, North Carolina 27695, USA",[22] 2021 doi:10.1063/5.0055718 Non-contact temperature control and stereo digital image correlation for high-temperature 
"Liu, Wenhui",28.5,1,,"State Key Laboratory of High Pressure and Superhard Materials, Jilin University 1 , Changchun,",[19] 2025 doi:10.1063/5.0290862 Ring type furnace integrated into DAC chamber for stable and uniform sample heating up to 
"Li, Weichao",28.5,1,,"School of Civil Engineering, Shijiazhuang Tiedao University 3 , Shijiazhuang,",[19] 2025 doi:10.1063/5.0290862 Ring type furnace integrated into DAC chamber for stable and uniform sample heating up to 
"Jafarizadeh-Koohbanani, A.",28.0,1,,"Institut für Materialphysik im Weltraum, Deutsches Zentrum für Luft- und Raumfahrt e.V. (DLR) 1 , Köln 51170, Germany",[20] 2023 doi:10.1063/5.0151523 X-radiography front tracking gradient furnace for directional solidification of bulk Al-al
"Frenzel, J.",28.0,1,,"Institut für Werkstoffe, Ruhr-Universität Bochum (RUB) 2 , Bochum 44780, Germany",[20] 2023 doi:10.1063/5.0151523 X-radiography front tracking gradient furnace for directional solidification of bulk Al-al
"Xu, Qiyue",28.0,2,,"College of Metrology and Measurement Engineering, China Jiliang University 1 , Xueyuan Street, No. 258, 310018 Hangzhou, China | Institute of Industry and Trade Measurement Technology, China Jiliang U","[10] 2023 doi:10.1063/5.0165929 Predictive temperature control design for reaction calorimeter based on mechanism paramete; [10] 2023 doi:10.1063/5.0141788 A millikelvin precision temperature control system designed for a low cost, portable and v"
"Ding, Jiong",28.0,2,,"College of Metrology and Measurement Engineering, China Jiliang University 1 , Xueyuan Street, No. 258, 310018 Hangzhou, China | Institute of Industry and Trade Measurement Technology, China Jiliang U","[10] 2023 doi:10.1063/5.0165929 Predictive temperature control design for reaction calorimeter based on mechanism paramete; [10] 2023 doi:10.1063/5.0141788 A millikelvin precision temperature control system designed for a low cost, portable and v"
"Wang, Wenzhuo",27.6,1,,"Key Laboratory of Instrumentation Science and Dynamic Measurement, Ministry of Education, North University of China 1 , Taiyuan, Shanxi 030051,",[19] 2024 doi:10.1063/5.0224040 C-type two-thermocouple sensor design between 1000 and 1700 °C
"Chang, Chia-Jung",27.5,1,,"Department of Electrical Engineering, National Cheng Kung University , Tainan City 70101, Taiwan",[22] 2020 doi:10.1063/5.0006019 A modified self-tuning fuzzy logic temperature controller for metal induction heating
"Chiang, Tung-Hua",27.5,1,,"Department of Electrical Engineering, National Cheng Kung University , Tainan City 70101, Taiwan",[22] 2020 doi:10.1063/5.0006019 A modified self-tuning fuzzy logic temperature controller for metal induction heating
"Hrubiak, Rostislav",27.4,2,,"High Pressure Collaborative Access Team (HPCAT), Argonne National Laboratory 1 , Lemont, Illinois 60439, | High Pressure Collaborative Access Team, Geophysical Laboratory, Carnegie Institution of Wash",[11] 2026 doi:10.1063/5.0317317 Hyperspectral radiance mapping and chromatic correction for temperature measurement in las; [9] 2018 doi:10.1063/1.5040508 A CO2 laser heating system for in situ high pressure-temperature experiments at HPCAT
"Smith, Dean",27.4,2,,"Department of Physics and Astronomy and HiPSEC, University of Nevada Las Vegas 1 , Las Vegas, Nevada 89154, USA | High Pressure Collaborative Access Team (HPCAT), Argonne National Laboratory 1 , Lemon",[11] 2026 doi:10.1063/5.0317317 Hyperspectral radiance mapping and chromatic correction for temperature measurement in las; [9] 2018 doi:10.1063/1.5040508 A CO2 laser heating system for in situ high pressure-temperature experiments at HPCAT
"Takenaka, Keisuke",27.0,1,,"Graduate School of Engineering, Osaka University 1 , 1-1 Yamadaoka, Suita, Osaka 565-0871, Japan | Joining and Welding Research Institute, Osaka University 2 , 11-1 Mihogaoka, Ibaraki, Osaka 567-0047,",[20] 2022 doi:10.1063/5.0096218 Uniformity evaluation of laser-induced periodic surface structures formed by two-color dou
"Hashida, Masaki",27.0,1,,"Institute for Chemical Research, Kyoto University 4 , Gokasyo, Uji, Kyoto 611-0011, Japan | Research Institute of Science and Technology, Tokai University 3 , 4-1-1 Kitakaname, Hiratsuka, Kanagawa 259",[20] 2022 doi:10.1063/5.0096218 Uniformity evaluation of laser-induced periodic surface structures formed by two-color dou
"Sakagami, Hitoshi",27.0,1,,"National Institute for Fusion Science 5 , Toki, Gifu 509-5292, Japan",[20] 2022 doi:10.1063/5.0096218 Uniformity evaluation of laser-induced periodic surface structures formed by two-color dou
"Masuno, Shin-ichiro",27.0,1,,"Institute for Chemical Research, Kyoto University 4 , Gokasyo, Uji, Kyoto 611-0011, Japan",[20] 2022 doi:10.1063/5.0096218 Uniformity evaluation of laser-induced periodic surface structures formed by two-color dou
"Kusaba, Mitsuhiro",27.0,1,,"Department of Electronics, Information and Communication Engineering, Osaka Sangyo University 6 , 3-1-1 Nakagaito, Daito, Osaka 574-8530, Japan",[20] 2022 doi:10.1063/5.0096218 Uniformity evaluation of laser-induced periodic surface structures formed by two-color dou
"Yamaguchi, Shigeru",27.0,1,,"Department Physics, Tokai University 7 , 1117 Kitakaname, Hiratsuka, Kanagawa 259-1292, Japan",[20] 2022 doi:10.1063/5.0096218 Uniformity evaluation of laser-induced periodic surface structures formed by two-color dou
"Iwamori, Satoru",27.0,1,,"Department of Mechanical Engineering, Tokai University 8 , 4-1-1 Kitakaname, Hiratsuka, Kanagawa 259-1292, Japan | Research Institute of Science and Technology, Tokai University 3 , 4-1-1 Kitakaname, ",[20] 2022 doi:10.1063/5.0096218 Uniformity evaluation of laser-induced periodic surface structures formed by two-color dou
"Sato, Yuji",27.0,1,,"Joining and Welding Research Institute, Osaka University 2 , 11-1 Mihogaoka, Ibaraki, Osaka 567-0047, Japan",[20] 2022 doi:10.1063/5.0096218 Uniformity evaluation of laser-induced periodic surface structures formed by two-color dou
"Tsukamoto, Masahiro",27.0,1,,"Joining and Welding Research Institute, Osaka University 2 , 11-1 Mihogaoka, Ibaraki, Osaka 567-0047, Japan",[20] 2022 doi:10.1063/5.0096218 Uniformity evaluation of laser-induced periodic surface structures formed by two-color dou
"Ivancic, S. T.",26.9,2,,"Laboratory for Laser Energetics, University of Rochester , Rochester, New York 14636, USA | University of Rochester 1 Laboratory for Laser Energetics, , Rochester, New York 14623, USA",[13] 2016 doi:10.1063/1.4960757 Design of an extreme ultraviolet spectrometer suite to characterize rapidly heated solid m; [12] 2017 doi:10.1063/1.4991511 Angular filter refractometry analysis using simulated annealing
"Froula, D. H.",26.9,2,,"Laboratory for Laser Energetics, University of Rochester , Rochester, New York 14636, USA | University of Rochester 1 Laboratory for Laser Energetics, , Rochester, New York 14623, USA | University of ",[13] 2016 doi:10.1063/1.4960757 Design of an extreme ultraviolet spectrometer suite to characterize rapidly heated solid m; [12] 2017 doi:10.1063/1.4991511 Angular filter refractometry analysis using simulated annealing
"Yildirim, C.",26.2,1,,"Experiments Division, European Synchrotron Radiation Facility 1 , 71 Avenue des Martyrs, CS40220, 38043 Grenoble Cedex 9, France | OCAS 2 , Pres. J.F. Kennedylaan 3, BE-9060 Zelzate, Belgium",[21] 2020 doi:10.1063/1.5141139 Radiation furnace for synchrotron dark-field x-ray microscopy experiments
"Vitoux, H.",26.2,1,,"Experiments Division, European Synchrotron Radiation Facility 1 , 71 Avenue des Martyrs, CS40220, 38043 Grenoble Cedex 9, France",[21] 2020 doi:10.1063/1.5141139 Radiation furnace for synchrotron dark-field x-ray microscopy experiments
"Dresselhaus-Marais, L. E.",26.2,1,,"Lawrence Livermore National Laboratory, Physics and Life Sciences, Physics Division 3 , 7000 East Avenue, L-487, Livermore, California 94550, USA",[21] 2020 doi:10.1063/1.5141139 Radiation furnace for synchrotron dark-field x-ray microscopy experiments
"Steinmann, R.",26.2,1,,"Experiments Division, European Synchrotron Radiation Facility 1 , 71 Avenue des Martyrs, CS40220, 38043 Grenoble Cedex 9, France",[21] 2020 doi:10.1063/1.5141139 Radiation furnace for synchrotron dark-field x-ray microscopy experiments
"Watier, Y.",26.2,1,,"Experiments Division, European Synchrotron Radiation Facility 1 , 71 Avenue des Martyrs, CS40220, 38043 Grenoble Cedex 9, France",[21] 2020 doi:10.1063/1.5141139 Radiation furnace for synchrotron dark-field x-ray microscopy experiments
"Cook, P. K.",26.2,1,,"Experiments Division, European Synchrotron Radiation Facility 1 , 71 Avenue des Martyrs, CS40220, 38043 Grenoble Cedex 9, France",[21] 2020 doi:10.1063/1.5141139 Radiation furnace for synchrotron dark-field x-ray microscopy experiments
"Kutsal, M.",26.2,1,,"Department of Physics, Technical University of Denmark 4 , 2800 Kgs. Lyngby, Denmark | Experiments Division, European Synchrotron Radiation Facility 1 , 71 Avenue des Martyrs, CS40220, 38043 Grenoble ",[21] 2020 doi:10.1063/1.5141139 Radiation furnace for synchrotron dark-field x-ray microscopy experiments
"Detlefs, C.",26.2,1,,"Experiments Division, European Synchrotron Radiation Facility 1 , 71 Avenue des Martyrs, CS40220, 38043 Grenoble Cedex 9, France",[21] 2020 doi:10.1063/1.5141139 Radiation furnace for synchrotron dark-field x-ray microscopy experiments
"Wang, Hao",26.2,2,,"Center for High Pressure Science and Technology Advanced Research 3 , Beijing 100094, China | National Laboratory of Solid State Microstructures and Department of Physics, Nanjing University 1 , Nanji",[10] 2025 doi:10.1063/5.0265592 Frequency tuning and stabilization of oscillator in diamagnetic levitation system; [8] 2023 doi:10.1063/5.0172530 Time-resolved Raman spectroscopy for monitoring the structural evolution of materials duri
"Lautru, Joseph",26.1,1,,"ICSM, University of Montpellier, CNRS, CEA, ENSCM 1 , Bagnols-sur-Cèze, France",[18] 2024 doi:10.1063/5.0207477 Development of a microfurnace dedicated to in situ scanning electron microscope observatio
"Lan, Shijie",26.0,1,,"Department of Plasma Physics and Fusion Engineering, University of Science and Technology of China 1 , Hefei 230026, China",[20] 2021 doi:10.1063/5.0055570 Long-time measurements of line-integrated plasma electron density using a two-color homody
"Xu, Hangqi",26.0,1,,"Department of Plasma Physics and Fusion Engineering, University of Science and Technology of China 1 , Hefei 230026, China",[20] 2021 doi:10.1063/5.0055570 Long-time measurements of line-integrated plasma electron density using a two-color homody
"Deng, Tijian",26.0,1,,"Department of Plasma Physics and Fusion Engineering, University of Science and Technology of China 1 , Hefei 230026, China",[20] 2021 doi:10.1063/5.0055570 Long-time measurements of line-integrated plasma electron density using a two-color homody
"Zhu, Junfeng",26.0,1,,"Department of Plasma Physics and Fusion Engineering, University of Science and Technology of China 1 , Hefei 230026, China",[20] 2021 doi:10.1063/5.0055570 Long-time measurements of line-integrated plasma electron density using a two-color homody
"Zu, Yiming",26.0,1,,"Department of Plasma Physics and Fusion Engineering, University of Science and Technology of China 1 , Hefei 230026, China",[20] 2021 doi:10.1063/5.0055570 Long-time measurements of line-integrated plasma electron density using a two-color homody
"Kong, Defeng",26.0,1,,"Institute of Plasma Physics, Chinese Academy of Sciences 2 , Hefei 230031, China",[20] 2021 doi:10.1063/5.0055570 Long-time measurements of line-integrated plasma electron density using a two-color homody
"Zhang, Shoubiao",26.0,1,,"Institute of Plasma Physics, Chinese Academy of Sciences 2 , Hefei 230031, China",[20] 2021 doi:10.1063/5.0055570 Long-time measurements of line-integrated plasma electron density using a two-color homody
"Yao, Yuan",26.0,1,,"Institute of Plasma Physics, Chinese Academy of Sciences 2 , Hefei 230031, China",[20] 2021 doi:10.1063/5.0055570 Long-time measurements of line-integrated plasma electron density using a two-color homody
"Yuan, Peng",26.0,1,,"Department of Plasma Physics and Fusion Engineering, University of Science and Technology of China 1 , Hefei 230026, China",[20] 2021 doi:10.1063/5.0055570 Long-time measurements of line-integrated plasma electron density using a two-color homody
"Zhou, Haiyang",26.0,1,,"Department of Plasma Physics and Fusion Engineering, University of Science and Technology of China 1 , Hefei 230026, China",[20] 2021 doi:10.1063/5.0055570 Long-time measurements of line-integrated plasma electron density using a two-color homody
"Zhang, Lifeng",26.0,1,,"Department of Automation, North China Electric Power University , Baoding 071003, China",[20] 2021 doi:10.1063/5.0059296 Image reconstruction method for electrical capacitance tomography using adaptive simulated
"Zhang, Menghan",26.0,1,,"Department of Automation, North China Electric Power University , Baoding 071003, China",[20] 2021 doi:10.1063/5.0059296 Image reconstruction method for electrical capacitance tomography using adaptive simulated
"Lu, Fucheng",26.0,1,,"School of Instrument Science and Opto-Electronics Engineering, Hefei University of Technology , Hefei 230009, Anhui, China",[20] 2021 doi:10.1063/5.0046410 Noise characterization and compensation for a charge-coupled-device-based pyrometer
"Wang, Wenjing",26.0,1,,"School of Instrument Science and Opto-Electronics Engineering, Hefei University of Technology , Hefei 230009, Anhui, China",[20] 2021 doi:10.1063/5.0046410 Noise characterization and compensation for a charge-coupled-device-based pyrometer
"Tao, Xiaojie",26.0,1,,"School of Instrument Science and Opto-Electronics Engineering, Hefei University of Technology , Hefei 230009, Anhui, China",[20] 2021 doi:10.1063/5.0046410 Noise characterization and compensation for a charge-coupled-device-based pyrometer
"Shi, Shengxian",25.7,1,,"School of Mechanical Engineering, Shanghai Jiao Tong University 1 , Shanghai 200240, China",[19] 2022 doi:10.1063/5.0119009 Design and evaluation of a light-field multi-wavelength pyrometer
"Sun, Linlin",25.7,1,,"School of Mechanical Engineering, Shanghai Jiao Tong University 1 , Shanghai 200240, China",[19] 2022 doi:10.1063/5.0119009 Design and evaluation of a light-field multi-wavelength pyrometer
"Luan, Yinsen",25.7,1,,"School of Mechanical Engineering, Shanghai Jiao Tong University 1 , Shanghai 200240, China",[19] 2022 doi:10.1063/5.0119009 Design and evaluation of a light-field multi-wavelength pyrometer
"Wang, Rui",25.7,1,,"VOMMA (Shanghai) Technology Co. Ltd 2 , Nerobay 1, 951 Jianchuan Road, Shanghai, China",[19] 2022 doi:10.1063/5.0119009 Design and evaluation of a light-field multi-wavelength pyrometer
"New, T. H.",25.7,1,,"School of Mechanical and Aerospace Engineering, Nanyang Technological University 3 , 50 Nanyang Avenue, Singapore 639798",[19] 2022 doi:10.1063/5.0119009 Design and evaluation of a light-field multi-wavelength pyrometer
"Nguyen, Luan",25.5,2,,"Department of Chemical and Petroleum Engineering, University of Kansas , Kansas 66049, USA | Department of Chemical and Petroleum Engineering, University of Kansas 1 , Lawrence, Kansas 66045, USA | De",[10] 2023 doi:10.1063/5.0083201 In situ and operando study of catalysts during high-temperature high-pressure catalysis in; [10] 2018 doi:10.1063/1.5003184 Reactor for tracking catalyst nanoparticles in liquid at high temperature under a high-pre
"Meng, Y.",25.3,1,,"HPCAT, Geophysical Laboratory, Carnegie Institute of Washington 2 , Argonne, Illinois 60439, USA",[22] 2018 doi:10.1063/1.5048784 A simple and portable multi-channel pyrometer allowing temperature measurements down to 80
"Evans, W. J.",25.3,1,,"Lawrence Livermore National Laboratory 1 , Livermore, California 94550, USA",[22] 2018 doi:10.1063/1.5048784 A simple and portable multi-channel pyrometer allowing temperature measurements down to 80
"El Bakali, Abdelmagid",25.2,1,,"Institut Clément Ader (ICA), Université de Toulouse, CNRS, IMT Mines Albi, INSA, ISAE-SUPAERO, UPS, Campus Jarlard , F-81013 Albi, France",[21] 2019 doi:10.1063/1.5116425 A fast and versatile method for spectral emissivity measurement at high temperatures
"Gilblas, Rémi",25.2,1,,"Institut Clément Ader (ICA), Université de Toulouse, CNRS, IMT Mines Albi, INSA, ISAE-SUPAERO, UPS, Campus Jarlard , F-81013 Albi, France",[21] 2019 doi:10.1063/1.5116425 A fast and versatile method for spectral emissivity measurement at high temperatures
"Pottier, Thomas",25.2,1,,"Institut Clément Ader (ICA), Université de Toulouse, CNRS, IMT Mines Albi, INSA, ISAE-SUPAERO, UPS, Campus Jarlard , F-81013 Albi, France",[21] 2019 doi:10.1063/1.5116425 A fast and versatile method for spectral emissivity measurement at high temperatures
"Le Maoult, Yannick",25.2,1,,"Institut Clément Ader (ICA), Université de Toulouse, CNRS, IMT Mines Albi, INSA, ISAE-SUPAERO, UPS, Campus Jarlard , F-81013 Albi, France",[21] 2019 doi:10.1063/1.5116425 A fast and versatile method for spectral emissivity measurement at high temperatures
"Kenney-Benson, Curtis",25.1,2,,"Carnegie Institution of Washington 1 HPCAT, Geophysical Laboratory, , 9700 S. Cass Ave., Argonne, Illinois 60439, USA | High Pressure Collaborative Access Team (HPCAT), Argonne National Laboratory 1 ,",[11] 2026 doi:10.1063/5.0317317 Hyperspectral radiance mapping and chromatic correction for temperature measurement in las; [8] 2015 doi:10.1063/1.4927227 X-ray imaging for studying behavior of liquids at high pressures and high temperatures usi
"Fat’yanov, O. V.",25.0,1,,"California Institute of Technology Division of Geological and Planetary Sciences 252-21, , Pasadena, California 91125, USA",[25] 2015 doi:10.1063/1.4932578 Contributed Review: Absolute spectral radiance calibration of fiber-optic shock-temperatur
"Asimow, P. D.",25.0,1,,"California Institute of Technology Division of Geological and Planetary Sciences 252-21, , Pasadena, California 91125, USA",[25] 2015 doi:10.1063/1.4932578 Contributed Review: Absolute spectral radiance calibration of fiber-optic shock-temperatur
"Gorynski, C.",25.0,1,,"Nanoparticle Process Technology, Department of Mechanical Engineering and CENIDE, University of Duisburg-Essen 1 , Lotharstr. 1, 47057 Duisburg, Germany",[20] 2020 doi:10.1063/1.5119059 Controlling current flow in sintering: A facile method coupling flash with spark plasma si
"Anselmi-Tamburini, U.",25.0,1,,"Department of Chemistry, University of Pavia 2 , Via Torquato Taramelli 12, 27100 Pavia, Italy",[20] 2020 doi:10.1063/1.5119059 Controlling current flow in sintering: A facile method coupling flash with spark plasma si
"Winterer, M.",25.0,1,,"Nanoparticle Process Technology, Department of Mechanical Engineering and CENIDE, University of Duisburg-Essen 1 , Lotharstr. 1, 47057 Duisburg, Germany",[20] 2020 doi:10.1063/1.5119059 Controlling current flow in sintering: A facile method coupling flash with spark plasma si
"Li, Jun",25.0,2,,"National Key Laboratory of Shock Wave and Detonation Physics 1 , Mianyang 621900, Sichuan, China | National Key Laboratory of Shock Wave and Detonation Physics, Institute of Fluid Physics, China Acade",[12] 2018 doi:10.1063/1.5007194 Simultaneous measurement of the dynamic emissivity and the radiance of the shocked Al/LiF ; [8] 2023 doi:10.1063/5.0172530 Time-resolved Raman spectroscopy for monitoring the structural evolution of materials duri
"Pasqualotto, Roberto",25.0,2,,"Consorzio RFX 1 , Corso Stati Uniti 4, 35127 Padova, Italy | Consorzio RFX 2 , Corso Stati Uniti 4, 35127 Padova, Italy",[10] 2020 doi:10.1063/1.5128900 First measurements of optical emission spectroscopy on SPIDER negative ion source; [10] 2020 doi:10.1063/1.5128562 Assessment of the SPIDER beam features by diagnostic calorimetry and thermography
"Qian, C.",25.0,2,,"Institute of Modern Physics, Chinese Academy of Sciences 1 , Lanzhou 73000, China | University of Chinese Academy of Sciences 2 , Beijing 100049, China",[10] 2021 doi:10.1063/5.0041671 Production of metallic ion beams by electron cyclotron resonance ion sources equipped with; [10] 2019 doi:10.1063/1.5128419 Production of intense uranium beams with inductive heating oven at Institute of Modern Phy
"Li, L. B.",25.0,2,,"Institute of Modern Physics, Chinese Academy of Sciences 1 , Lanzhou 73000, China",[10] 2021 doi:10.1063/5.0041671 Production of metallic ion beams by electron cyclotron resonance ion sources equipped with; [10] 2019 doi:10.1063/1.5128419 Production of intense uranium beams with inductive heating oven at Institute of Modern Phy
"Guo, J. W.",25.0,2,,"Institute of Modern Physics, Chinese Academy of Sciences 1 , Lanzhou 73000, China",[10] 2021 doi:10.1063/5.0041671 Production of metallic ion beams by electron cyclotron resonance ion sources equipped with; [10] 2019 doi:10.1063/1.5128419 Production of intense uranium beams with inductive heating oven at Institute of Modern Phy
"Huang, W.",25.0,2,,"Institute of Modern Physics, Chinese Academy of Sciences 1 , Lanzhou 73000, China | Nuclear Science Division, Lawrence Berkeley National Laboratory 3 , Berkeley, California 94720, USA | University of ",[10] 2021 doi:10.1063/5.0041671 Production of metallic ion beams by electron cyclotron resonance ion sources equipped with; [10] 2019 doi:10.1063/1.5128419 Production of intense uranium beams with inductive heating oven at Institute of Modern Phy
"Zhang, X. Z.",25.0,2,,"Institute of Modern Physics, Chinese Academy of Sciences 1 , Lanzhou 73000, China",[10] 2021 doi:10.1063/5.0041671 Production of metallic ion beams by electron cyclotron resonance ion sources equipped with; [10] 2019 doi:10.1063/1.5128419 Production of intense uranium beams with inductive heating oven at Institute of Modern Phy
"Sun, L. T.",25.0,2,,"Institute of Modern Physics, Chinese Academy of Sciences 1 , Lanzhou 73000, China | University of Chinese Academy of Sciences 2 , Beijing 100049, China",[10] 2021 doi:10.1063/5.0041671 Production of metallic ion beams by electron cyclotron resonance ion sources equipped with; [10] 2019 doi:10.1063/1.5128419 Production of intense uranium beams with inductive heating oven at Institute of Modern Phy
"Zhao, H. W.",25.0,2,,"Institute of Modern Physics, Chinese Academy of Sciences 1 , Lanzhou 73000, China | University of Chinese Academy of Sciences 2 , Beijing 100049, China",[10] 2021 doi:10.1063/5.0041671 Production of metallic ion beams by electron cyclotron resonance ion sources equipped with; [10] 2019 doi:10.1063/1.5128419 Production of intense uranium beams with inductive heating oven at Institute of Modern Phy
"Worth, Eli",24.8,1,,"Laboratory of Chemical Physics, NIDDK, NIH , Bethesda, Maryland 20892,",[16] 2026 doi:10.1063/5.0304183 Rapid and precise temperature control of samples flowing through a capillary from −20 to 1
"Stadnytskyi, Valentyn",24.8,1,,"Laboratory of Chemical Physics, NIDDK, NIH , Bethesda, Maryland 20892,",[16] 2026 doi:10.1063/5.0304183 Rapid and precise temperature control of samples flowing through a capillary from −20 to 1
"Cho, Hyun Sun",24.8,1,,"Laboratory of Chemical Physics, NIDDK, NIH , Bethesda, Maryland 20892,",[16] 2026 doi:10.1063/5.0304183 Rapid and precise temperature control of samples flowing through a capillary from −20 to 1
"Schotte, Friedrich",24.8,1,,"Laboratory of Chemical Physics, NIDDK, NIH , Bethesda, Maryland 20892,",[16] 2026 doi:10.1063/5.0304183 Rapid and precise temperature control of samples flowing through a capillary from −20 to 1
"Anfinrud, Philip",24.8,1,,"Laboratory of Chemical Physics, NIDDK, NIH , Bethesda, Maryland 20892,",[16] 2026 doi:10.1063/5.0304183 Rapid and precise temperature control of samples flowing through a capillary from −20 to 1
"Kjeldbjerg, Christian",24.8,1,,"IMFUFA, Department of Science and Environment, Roskilde University 1 , Roskilde DK-4000,",[16] 2026 doi:10.1063/5.0328935 Solvothermal vapor annealing and environmental control setup with adjustable magnetic fiel
"Jakobsen, Bo",24.8,1,,"IMFUFA, Department of Science and Environment, Roskilde University 1 , Roskilde DK-4000,",[16] 2026 doi:10.1063/5.0328935 Solvothermal vapor annealing and environmental control setup with adjustable magnetic fiel
"Varón, Miriam",24.8,1,,"Department of Physics, Technical University of Denmark 2 , Lyngby DK-2800,",[16] 2026 doi:10.1063/5.0328935 Solvothermal vapor annealing and environmental control setup with adjustable magnetic fiel
"Lefmann, Kim",24.8,1,,"Nanoscience Center, Niels Bohr Institute, University of Copenhagen 3 , Copenhagen Ø DK-2100,",[16] 2026 doi:10.1063/5.0328935 Solvothermal vapor annealing and environmental control setup with adjustable magnetic fiel
"Posselt, Dorthe",24.8,1,,"FRUSTMI, IMFUFA, Department of Science and Environment, Roskilde University 4 , Roskilde DK-4000,",[16] 2026 doi:10.1063/5.0328935 Solvothermal vapor annealing and environmental control setup with adjustable magnetic fiel
"Vlasov, Maxim I.",24.8,1,,"Institute of High Temperature Electrochemistry UB RAS , Akademicheskaya St., Bld. 20, Yekaterinburg, Sverdlovsk Region 620066,",[16] 2026 doi:10.1063/5.0296055 Custom-designed spectrophotometry system for optical absorption measurements of highly cor
"Chernyshev, Savely V.",24.8,1,,"Institute of High Temperature Electrochemistry UB RAS , Akademicheskaya St., Bld. 20, Yekaterinburg, Sverdlovsk Region 620066,",[16] 2026 doi:10.1063/5.0296055 Custom-designed spectrophotometry system for optical absorption measurements of highly cor
"Zaikov, Yury P.",24.8,1,,"Institute of High Temperature Electrochemistry UB RAS , Akademicheskaya St., Bld. 20, Yekaterinburg, Sverdlovsk Region 620066,",[16] 2026 doi:10.1063/5.0296055 Custom-designed spectrophotometry system for optical absorption measurements of highly cor
"Tan, Jingkao",24.8,1,,"State Key Laboratory of Multiphase Flow in Power Engineering, Xi’an Jiaotong University 1 , Xi’an 710049,",[16] 2026 doi:10.1063/5.0301229 An acousto-optic coupled method for temperature field reconstruction in high gradient flam
"Li, Na",24.8,1,,"State Key Laboratory of Multiphase Flow in Power Engineering, Xi’an Jiaotong University 1 , Xi’an 710049,",[16] 2026 doi:10.1063/5.0301229 An acousto-optic coupled method for temperature field reconstruction in high gradient flam
"Zhou, Qulan",24.8,1,,"State Key Laboratory of Multiphase Flow in Power Engineering, Xi’an Jiaotong University 1 , Xi’an 710049,",[16] 2026 doi:10.1063/5.0301229 An acousto-optic coupled method for temperature field reconstruction in high gradient flam
"Chen, Lehang",24.8,1,,"State Key Laboratory of Multiphase Flow in Power Engineering, Xi’an Jiaotong University 1 , Xi’an 710049,",[16] 2026 doi:10.1063/5.0301229 An acousto-optic coupled method for temperature field reconstruction in high gradient flam
"Yu, Junbo",24.8,1,,"State Key Laboratory of Multiphase Flow in Power Engineering, Xi’an Jiaotong University 1 , Xi’an 710049,",[16] 2026 doi:10.1063/5.0301229 An acousto-optic coupled method for temperature field reconstruction in high gradient flam
"Zhou, Jie",24.8,1,,"Xi’an Aerospace Propulsion Institute 2 , Xi’an 710100,",[16] 2026 doi:10.1063/5.0301229 An acousto-optic coupled method for temperature field reconstruction in high gradient flam
"Kobayashi, S.",24.7,2,,"Institute of Advanced Energy, Kyoto University 2 , Kyoto 606-8501, | Japan Synchrotron Radiation Research Institute , Sayo, Hyogo, Japan",[9] 2025 doi:10.1063/5.0231450 Measurement of x-ray bremsstrahlung radiation from high energy electrons by stochastic acc; [8] 2023 doi:10.1063/5.0150091 In situ high temperature powder x-ray diffraction technique using a sapphire single-crysta
"Barbisan, Marco",24.5,2,,"Consorzio RFX 1 , Corso Stati Uniti 4, 35127 Padova, Italy | Consorzio RFX 2 , Corso Stati Uniti 4, 35127 Padova, Italy",[10] 2020 doi:10.1063/1.5128900 First measurements of optical emission spectroscopy on SPIDER negative ion source; [10] 2019 doi:10.1063/1.5128620 Design and comparison of the Cs ovens for the test facilities ELISE and SPIDER
"Hossack, A. C.",24.3,1,,"Department of Aeronautics and Astronautics, University of Washington 1 , Seattle, Washington 98195, USA","[18] 2022 doi:10.1063/5.0097459 A multi-chord, two-color interferometer using Hilbert transform phase detection for measur"
"Morgan, K. D.",24.3,1,,"Department of Aeronautics and Astronautics, University of Washington 1 , Seattle, Washington 98195, USA","[18] 2022 doi:10.1063/5.0097459 A multi-chord, two-color interferometer using Hilbert transform phase detection for measur"
"Hansen, C. J.",24.3,1,,"Department of Aeronautics and Astronautics, University of Washington 1 , Seattle, Washington 98195, USA","[18] 2022 doi:10.1063/5.0097459 A multi-chord, two-color interferometer using Hilbert transform phase detection for measur"
"Sutherland, D. A.",24.3,1,,"CTFusion, Inc. 2 , Seattle, Washington 98121, USA","[18] 2022 doi:10.1063/5.0097459 A multi-chord, two-color interferometer using Hilbert transform phase detection for measur"
"Hirayama, Y.",24.0,1,,"Wako Nuclear Science Center (WNSC), Institute of Particle and Nuclear Studies (IPNS), High Energy Accelerator Research Organization (KEK) 1 , Saitama 351-0198, Japan",[20] 2019 doi:10.1063/1.5124444 Efficient two-color two-step laser ionization schemes of λ1 ∼ 250 nm and λ2 = 307.9 nm for
"Mukai, M.",24.0,1,,"Graduate School of Pure and Applied Sciences, University of Tsukuba 2 , Ibaraki 305-0006, Japan",[20] 2019 doi:10.1063/1.5124444 Efficient two-color two-step laser ionization schemes of λ1 ∼ 250 nm and λ2 = 307.9 nm for
"Watanabe, Y. X.",24.0,1,,"Wako Nuclear Science Center (WNSC), Institute of Particle and Nuclear Studies (IPNS), High Energy Accelerator Research Organization (KEK) 1 , Saitama 351-0198, Japan",[20] 2019 doi:10.1063/1.5124444 Efficient two-color two-step laser ionization schemes of λ1 ∼ 250 nm and λ2 = 307.9 nm for
"Oyaizu, M.",24.0,1,,"Wako Nuclear Science Center (WNSC), Institute of Particle and Nuclear Studies (IPNS), High Energy Accelerator Research Organization (KEK) 1 , Saitama 351-0198, Japan",[20] 2019 doi:10.1063/1.5124444 Efficient two-color two-step laser ionization schemes of λ1 ∼ 250 nm and λ2 = 307.9 nm for
"Jeong, S. C.",24.0,1,,"Rare Isotope Science Project, Institute for Basic Science (IBS) 3 , Daejeon 305-811, South Korea",[20] 2019 doi:10.1063/1.5124444 Efficient two-color two-step laser ionization schemes of λ1 ∼ 250 nm and λ2 = 307.9 nm for
"Kakiguchi, Y.",24.0,1,,"Wako Nuclear Science Center (WNSC), Institute of Particle and Nuclear Studies (IPNS), High Energy Accelerator Research Organization (KEK) 1 , Saitama 351-0198, Japan",[20] 2019 doi:10.1063/1.5124444 Efficient two-color two-step laser ionization schemes of λ1 ∼ 250 nm and λ2 = 307.9 nm for
"Schury, P.",24.0,1,,"Wako Nuclear Science Center (WNSC), Institute of Particle and Nuclear Studies (IPNS), High Energy Accelerator Research Organization (KEK) 1 , Saitama 351-0198, Japan",[20] 2019 doi:10.1063/1.5124444 Efficient two-color two-step laser ionization schemes of λ1 ∼ 250 nm and λ2 = 307.9 nm for
"Wada, M.",24.0,1,,"Wako Nuclear Science Center (WNSC), Institute of Particle and Nuclear Studies (IPNS), High Energy Accelerator Research Organization (KEK) 1 , Saitama 351-0198, Japan",[20] 2019 doi:10.1063/1.5124444 Efficient two-color two-step laser ionization schemes of λ1 ∼ 250 nm and λ2 = 307.9 nm for
"Miyatake, H.",24.0,1,,"Wako Nuclear Science Center (WNSC), Institute of Particle and Nuclear Studies (IPNS), High Energy Accelerator Research Organization (KEK) 1 , Saitama 351-0198, Japan",[20] 2019 doi:10.1063/1.5124444 Efficient two-color two-step laser ionization schemes of λ1 ∼ 250 nm and λ2 = 307.9 nm for
"Larichev, Mikhail N.",24.0,1,,"Talrose Institute for Energy Problems of Chemical Physics, Russian Academy of Sciences, Moscow 119334, Russia",[20] 2019 doi:10.1063/1.5063447 Application of two-color pyrometer for studying of flying luminous particles: Products of 
"Belyaev, Grigori E.",24.0,1,,"Joint Institute for High Temperatures, Russian Academy of Sciences, Moscow 125412, Russia | Talrose Institute for Energy Problems of Chemical Physics, Russian Academy of Sciences, Moscow 119334, Russi",[20] 2019 doi:10.1063/1.5063447 Application of two-color pyrometer for studying of flying luminous particles: Products of 
"Stepanov, Ilya G.",24.0,1,,"Talrose Institute for Energy Problems of Chemical Physics, Russian Academy of Sciences, Moscow 119334, Russia",[20] 2019 doi:10.1063/1.5063447 Application of two-color pyrometer for studying of flying luminous particles: Products of 
"Velichko, Alexander M.",24.0,1,,"Talrose Institute for Energy Problems of Chemical Physics, Russian Academy of Sciences, Moscow 119334, Russia",[20] 2019 doi:10.1063/1.5063447 Application of two-color pyrometer for studying of flying luminous particles: Products of 
"Du, Shaohui",23.8,1,,"Institute of Modern Physics, Chinese Academy of Sciences 1 , Lanzhou 730000, China | University of Chinese Academy of Sciences 2 , Beijing 100049, China",[17] 2023 doi:10.1063/5.0161008 Measurement and optimization of the beam coupling impedance of a novel 3D-printed titanium
"Liu, Jie",23.8,1,,"Institute of Modern Physics, Chinese Academy of Sciences 1 , Lanzhou 730000, China",[17] 2023 doi:10.1063/5.0161008 Measurement and optimization of the beam coupling impedance of a novel 3D-printed titanium
"Zhu, Guangyu",23.8,1,,"Institute of Modern Physics, Chinese Academy of Sciences 1 , Lanzhou 730000, China | University of Chinese Academy of Sciences 2 , Beijing 100049, China",[17] 2023 doi:10.1063/5.0161008 Measurement and optimization of the beam coupling impedance of a novel 3D-printed titanium
"Yang, Jiancheng",23.8,1,,"Institute of Modern Physics, Chinese Academy of Sciences 1 , Lanzhou 730000, China | University of Chinese Academy of Sciences 2 , Beijing 100049, China",[17] 2023 doi:10.1063/5.0161008 Measurement and optimization of the beam coupling impedance of a novel 3D-printed titanium
"Jiao, Jiqiang",23.8,1,,"Institute of Modern Physics, Chinese Academy of Sciences 1 , Lanzhou 730000, China",[17] 2023 doi:10.1063/5.0161008 Measurement and optimization of the beam coupling impedance of a novel 3D-printed titanium
"Zhang, Xiang",23.8,1,,"Institute of Modern Physics, Chinese Academy of Sciences 1 , Lanzhou 730000, China",[17] 2023 doi:10.1063/5.0161008 Measurement and optimization of the beam coupling impedance of a novel 3D-printed titanium
"Shen, Guodong",23.8,1,,"Institute of Modern Physics, Chinese Academy of Sciences 1 , Lanzhou 730000, China | University of Chinese Academy of Sciences 2 , Beijing 100049, China",[17] 2023 doi:10.1063/5.0161008 Measurement and optimization of the beam coupling impedance of a novel 3D-printed titanium
"Wu, Junxia",23.8,1,,"Institute of Modern Physics, Chinese Academy of Sciences 1 , Lanzhou 730000, China | University of Chinese Academy of Sciences 2 , Beijing 100049, China",[17] 2023 doi:10.1063/5.0161008 Measurement and optimization of the beam coupling impedance of a novel 3D-printed titanium
"Luo, Cheng",23.8,1,,"Institute of Modern Physics, Chinese Academy of Sciences 1 , Lanzhou 730000, China | University of Chinese Academy of Sciences 2 , Beijing 100049, China",[17] 2023 doi:10.1063/5.0161008 Measurement and optimization of the beam coupling impedance of a novel 3D-printed titanium
"Meng, Jun",23.8,1,,"Institute of Modern Physics, Chinese Academy of Sciences 1 , Lanzhou 730000, China | University of Chinese Academy of Sciences 2 , Beijing 100049, China",[17] 2023 doi:10.1063/5.0161008 Measurement and optimization of the beam coupling impedance of a novel 3D-printed titanium
"Kneschaurek, Ekaterina",23.8,1,,"Institute of Applied Physics, University of Tübingen 1 , 72076 Tübingen, Germany",[17] 2023 doi:10.1063/5.0149613 Compact sample environment for in situ X-ray scattering during spin-coating
"Hinderhofer, Alexander",23.8,1,,"Institute of Applied Physics, University of Tübingen 1 , 72076 Tübingen, Germany",[17] 2023 doi:10.1063/5.0149613 Compact sample environment for in situ X-ray scattering during spin-coating
"Hofferberth, Bernd",23.8,1,,"Institute of Applied Physics, University of Tübingen 1 , 72076 Tübingen, Germany",[17] 2023 doi:10.1063/5.0149613 Compact sample environment for in situ X-ray scattering during spin-coating
"Scheffczyk, Niels",23.8,1,,"Institute of Applied Physics, University of Tübingen 1 , 72076 Tübingen, Germany",[17] 2023 doi:10.1063/5.0149613 Compact sample environment for in situ X-ray scattering during spin-coating
"Pithan, Linus",23.8,1,,"Institute of Applied Physics, University of Tübingen 1 , 72076 Tübingen, Germany",[17] 2023 doi:10.1063/5.0149613 Compact sample environment for in situ X-ray scattering during spin-coating
"Zimmermann, Paul",23.8,1,,"Institute of Applied Physics, University of Tübingen 1 , 72076 Tübingen, Germany",[17] 2023 doi:10.1063/5.0149613 Compact sample environment for in situ X-ray scattering during spin-coating
"Merten, Lena",23.8,1,,"Institute of Applied Physics, University of Tübingen 1 , 72076 Tübingen, Germany",[17] 2023 doi:10.1063/5.0149613 Compact sample environment for in situ X-ray scattering during spin-coating
"Bertram, Florian",23.8,1,,"Deutsches Elektronen-Synchrotron DESY 2 , Notkestr. 85, 22607 Hamburg, Germany",[17] 2023 doi:10.1063/5.0149613 Compact sample environment for in situ X-ray scattering during spin-coating
"Schreiber, Frank",23.8,1,,"Institute of Applied Physics, University of Tübingen 1 , 72076 Tübingen, Germany",[17] 2023 doi:10.1063/5.0149613 Compact sample environment for in situ X-ray scattering during spin-coating
"Prat, Alain",23.7,2,,"Institut Néel, UPR 2940 CNRS - Université Grenoble Alpes 1 , Grenoble F-38000, France | Institut Néel, UPR 2940 CNRS–Université Grenoble Alpes 2 , F-38000 Grenoble, France",[10] 2024 doi:10.1063/5.0202557 Novel high-pressure/high-temperature reactor cell for in situ and operando x-ray absorptio; [8] 2018 doi:10.1063/1.4998929 A new high temperature reactor for operando XAS: Application for the dry reforming of meth
"Ould-Chikh, Samy",23.7,2,,"KAUST Catalysis Center (KCC), King Abdullah University of Science and Technology (KAUST) 2 , Thuwal 23955, Saudi Arabia | King Abdullah University of Science and Technology (KAUST), KAUST Catalysis Ce",[10] 2024 doi:10.1063/5.0202557 Novel high-pressure/high-temperature reactor cell for in situ and operando x-ray absorptio; [8] 2018 doi:10.1063/1.4998929 A new high temperature reactor for operando XAS: Application for the dry reforming of meth
"Lahera, Eric",23.7,2,,"OSUG, UAR 832 CNRS - Université Grenoble Alpes 3 , F-38041 Grenoble, France | OSUG, UMS 832 CNRS-Université Grenoble Alpes 3 , F-38041 Grenoble, France",[10] 2024 doi:10.1063/5.0202557 Novel high-pressure/high-temperature reactor cell for in situ and operando x-ray absorptio; [8] 2018 doi:10.1063/1.4998929 A new high temperature reactor for operando XAS: Application for the dry reforming of meth
"Proux, Olivier",23.7,2,,"OSUG, UAR 832 CNRS - Université Grenoble Alpes 3 , F-38041 Grenoble, France | OSUG, UMS 832 CNRS-Université Grenoble Alpes 3 , F-38041 Grenoble, France",[10] 2024 doi:10.1063/5.0202557 Novel high-pressure/high-temperature reactor cell for in situ and operando x-ray absorptio; [8] 2018 doi:10.1063/1.4998929 A new high temperature reactor for operando XAS: Application for the dry reforming of meth
"Delnet, William",23.7,2,,"OSUG, UAR 832 CNRS - Université Grenoble Alpes 3 , F-38041 Grenoble, France | OSUG, UMS 832 CNRS-Université Grenoble Alpes 3 , F-38041 Grenoble, France",[10] 2024 doi:10.1063/5.0202557 Novel high-pressure/high-temperature reactor cell for in situ and operando x-ray absorptio; [8] 2018 doi:10.1063/1.4998929 A new high temperature reactor for operando XAS: Application for the dry reforming of meth
"Kieffer, Isabelle",23.7,2,,"OSUG, UAR 832 CNRS - Université Grenoble Alpes 3 , F-38041 Grenoble, France | OSUG, UMS 832 CNRS-Université Grenoble Alpes 3 , F-38041 Grenoble, France",[10] 2024 doi:10.1063/5.0202557 Novel high-pressure/high-temperature reactor cell for in situ and operando x-ray absorptio; [8] 2018 doi:10.1063/1.4998929 A new high temperature reactor for operando XAS: Application for the dry reforming of meth
"Hazemann, Jean-Louis",23.7,2,,"Institut Néel, UPR 2940 CNRS - Université Grenoble Alpes 1 , Grenoble F-38000, France | Institut Néel, UPR 2940 CNRS–Université Grenoble Alpes 2 , F-38000 Grenoble, France",[10] 2024 doi:10.1063/5.0202557 Novel high-pressure/high-temperature reactor cell for in situ and operando x-ray absorptio; [8] 2018 doi:10.1063/1.4998929 A new high temperature reactor for operando XAS: Application for the dry reforming of meth
"Nocente, M.",23.5,2,,"Consiglio Nazionale delle Ricerche 3 Istituto di Fisica del Plasma “P. Caldirola,” , Milano, Italy | Culham Science Centre 1 EUROfusion Consortium, JET, , Abingdon, OX14 3DB, United Kingdom | Dipartim",[12] 2015 doi:10.1063/1.4931755 Fast ion energy distribution from third harmonic radio frequency heating measured with a s; [10] 2018 doi:10.1063/1.5036823 Neutron measurements at the ELISE neutral beam test facility and implications for neutron 
"Tardocchi, M.",23.5,2,,"Consiglio Nazionale delle Ricerche 3 Istituto di Fisica del Plasma “P. Caldirola,” , Milano, Italy | Culham Science Centre 1 EUROfusion Consortium, JET, , Abingdon, OX14 3DB, United Kingdom | Istituto",[12] 2015 doi:10.1063/1.4931755 Fast ion energy distribution from third harmonic radio frequency heating measured with a s; [10] 2018 doi:10.1063/1.5036823 Neutron measurements at the ELISE neutral beam test facility and implications for neutron 
"Muraro, A.",23.5,2,,"Consiglio Nazionale delle Ricerche 3 Istituto di Fisica del Plasma “P. Caldirola,” , Milano, Italy | Culham Science Centre 1 EUROfusion Consortium, JET, , Abingdon, OX14 3DB, United Kingdom | Istituto",[12] 2015 doi:10.1063/1.4931755 Fast ion energy distribution from third harmonic radio frequency heating measured with a s; [10] 2018 doi:10.1063/1.5036823 Neutron measurements at the ELISE neutral beam test facility and implications for neutron 
"Rebai, M.",23.5,2,,"Consiglio Nazionale delle Ricerche 3 Istituto di Fisica del Plasma “P. Caldirola,” , Milano, Italy | Culham Science Centre 1 EUROfusion Consortium, JET, , Abingdon, OX14 3DB, United Kingdom | Istituto",[12] 2015 doi:10.1063/1.4931755 Fast ion energy distribution from third harmonic radio frequency heating measured with a s; [10] 2018 doi:10.1063/1.5036823 Neutron measurements at the ELISE neutral beam test facility and implications for neutron 
"Gorini, G.",23.5,2,,"Consiglio Nazionale delle Ricerche 3 Istituto di Fisica del Plasma “P. Caldirola,” , Milano, Italy | Culham Science Centre 1 EUROfusion Consortium, JET, , Abingdon, OX14 3DB, United Kingdom | Dipartim",[12] 2015 doi:10.1063/1.4931755 Fast ion energy distribution from third harmonic radio frequency heating measured with a s; [10] 2018 doi:10.1063/1.5036823 Neutron measurements at the ELISE neutral beam test facility and implications for neutron 
"Roy, Amitava",23.5,2,,"Center for Advanced Microstructures and Devices, Louisiana State University 3 , Baton Rouge, Louisiana 70803, | Variable Energy Cyclotron Centre , 1/AF Bidhan Nagar, Kolkata 700064, India","[10] 2024 doi:10.1063/5.0213480 Demonstration of a container-less method for investigating high-temperature alloy properti; [9] 2015 doi:10.1063/1.4915318 Implementation of EPICS based vacuum control system for variable energy cyclotron centre, "
"Dobson, David P.",23.4,1,,"Department of Earth Sciences, University College London , Gower Street, London WC1E 6BT, United Kingdom",[18] 2021 doi:10.1063/5.0044780 The tungsten carbide–carbon monoxide–tungsten buffer and its use for synthesizing iron-bea
"Ishii, Takayuki",23.4,2,,"Bayerisches Geoinstitut, University of Bayreuth 1 , 95440 Bayreuth, Germany | Center for High Pressure Science and Technology Advanced Research 2 , Beijing 100094, China | Center for High Pressure Sci",[10] 2021 doi:10.1063/5.0062525 A simplified rapid-quench multi-anvil technique; [8] 2021 doi:10.1063/5.0059279 Simultaneous generation of ultrahigh pressure and temperature to 50 GPa and 3300 K in mult
"Chanyshev, Artem",23.4,2,,"Bayerisches Geoinstitut, University of Bayreuth 1 , 95440 Bayreuth, Germany | Bayerisches Geoinstitut, University of Bayreuth 1 , Universitätsstraße 30, 95447 Bayreuth, Germany | Deutsche Elektronen-S",[10] 2021 doi:10.1063/5.0062525 A simplified rapid-quench multi-anvil technique; [8] 2021 doi:10.1063/5.0059279 Simultaneous generation of ultrahigh pressure and temperature to 50 GPa and 3300 K in mult
Subodh,23.2,1,,"Department of Physics, Panjab University 1 , Chandigarh 160014, India",[16] 2024 doi:10.1063/5.0213676 Role of an in-house designed crucible in the fabrication of isotopically enriched 28Si tar
"S. R., Abhilash",23.2,1,,"Inter University Accelerator Center 2 , Aruna Asaf Ali Marg, New Delhi 110067, India",[16] 2024 doi:10.1063/5.0213676 Role of an in-house designed crucible in the fabrication of isotopically enriched 28Si tar
"Sharma, Madan",23.2,1,,"Indian Institute of Technology 3 , New Delhi 110016, India",[16] 2024 doi:10.1063/5.0213676 Role of an in-house designed crucible in the fabrication of isotopically enriched 28Si tar
"Kapil, Ashutosh",23.2,1,,"Department of Physics, Panjab University 1 , Chandigarh 160014, India",[16] 2024 doi:10.1063/5.0213676 Role of an in-house designed crucible in the fabrication of isotopically enriched 28Si tar
"Singh, R. P.",23.2,1,,"Inter University Accelerator Center 2 , Aruna Asaf Ali Marg, New Delhi 110067, India",[16] 2024 doi:10.1063/5.0213676 Role of an in-house designed crucible in the fabrication of isotopically enriched 28Si tar
"Behera, B. R.",23.2,1,,"Department of Physics, Panjab University 1 , Chandigarh 160014, India",[16] 2024 doi:10.1063/5.0213676 Role of an in-house designed crucible in the fabrication of isotopically enriched 28Si tar
"Zhang, Yan",23.0,1,,"School of Instrument Science and Opto-Electronics Engineering, Hefei University of Technology , Hefei 230009, China",[20] 2018 doi:10.1063/1.5034233 Research on the normal spectral band emissivity of tungsten between 150 and 500 °C
"Ji, Feng",23.0,1,,"School of Instrument Science and Opto-Electronics Engineering, Hefei University of Technology , Hefei 230009, China",[20] 2018 doi:10.1063/1.5034233 Research on the normal spectral band emissivity of tungsten between 150 and 500 °C
"Lu, Rongsheng",23.0,1,,"School of Instrument Science and Opto-Electronics Engineering, Hefei University of Technology , Hefei 230009, China",[20] 2018 doi:10.1063/1.5034233 Research on the normal spectral band emissivity of tungsten between 150 and 500 °C
"Barbisan, M.",23.0,2,,"Consorzio RFX (CNR, ENEA, INFN, UNIPD, Acciaierie Venete SpA) 1 , Corso Stati Uniti 4, 35127 Padova, Italy | Consorzio RFX 1 , Corso Stati Uniti 4, 35127 Padova, Italy",[10] 2021 doi:10.1063/5.0043226 Development and first operation of a cavity ring down spectroscopy diagnostic in the negat; [8] 2020 doi:10.1063/1.5133076 First operation in SPIDER and the path to complete MITICA
"Taliercio, C.",23.0,2,,"Consorzio RFX (CNR, ENEA, INFN, UNIPD, Acciaierie Venete SpA) 1 , Corso Stati Uniti 4, 35127 Padova, Italy | Consorzio RFX 1 , Corso Stati Uniti 4, 35127 Padova, Italy",[10] 2021 doi:10.1063/5.0043226 Development and first operation of a cavity ring down spectroscopy diagnostic in the negat; [8] 2020 doi:10.1063/1.5133076 First operation in SPIDER and the path to complete MITICA
"Fei, Hongzhan",23.0,2,,"Bayerisches Geoinstitut, University of Bayreuth , D95447 Bayreuth, Germany | Bayerisches Geoinstitut, University of Bayreuth 1 , Universitätsstraße 30, 95447 Bayreuth, Germany",[10] 2021 doi:10.1063/5.0062525 A simplified rapid-quench multi-anvil technique; [8] 2020 doi:10.1063/5.0005936 A rapid-quench technique for multi-anvil high-pressure-temperature experiments
"Withers, Anthony C.",23.0,2,,"Bayerisches Geoinstitut, University of Bayreuth , D95447 Bayreuth, Germany | Bayerisches Geoinstitut, University of Bayreuth 1 , Universitätsstraße 30, 95447 Bayreuth, Germany",[10] 2021 doi:10.1063/5.0062525 A simplified rapid-quench multi-anvil technique; [8] 2020 doi:10.1063/5.0005936 A rapid-quench technique for multi-anvil high-pressure-temperature experiments
"Yuan, Zeye",23.0,1,,"Henan Key Laboratory of Infrared Materials and Spectrum Measures and Applications, School of Physics, Henan Normal University , Xinxiang, Henan 453007, People’s Republic of China",[17] 2022 doi:10.1063/5.0073459 New directional spectral emissivity measurement apparatus simultaneously collecting the bl
"Yu, Kun",23.0,1,,"Henan Key Laboratory of Infrared Materials and Spectrum Measures and Applications, School of Physics, Henan Normal University , Xinxiang, Henan 453007, People’s Republic of China",[17] 2022 doi:10.1063/5.0073459 New directional spectral emissivity measurement apparatus simultaneously collecting the bl
"Li, Longfei",23.0,1,,"Henan Key Laboratory of Infrared Materials and Spectrum Measures and Applications, School of Physics, Henan Normal University , Xinxiang, Henan 453007, People’s Republic of China",[17] 2022 doi:10.1063/5.0073459 New directional spectral emissivity measurement apparatus simultaneously collecting the bl
"Wang, Gangquan",23.0,1,,"Henan Key Laboratory of Infrared Materials and Spectrum Measures and Applications, School of Physics, Henan Normal University , Xinxiang, Henan 453007, People’s Republic of China",[17] 2022 doi:10.1063/5.0073459 New directional spectral emissivity measurement apparatus simultaneously collecting the bl
"Zhang, Kaihua",23.0,1,,"Henan Key Laboratory of Infrared Materials and Spectrum Measures and Applications, School of Physics, Henan Normal University , Xinxiang, Henan 453007, People’s Republic of China",[17] 2022 doi:10.1063/5.0073459 New directional spectral emissivity measurement apparatus simultaneously collecting the bl
"Liu, Yufang",23.0,1,,"Henan Key Laboratory of Infrared Materials and Spectrum Measures and Applications, School of Physics, Henan Normal University , Xinxiang, Henan 453007, People’s Republic of China",[17] 2022 doi:10.1063/5.0073459 New directional spectral emissivity measurement apparatus simultaneously collecting the bl
"Sondermann, E.",22.5,1,,"Institut für Materialphysik im Weltraum, Deutsches Zentrum für Luft- und Raumfahrt 1 , 51170 Köln, Germany",[18] 2020 doi:10.1063/1.5124548 XRISE-M: X-radiography facility for solidification and diffusion studies of alloys aboard 
"Ma, Jinyao",22.5,1,,"Institute of Microstructure and Property of Advanced Materials, Beijing University of Technology 1 , Beijing 100124, China",[18] 2020 doi:10.1063/1.5142807 A novel instrument for investigating the dynamic microstructure evolution of high temperat
"Lu, Junxia",22.5,1,,"Institute of Laser Engineering, Beijing University of Technology 2 , Beijing 100124, China",[18] 2020 doi:10.1063/1.5142807 A novel instrument for investigating the dynamic microstructure evolution of high temperat
"Tang, Liang",22.5,1,,"Institute of Microstructure and Property of Advanced Materials, Beijing University of Technology 1 , Beijing 100124, China",[18] 2020 doi:10.1063/1.5142807 A novel instrument for investigating the dynamic microstructure evolution of high temperat
"Sang, Lijun",22.5,1,,"Institute of Microstructure and Property of Advanced Materials, Beijing University of Technology 1 , Beijing 100124, China",[18] 2020 doi:10.1063/1.5142807 A novel instrument for investigating the dynamic microstructure evolution of high temperat
"Zhang, Yuefei",22.5,1,,"Institute of Microstructure and Property of Advanced Materials, Beijing University of Technology 1 , Beijing 100124, China",[18] 2020 doi:10.1063/1.5142807 A novel instrument for investigating the dynamic microstructure evolution of high temperat
"Zhang, Ze",22.5,1,,"Institute of Microstructure and Property of Advanced Materials, Beijing University of Technology 1 , Beijing 100124, China | School of Materials Science and Engineering, Zhejiang University 3 , 310027",[18] 2020 doi:10.1063/1.5142807 A novel instrument for investigating the dynamic microstructure evolution of high temperat
"Brombin, Matteo",22.5,2,,"Consorzio RFX (CNR, ENEA, INFN, Università di Padova, Acciaierie Venete S.p.A.) 1 , C. Stati Uniti 4, 35127 Padova, Italy | Consorzio RFX 2 , Corso Stati Uniti 4, 35127 Padova, Italy",[10] 2020 doi:10.1063/1.5128562 Assessment of the SPIDER beam features by diagnostic calorimetry and thermography; [8] 2020 doi:10.1063/1.5129650 Design and development of an Allison type emittance scanner for the SPIDER ion source
"Serianni, Gianluigi",22.5,2,,"Consorzio RFX (CNR, ENEA, INFN, Università di Padova, Acciaierie Venete S.p.A.) 1 , C. Stati Uniti 4, 35127 Padova, Italy | Consorzio RFX 2 , Corso Stati Uniti 4, 35127 Padova, Italy",[10] 2020 doi:10.1063/1.5128562 Assessment of the SPIDER beam features by diagnostic calorimetry and thermography; [8] 2020 doi:10.1063/1.5129650 Design and development of an Allison type emittance scanner for the SPIDER ion source
"Tollin, Marco",22.5,2,,"Consorzio RFX (CNR, ENEA, INFN, Università di Padova, Acciaierie Venete S.p.A.) 1 , C. Stati Uniti 4, 35127 Padova, Italy | Consorzio RFX 2 , Corso Stati Uniti 4, 35127 Padova, Italy",[10] 2020 doi:10.1063/1.5128562 Assessment of the SPIDER beam features by diagnostic calorimetry and thermography; [8] 2020 doi:10.1063/1.5129650 Design and development of an Allison type emittance scanner for the SPIDER ion source
"Sun, Yifan",22.1,1,,"Graduate School of Engineering, Osaka University , Osaka, Japan",[17] 2021 doi:10.1063/5.0055555 Multiple-gas cooling method for constant-pressure heat capacity measurement of liquid meta
"Muta, Hiroaki",22.1,1,,"Graduate School of Engineering, Osaka University , Osaka, Japan",[17] 2021 doi:10.1063/5.0055555 Multiple-gas cooling method for constant-pressure heat capacity measurement of liquid meta
"Ohishi, Yuji",22.1,1,,"Graduate School of Engineering, Osaka University , Osaka, Japan",[17] 2021 doi:10.1063/5.0055555 Multiple-gas cooling method for constant-pressure heat capacity measurement of liquid meta
"Klein, S.",22.0,1,,"Deutsches Zentrum für Luft- und Raumfahrt (DLR) Institut für Materialphysik im Weltraum, , 51170 Köln, Germany",[22] 2015 doi:10.1063/1.4922359 Near-isothermal furnace for in situ and real time X-ray radiography solidification experim
"Schollmeier, M. S.",22.0,1,,"Sandia National Laboratories 1 , Albuquerque, New Mexico 87185, USA","[20] 2017 doi:10.1063/1.4994566 A 7.2 keV spherical x-ray crystal backlighter for two-frame, two-color backlighting at San"
"Knapp, P. F.",22.0,1,,"Sandia National Laboratories 1 , Albuquerque, New Mexico 87185, USA","[20] 2017 doi:10.1063/1.4994566 A 7.2 keV spherical x-ray crystal backlighter for two-frame, two-color backlighting at San"
"Ampleford, D. J.",22.0,1,,"Sandia National Laboratories 1 , Albuquerque, New Mexico 87185, USA","[20] 2017 doi:10.1063/1.4994566 A 7.2 keV spherical x-ray crystal backlighter for two-frame, two-color backlighting at San"
"Harding, E. C.",22.0,1,,"Sandia National Laboratories 1 , Albuquerque, New Mexico 87185, USA","[20] 2017 doi:10.1063/1.4994566 A 7.2 keV spherical x-ray crystal backlighter for two-frame, two-color backlighting at San"
"Jennings, C. A.",22.0,1,,"Sandia National Laboratories 1 , Albuquerque, New Mexico 87185, USA","[20] 2017 doi:10.1063/1.4994566 A 7.2 keV spherical x-ray crystal backlighter for two-frame, two-color backlighting at San"
"Lamppa, D. C.",22.0,1,,"Sandia National Laboratories 1 , Albuquerque, New Mexico 87185, USA","[20] 2017 doi:10.1063/1.4994566 A 7.2 keV spherical x-ray crystal backlighter for two-frame, two-color backlighting at San"
"Loisel, G. P.",22.0,1,,"Sandia National Laboratories 1 , Albuquerque, New Mexico 87185, USA","[20] 2017 doi:10.1063/1.4994566 A 7.2 keV spherical x-ray crystal backlighter for two-frame, two-color backlighting at San"
"Martin, M. R.",22.0,1,,"Sandia National Laboratories 1 , Albuquerque, New Mexico 87185, USA","[20] 2017 doi:10.1063/1.4994566 A 7.2 keV spherical x-ray crystal backlighter for two-frame, two-color backlighting at San"
"Robertson, G. K.",22.0,1,,"Sandia National Laboratories 1 , Albuquerque, New Mexico 87185, USA","[20] 2017 doi:10.1063/1.4994566 A 7.2 keV spherical x-ray crystal backlighter for two-frame, two-color backlighting at San"
"Shores, J. E.",22.0,1,,"Sandia National Laboratories 1 , Albuquerque, New Mexico 87185, USA","[20] 2017 doi:10.1063/1.4994566 A 7.2 keV spherical x-ray crystal backlighter for two-frame, two-color backlighting at San"
"Smith, I. C.",22.0,1,,"Sandia National Laboratories 1 , Albuquerque, New Mexico 87185, USA","[20] 2017 doi:10.1063/1.4994566 A 7.2 keV spherical x-ray crystal backlighter for two-frame, two-color backlighting at San"
"Speas, C. S.",22.0,1,,"Sandia National Laboratories 1 , Albuquerque, New Mexico 87185, USA","[20] 2017 doi:10.1063/1.4994566 A 7.2 keV spherical x-ray crystal backlighter for two-frame, two-color backlighting at San"
"Weis, M. R.",22.0,1,,"Sandia National Laboratories 1 , Albuquerque, New Mexico 87185, USA","[20] 2017 doi:10.1063/1.4994566 A 7.2 keV spherical x-ray crystal backlighter for two-frame, two-color backlighting at San"
"Porter, J. L.",22.0,1,,"Sandia National Laboratories 1 , Albuquerque, New Mexico 87185, USA","[20] 2017 doi:10.1063/1.4994566 A 7.2 keV spherical x-ray crystal backlighter for two-frame, two-color backlighting at San"
"McBride, R. D.",22.0,1,,"Nuclear Engineering and Radiological Sciences Department, University of Michigan 2 , Ann Arbor, Michigan 48109-2104, USA | Sandia National Laboratories 1 , Albuquerque, New Mexico 87185, USA","[20] 2017 doi:10.1063/1.4994566 A 7.2 keV spherical x-ray crystal backlighter for two-frame, two-color backlighting at San"
"Ota, Thomas A.",22.0,1,,"AWE 1 , Aldermaston, Reading, Berkshire RG7 4PR, United Kingdom | Imperial College London 2 Institute of Shock Physics, Blackett Laboratory, , London, United Kingdom",[20] 2017 doi:10.1063/1.4978906 Monte-Carlo modelling to determine optimum filter choices for sub-microsecond optical pyro
"Chapman, David J.",22.0,1,,"Imperial College London 2 Institute of Shock Physics, Blackett Laboratory, , London, United Kingdom",[20] 2017 doi:10.1063/1.4978906 Monte-Carlo modelling to determine optimum filter choices for sub-microsecond optical pyro
"Eakins, Daniel E.",22.0,1,,"Imperial College London 2 Institute of Shock Physics, Blackett Laboratory, , London, United Kingdom",[20] 2017 doi:10.1063/1.4978906 Monte-Carlo modelling to determine optimum filter choices for sub-microsecond optical pyro
"Lebedev, Vyacheslav",22.0,1,,"Chemistry Division, Los Alamos National Laboratory , Los Alamos, New Mexico 87545, USA",[20] 2017 doi:10.1063/1.5006457 Note: Micro-channel array crucible for isotope-resolved laser spectroscopy of high-tempera
"Bartlett, Joshua H.",22.0,1,,"Chemistry Division, Los Alamos National Laboratory , Los Alamos, New Mexico 87545, USA",[20] 2017 doi:10.1063/1.5006457 Note: Micro-channel array crucible for isotope-resolved laser spectroscopy of high-tempera
"Malyzhenkov, Alexander",22.0,1,,"Chemistry Division, Los Alamos National Laboratory , Los Alamos, New Mexico 87545, USA",[20] 2017 doi:10.1063/1.5006457 Note: Micro-channel array crucible for isotope-resolved laser spectroscopy of high-tempera
"Castro, Alonso",22.0,1,,"Chemistry Division, Los Alamos National Laboratory , Los Alamos, New Mexico 87545, USA",[20] 2017 doi:10.1063/1.5006457 Note: Micro-channel array crucible for isotope-resolved laser spectroscopy of high-tempera
"Kefer, Oskar",21.8,1,,"Physikalisch-Chemisches Institut, Ruprecht-Karls-Universität Heidelberg , D-69120 Heidelberg, Germany",[15] 2024 doi:10.1063/5.0186915 Two-dimensional coherent electronic spectrometer with switchable multi-color configuration
"Kolesnichenko, Pavel V.",21.8,1,,"Physikalisch-Chemisches Institut, Ruprecht-Karls-Universität Heidelberg , D-69120 Heidelberg, Germany",[15] 2024 doi:10.1063/5.0186915 Two-dimensional coherent electronic spectrometer with switchable multi-color configuration
"Buckup, Tiago",21.8,1,,"Physikalisch-Chemisches Institut, Ruprecht-Karls-Universität Heidelberg , D-69120 Heidelberg, Germany",[15] 2024 doi:10.1063/5.0186915 Two-dimensional coherent electronic spectrometer with switchable multi-color configuration
"Fukumoto, M.",21.8,1,,"Naka Institute for Fusion Science and Technology, National Institutes for Quantum Science and Technology , Naka, Ibaraki 311-0193, Japan",[15] 2024 doi:10.1063/5.0215877 Real-time processing system of a two-color CO2 laser interferometer for density feedback c
"Wakatsuki, T.",21.8,1,,"Naka Institute for Fusion Science and Technology, National Institutes for Quantum Science and Technology , Naka, Ibaraki 311-0193, Japan",[15] 2024 doi:10.1063/5.0215877 Real-time processing system of a two-color CO2 laser interferometer for density feedback c
"Inoue, S.",21.8,1,,"Naka Institute for Fusion Science and Technology, National Institutes for Quantum Science and Technology , Naka, Ibaraki 311-0193, Japan",[15] 2024 doi:10.1063/5.0215877 Real-time processing system of a two-color CO2 laser interferometer for density feedback c
"Kojima, S.",21.8,1,,"Naka Institute for Fusion Science and Technology, National Institutes for Quantum Science and Technology , Naka, Ibaraki 311-0193, Japan",[15] 2024 doi:10.1063/5.0215877 Real-time processing system of a two-color CO2 laser interferometer for density feedback c
"Urano, H.",21.8,1,,"Naka Institute for Fusion Science and Technology, National Institutes for Quantum Science and Technology , Naka, Ibaraki 311-0193, Japan",[15] 2024 doi:10.1063/5.0215877 Real-time processing system of a two-color CO2 laser interferometer for density feedback c
"Guo, Xiaofeng",21.6,1,,"Department of Chemistry and Alexandra Navrotsky Institute for Experimental Thermodynamics, Washington State University 2 , Pullman, Washington 99164, USA | Earth and Environmental Sciences Division, L",[18] 2019 doi:10.1063/1.5093567 Sample seal-and-drop device and methodology for high temperature oxide melt solution calor
"Boukhalfa, Hakim",21.6,1,,"Earth and Environmental Sciences Division, Los Alamos National Laboratory 1 , Los Alamos, New Mexico 87545, USA",[18] 2019 doi:10.1063/1.5093567 Sample seal-and-drop device and methodology for high temperature oxide melt solution calor
"Mitchell, Jeremy N.",21.6,1,,"Materials Science and Technology Division, Los Alamos National Laboratory 3 , Los Alamos, New Mexico 87545, USA",[18] 2019 doi:10.1063/1.5093567 Sample seal-and-drop device and methodology for high temperature oxide melt solution calor
"Ramos, Michael",21.6,1,,"Materials Science and Technology Division, Los Alamos National Laboratory 3 , Los Alamos, New Mexico 87545, USA",[18] 2019 doi:10.1063/1.5093567 Sample seal-and-drop device and methodology for high temperature oxide melt solution calor
"Gaunt, Andrew J.",21.6,1,,"Chemistry Division, Los Alamos National Laboratory 4 , Los Alamos, New Mexico 87545, USA",[18] 2019 doi:10.1063/1.5093567 Sample seal-and-drop device and methodology for high temperature oxide melt solution calor
"Migliori, Albert",21.6,1,,"National High Magnetic Field Laboratory, Los Alamos National Laboratory 5 , Los Alamos, New Mexico 87545, USA",[18] 2019 doi:10.1063/1.5093567 Sample seal-and-drop device and methodology for high temperature oxide melt solution calor
"Roback, Robert C.",21.6,1,,"Earth and Environmental Sciences Division, Los Alamos National Laboratory 1 , Los Alamos, New Mexico 87545, USA",[18] 2019 doi:10.1063/1.5093567 Sample seal-and-drop device and methodology for high temperature oxide melt solution calor
"Navrotsky, Alexandra",21.6,1,,"Peter A. Rock Thermochemistry Laboratory and NEAT ORU, University of California Davis 6 , Davis, California 95616, USA",[18] 2019 doi:10.1063/1.5093567 Sample seal-and-drop device and methodology for high temperature oxide melt solution calor
"Xu, Hongwu",21.6,1,,"Earth and Environmental Sciences Division, Los Alamos National Laboratory 1 , Los Alamos, New Mexico 87545, USA",[18] 2019 doi:10.1063/1.5093567 Sample seal-and-drop device and methodology for high temperature oxide melt solution calor
"Brombin, M.",21.6,2,,"Consorzio RFX (CNR, ENEA, INFN, UNIPD, Acciaierie Venete SpA) 1 , Corso Stati Uniti 4, 35127 Padova, Italy | Consorzio RFX , Corso Stati Uniti 4, I-35127 Padova, Italy",[11] 2016 doi:10.1063/1.4961077 Final design of thermal diagnostic system in SPIDER ion source; [8] 2020 doi:10.1063/1.5133076 First operation in SPIDER and the path to complete MITICA
"Dalla Palma, M.",21.6,2,,"Consorzio RFX (CNR, ENEA, INFN, UNIPD, Acciaierie Venete SpA) 1 , Corso Stati Uniti 4, 35127 Padova, Italy | Consorzio RFX , Corso Stati Uniti 4, I-35127 Padova, Italy",[11] 2016 doi:10.1063/1.4961077 Final design of thermal diagnostic system in SPIDER ion source; [8] 2020 doi:10.1063/1.5133076 First operation in SPIDER and the path to complete MITICA
"Pomaro, N.",21.6,2,,"Consorzio RFX (CNR, ENEA, INFN, UNIPD, Acciaierie Venete SpA) 1 , Corso Stati Uniti 4, 35127 Padova, Italy | Consorzio RFX , Corso Stati Uniti 4, I-35127 Padova, Italy",[11] 2016 doi:10.1063/1.4961077 Final design of thermal diagnostic system in SPIDER ion source; [8] 2020 doi:10.1063/1.5133076 First operation in SPIDER and the path to complete MITICA
"Fantz, U.",21.5,2,,"IPP, Max-Planck-Institut für Plasmaphysik 7 , Boltzmannstraße 2, D-85748 Garching bei München, Germany | Max Planck Institut für Plasmaphysik 3 , Garching, Germany",[10] 2018 doi:10.1063/1.5036823 Neutron measurements at the ELISE neutral beam test facility and implications for neutron ; [8] 2020 doi:10.1063/1.5133076 First operation in SPIDER and the path to complete MITICA
"Heinemann, B.",21.5,2,,"IPP, Max-Planck-Institut für Plasmaphysik 7 , Boltzmannstraße 2, D-85748 Garching bei München, Germany | Max Planck Institut für Plasmaphysik 3 , Garching, Germany",[10] 2018 doi:10.1063/1.5036823 Neutron measurements at the ELISE neutral beam test facility and implications for neutron ; [8] 2020 doi:10.1063/1.5133076 First operation in SPIDER and the path to complete MITICA
"Kraus, W.",21.5,2,,"IPP, Max-Planck-Institut für Plasmaphysik 7 , Boltzmannstraße 2, D-85748 Garching bei München, Germany | Max Planck Institut für Plasmaphysik 3 , Garching, Germany",[10] 2018 doi:10.1063/1.5036823 Neutron measurements at the ELISE neutral beam test facility and implications for neutron ; [8] 2020 doi:10.1063/1.5133076 First operation in SPIDER and the path to complete MITICA
"Liu, Yan",21.2,1,,"State Key Laboratory for Mechanical Manufacturing Systems Engineering, Xi’an Jiaotong University , Xi’an, Shaanxi 710048, China",[17] 2020 doi:10.1063/5.0008887 WRe26–In2O3 probe-type thin film thermocouples applied to high temperature measurement
"Mao, Qi",21.2,1,,"State Key Laboratory for Mechanical Manufacturing Systems Engineering, Xi’an Jiaotong University , Xi’an, Shaanxi 710048, China",[17] 2020 doi:10.1063/5.0008887 WRe26–In2O3 probe-type thin film thermocouples applied to high temperature measurement
"Lu, Dejiang",21.2,1,,"State Key Laboratory for Mechanical Manufacturing Systems Engineering, Xi’an Jiaotong University , Xi’an, Shaanxi 710048, China",[17] 2020 doi:10.1063/5.0008887 WRe26–In2O3 probe-type thin film thermocouples applied to high temperature measurement
"Coleman, J. E.",21.0,1,,"Los Alamos National Laboratory , Los Alamos, New Mexico 87545, USA",[20] 2016 doi:10.1063/1.4973433 A spectral pyrometer to spatially resolve the blackbody temperature of a warm dense plasma
"Franz, C.",21.0,1,,"Technische Universität München Physik-Department, , D-85748 Garching, Germany",[20] 2016 doi:10.1063/1.4967011 Ultra-high vacuum compatible preparation chain for intermetallic compounds
"Gregor, M. C.",21.0,1,,"University of Rochester 1 Laboratory for Laser Energetics, , 250 East River Road, Rochester, New York 14623-1299, USA | University of Rochester 2 Department of Physics and Astronomy, , Rochester, New ",[20] 2016 doi:10.1063/1.4968023 Absolute calibration of the OMEGA streaked optical pyrometer for temperature measurements 
"Boni, R.",21.0,1,,"University of Rochester 1 Laboratory for Laser Energetics, , 250 East River Road, Rochester, New York 14623-1299, USA",[20] 2016 doi:10.1063/1.4968023 Absolute calibration of the OMEGA streaked optical pyrometer for temperature measurements 
"Sorce, A.",21.0,1,,"University of Rochester 1 Laboratory for Laser Energetics, , 250 East River Road, Rochester, New York 14623-1299, USA",[20] 2016 doi:10.1063/1.4968023 Absolute calibration of the OMEGA streaked optical pyrometer for temperature measurements 
"Kendrick, J.",21.0,1,,"University of Rochester 1 Laboratory for Laser Energetics, , 250 East River Road, Rochester, New York 14623-1299, USA",[20] 2016 doi:10.1063/1.4968023 Absolute calibration of the OMEGA streaked optical pyrometer for temperature measurements 
"McCoy, C. A.",21.0,1,,"University of Rochester 1 Laboratory for Laser Energetics, , 250 East River Road, Rochester, New York 14623-1299, USA | University of Rochester 3 Department of Mechanical Engineering, , Rochester, New",[20] 2016 doi:10.1063/1.4968023 Absolute calibration of the OMEGA streaked optical pyrometer for temperature measurements 
"Polsin, D. N.",21.0,1,,"University of Rochester 1 Laboratory for Laser Energetics, , 250 East River Road, Rochester, New York 14623-1299, USA | University of Rochester 2 Department of Physics and Astronomy, , Rochester, New ",[20] 2016 doi:10.1063/1.4968023 Absolute calibration of the OMEGA streaked optical pyrometer for temperature measurements 
"Boehly, T. R.",21.0,1,,"University of Rochester 1 Laboratory for Laser Energetics, , 250 East River Road, Rochester, New York 14623-1299, USA",[20] 2016 doi:10.1063/1.4968023 Absolute calibration of the OMEGA streaked optical pyrometer for temperature measurements 
"Celliers, P. M.",21.0,1,,"Lawrence Livermore National Laboratory 4 , 7000 East Avenue, Livermore, California 94550, USA",[20] 2016 doi:10.1063/1.4968023 Absolute calibration of the OMEGA streaked optical pyrometer for temperature measurements 
"Fratanduono, D. E.",21.0,1,,"Lawrence Livermore National Laboratory 4 , 7000 East Avenue, Livermore, California 94550, USA",[20] 2016 doi:10.1063/1.4968023 Absolute calibration of the OMEGA streaked optical pyrometer for temperature measurements 
"Eggert, J. H.",21.0,1,,"Lawrence Livermore National Laboratory 4 , 7000 East Avenue, Livermore, California 94550, USA",[20] 2016 doi:10.1063/1.4968023 Absolute calibration of the OMEGA streaked optical pyrometer for temperature measurements 
"Millot, M.",21.0,1,,"Lawrence Livermore National Laboratory 4 , 7000 East Avenue, Livermore, California 94550, USA",[20] 2016 doi:10.1063/1.4968023 Absolute calibration of the OMEGA streaked optical pyrometer for temperature measurements 
"Chevrel, M. O.",21.0,1,,"CNRS, IRD, OPGC, Laboratoire Magmas et Volcans, Université Clermont Auvergne 1 , 63000 Clermont-Ferrand, France | Institut de Physique du Globe de Paris, CNRS, Université Paris Cité 2 , 75005 Paris, F",[15] 2023 doi:10.1063/5.0160247 A new portable field rotational viscometer for high-temperature melts
"Latchimy, T.",21.0,1,,"CNRS, IRD, OPGC, Laboratoire Magmas et Volcans, Université Clermont Auvergne 1 , 63000 Clermont-Ferrand, France",[15] 2023 doi:10.1063/5.0160247 A new portable field rotational viscometer for high-temperature melts
"Batier, L.",21.0,1,,"Polytech Clermont, Université Clermont Auvergne 4 , 63000 Clermont-Ferrand, France",[15] 2023 doi:10.1063/5.0160247 A new portable field rotational viscometer for high-temperature melts
"Delpoux, R.",21.0,1,,"INSA Lyon, Ecole Centrale de Lyon, CNRS, Ampère, UMR5005, Univ Lyon, Université Claude Bernard Lyon 1 5 , 69621 Villeurbanne, France",[15] 2023 doi:10.1063/5.0160247 A new portable field rotational viscometer for high-temperature melts
"Harris, M.",21.0,1,,"Department of Geology, University at Buffalo 6 , 126 Cooke Hall, Buffalo, New York 14260-4130, USA",[15] 2023 doi:10.1063/5.0160247 A new portable field rotational viscometer for high-temperature melts
"Kolzenburg, S.",21.0,1,,"Department of Geology, University at Buffalo 6 , 126 Cooke Hall, Buffalo, New York 14260-4130, USA",[15] 2023 doi:10.1063/5.0160247 A new portable field rotational viscometer for high-temperature melts
"Imazawa, R.",21.0,1,,"Naka Fusion Institute, National Institutes for Quantum Science and Technology , Naka, Ibaraki 311-0193, Japan",[15] 2023 doi:10.1063/5.0128536 Conceptual design and demonstration of a three-color laser interferometer for noise reduct
"Nourry-Martin, M.",21.0,1,,"CEA, DAM, DIF 1 , F-91297 Arpajon, France | Université Paris-Saclay, Institut d’Optique Graduate School, CNRS, Laboratoire Charles Fabry 2 , 91127 Palaiseau, France",[15] 2023 doi:10.1063/5.0145506 Absolute calibration of a streaked optical pyrometer at nanosecond time scale with a lumin
"Denoeud, A.",21.0,1,,"CEA, DAM, DIF 1 , F-91297 Arpajon, France",[15] 2023 doi:10.1063/5.0145506 Absolute calibration of a streaked optical pyrometer at nanosecond time scale with a lumin
"Chollet, C.",21.0,1,,"CEA, DAM, DIF 1 , F-91297 Arpajon, France",[15] 2023 doi:10.1063/5.0145506 Absolute calibration of a streaked optical pyrometer at nanosecond time scale with a lumin
"Bonneau, M.",21.0,1,,"CEA, DAM, DIF 1 , F-91297 Arpajon, France",[15] 2023 doi:10.1063/5.0145506 Absolute calibration of a streaked optical pyrometer at nanosecond time scale with a lumin
"Vinci, T.",21.0,1,,"LULI, CNRS, CEA, Sorbonne Université, Ecole Polytechnique–Institut Polytechnique de Paris 3 , F-91128 Palaiseau, France",[15] 2023 doi:10.1063/5.0145506 Absolute calibration of a streaked optical pyrometer at nanosecond time scale with a lumin
"Ravasio, A.",21.0,1,,"LULI, CNRS, CEA, Sorbonne Université, Ecole Polytechnique–Institut Polytechnique de Paris 3 , F-91128 Palaiseau, France",[15] 2023 doi:10.1063/5.0145506 Absolute calibration of a streaked optical pyrometer at nanosecond time scale with a lumin
"Brygoo, S.",21.0,1,,"CEA, DAM, DIF 1 , F-91297 Arpajon, France",[15] 2023 doi:10.1063/5.0145506 Absolute calibration of a streaked optical pyrometer at nanosecond time scale with a lumin
"Darbon, S.",21.0,1,,"CEA, DAM, DIF 1 , F-91297 Arpajon, France",[15] 2023 doi:10.1063/5.0145506 Absolute calibration of a streaked optical pyrometer at nanosecond time scale with a lumin
"Balembois, F.",21.0,1,,"Université Paris-Saclay, Institut d’Optique Graduate School, CNRS, Laboratoire Charles Fabry 2 , 91127 Palaiseau, France",[15] 2023 doi:10.1063/5.0145506 Absolute calibration of a streaked optical pyrometer at nanosecond time scale with a lumin
"Bland, H.",21.0,1,,"Department of Nuclear Engineering, North Carolina State University , Raleigh, North Carolina 27607,",[14] 2025 doi:10.1063/5.0250875 Viscosity of high temperature liquids via passive microrheology
"Bataller, A.",21.0,1,,"Department of Nuclear Engineering, North Carolina State University , Raleigh, North Carolina 27607,",[14] 2025 doi:10.1063/5.0250875 Viscosity of high temperature liquids via passive microrheology
"Winder, Robin",21.0,1,,"School of Chemical and Process Engineering, University of Leeds 1 , Leeds LS29JT,",[14] 2025 doi:10.1063/5.0283346 Versatile high-temperature heating system for drying droplets in the TinyLev acoustic levi
"Khodaparast, Sepideh",21.0,1,,"School of Mechanical Engineering, University of Leeds 2 , Leeds LS29JT,",[14] 2025 doi:10.1063/5.0283346 Versatile high-temperature heating system for drying droplets in the TinyLev acoustic levi
"Bayly, Andrew",21.0,1,,"School of Chemical and Process Engineering, University of Leeds 1 , Leeds LS29JT,",[14] 2025 doi:10.1063/5.0283346 Versatile high-temperature heating system for drying droplets in the TinyLev acoustic levi
"McRobbie, Ian",21.0,1,,"Innospec Ltd. 3 , Oil Sites Road, Ellesmere Port, Cheshire CH65 4EY,",[14] 2025 doi:10.1063/5.0283346 Versatile high-temperature heating system for drying droplets in the TinyLev acoustic levi
"Rappolt, Michael",21.0,1,,"School of Food Science and Nutrition, University of Leeds 4 , Leeds LS29JT,",[14] 2025 doi:10.1063/5.0283346 Versatile high-temperature heating system for drying droplets in the TinyLev acoustic levi
"Harbottle, David",21.0,1,,"School of Chemical and Process Engineering, University of Leeds 1 , Leeds LS29JT,",[14] 2025 doi:10.1063/5.0283346 Versatile high-temperature heating system for drying droplets in the TinyLev acoustic levi
"De Muri, Michela",21.0,2,,"Consorzio RFX 2 , Corso Stati Uniti 4, 35127 Padova, Italy | Consorzio RFX 2 , Corso Stati Uniti, 4, I-35127 Padova, Italy | INFN-LNL, v.le dell’Università 2 1 , I-35020 Legnaro, PD, Italy",[10] 2019 doi:10.1063/1.5128620 Design and comparison of the Cs ovens for the test facilities ELISE and SPIDER; [9] 2015 doi:10.1063/1.4933017 Design optimization of RF lines in vacuum environment for the MITICA experiment
"Heacock, B.",20.7,1,,"Department of Physics, North Carolina State University 1 , Raleigh, North Carolina 27695, USA | Triangle Universities Nuclear Laboratory 2 , Durham, North Carolina 27708, USA",[18] 2018 doi:10.1063/1.5008273 Increased interference fringe visibility from the post-fabrication heat treatment of a per
"Arif, M.",20.7,1,,"National Institute of Standards and Technology 3 , Gaithersburg, Maryland 20899, USA",[18] 2018 doi:10.1063/1.5008273 Increased interference fringe visibility from the post-fabrication heat treatment of a per
"Cory, D. G.",20.7,1,,"Canadian Institute for Advanced Research 7 , Toronto, Ontario M5G 1Z8, Canada | Department of Chemistry, University of Waterloo 5 , Waterloo, Ontario N2L3G1, Canada | Institute for Quantum Computing, ",[18] 2018 doi:10.1063/1.5008273 Increased interference fringe visibility from the post-fabrication heat treatment of a per
"Gnaeupel-Herold, T.",20.7,1,,"National Institute of Standards and Technology 3 , Gaithersburg, Maryland 20899, USA",[18] 2018 doi:10.1063/1.5008273 Increased interference fringe visibility from the post-fabrication heat treatment of a per
"Haun, R.",20.7,1,,"Department of Physics, Tulane University 8 , New Orleans, Louisiana 70118, USA",[18] 2018 doi:10.1063/1.5008273 Increased interference fringe visibility from the post-fabrication heat treatment of a per
"Huber, M. G.",20.7,1,,"National Institute of Standards and Technology 3 , Gaithersburg, Maryland 20899, USA",[18] 2018 doi:10.1063/1.5008273 Increased interference fringe visibility from the post-fabrication heat treatment of a per
"Jamer, M. E.",20.7,1,,"National Institute of Standards and Technology 3 , Gaithersburg, Maryland 20899, USA",[18] 2018 doi:10.1063/1.5008273 Increased interference fringe visibility from the post-fabrication heat treatment of a per
"Nsofini, J.",20.7,1,,"Department of Physics, University of Waterloo 9 , Waterloo, Ontario N2L3G1, Canada | Institute for Quantum Computing, University of Waterloo 4 , Waterloo, Ontario N2L3G1, Canada",[18] 2018 doi:10.1063/1.5008273 Increased interference fringe visibility from the post-fabrication heat treatment of a per
"Pushin, D. A.",20.7,1,,"Department of Physics, University of Waterloo 9 , Waterloo, Ontario N2L3G1, Canada | Institute for Quantum Computing, University of Waterloo 4 , Waterloo, Ontario N2L3G1, Canada",[18] 2018 doi:10.1063/1.5008273 Increased interference fringe visibility from the post-fabrication heat treatment of a per
"Sarenac, D.",20.7,1,,"Department of Physics, University of Waterloo 9 , Waterloo, Ontario N2L3G1, Canada | Institute for Quantum Computing, University of Waterloo 4 , Waterloo, Ontario N2L3G1, Canada",[18] 2018 doi:10.1063/1.5008273 Increased interference fringe visibility from the post-fabrication heat treatment of a per
"Taminiau, I.",20.7,1,,"Quantum Valley Investments 10 , Waterloo, Ontario N2L 0A9, Canada",[18] 2018 doi:10.1063/1.5008273 Increased interference fringe visibility from the post-fabrication heat treatment of a per
"Young, A. R.",20.7,1,,"Department of Physics, North Carolina State University 1 , Raleigh, North Carolina 27695, USA | Triangle Universities Nuclear Laboratory 2 , Durham, North Carolina 27708, USA",[18] 2018 doi:10.1063/1.5008273 Increased interference fringe visibility from the post-fabrication heat treatment of a per
"Doran, Andrew",20.7,2,,"Advanced Light Source, Lawrence Berkeley National Laboratory 1 , Berkeley, California 94720, USA | Advanced Light Source, Lawrence Berkeley National Laboratory 2 , Berkeley, California 94720, USA",[10] 2018 doi:10.1063/1.5028276 Implementation and application of the peak scaling method for temperature measurement in t; [8] 2018 doi:10.1063/1.5001695 Transmission in situ and operando high temperature X-ray powder diffraction in variable ga
"Emmens, Barnaby",20.3,1,,"School of Physics, University of Bristol, H H Wills Physics Laboratory 1 , Tyndall Avenue, Bristol BS8 1TL,",[14] 2024 doi:10.1063/5.0221899 MightyLev: An acoustic levitator for high-temperature containerless processing of medium- 
"Kong, Zhe-Hui",20.3,1,,"School of Physics, University of Bristol, H H Wills Physics Laboratory 1 , Tyndall Avenue, Bristol BS8 1TL,",[14] 2024 doi:10.1063/5.0221899 MightyLev: An acoustic levitator for high-temperature containerless processing of medium- 
"Drinkwater, Bruce W.",20.3,1,,"Department of Mechanical Engineering, University of Bristol 2 , Queen’s Building, University Walk, Bristol BS8 1TR,",[14] 2024 doi:10.1063/5.0221899 MightyLev: An acoustic levitator for high-temperature containerless processing of medium- 
"Barnes, Adrian C.",20.3,1,,"School of Physics, University of Bristol, H H Wills Physics Laboratory 1 , Tyndall Avenue, Bristol BS8 1TL,",[14] 2024 doi:10.1063/5.0221899 MightyLev: An acoustic levitator for high-temperature containerless processing of medium- 
"Janssen, T.",20.2,1,,"FELIX Laboratory, Radboud University 1 , Toernooiveld 7, 6525 ED Nijmegen, The Netherlands | Radboud University, Institute for Molecules and Materials 2 , Heyendaalseweg 135, 6525 AJ Nijmegen, The Net",[15] 2022 doi:10.1063/5.0081862 Cavity-dumping a single infrared pulse from a free-electron laser for two-color pump–probe
"Davies, C. S.",20.2,1,,"FELIX Laboratory, Radboud University 1 , Toernooiveld 7, 6525 ED Nijmegen, The Netherlands | Radboud University, Institute for Molecules and Materials 2 , Heyendaalseweg 135, 6525 AJ Nijmegen, The Net",[15] 2022 doi:10.1063/5.0081862 Cavity-dumping a single infrared pulse from a free-electron laser for two-color pump–probe
"Gidding, M.",20.2,1,,"FELIX Laboratory, Radboud University 1 , Toernooiveld 7, 6525 ED Nijmegen, The Netherlands | Radboud University, Institute for Molecules and Materials 2 , Heyendaalseweg 135, 6525 AJ Nijmegen, The Net",[15] 2022 doi:10.1063/5.0081862 Cavity-dumping a single infrared pulse from a free-electron laser for two-color pump–probe
"Chernyy, V.",20.2,1,,"FELIX Laboratory, Radboud University 1 , Toernooiveld 7, 6525 ED Nijmegen, The Netherlands | Radboud University, Institute for Molecules and Materials 2 , Heyendaalseweg 135, 6525 AJ Nijmegen, The Net",[15] 2022 doi:10.1063/5.0081862 Cavity-dumping a single infrared pulse from a free-electron laser for two-color pump–probe
"Bakker, J. M.",20.2,1,,"FELIX Laboratory, Radboud University 1 , Toernooiveld 7, 6525 ED Nijmegen, The Netherlands | Radboud University, Institute for Molecules and Materials 2 , Heyendaalseweg 135, 6525 AJ Nijmegen, The Net",[15] 2022 doi:10.1063/5.0081862 Cavity-dumping a single infrared pulse from a free-electron laser for two-color pump–probe
"Kirilyuk, A.",20.2,1,,"FELIX Laboratory, Radboud University 1 , Toernooiveld 7, 6525 ED Nijmegen, The Netherlands | Radboud University, Institute for Molecules and Materials 2 , Heyendaalseweg 135, 6525 AJ Nijmegen, The Net",[15] 2022 doi:10.1063/5.0081862 Cavity-dumping a single infrared pulse from a free-electron laser for two-color pump–probe
"Wu, Tianqi",20.2,1,,"Anhui Province Key Laboratory of Measuring Theory and Precision Instrument, School of Instrument Science and Opto-Electronics Engineering, Hefei University of Technology 1 , Hefei 230009, China",[15] 2022 doi:10.1063/5.0101504 Measurements of emissivity and temperature for polarized long-wavelength infrared light fr
"Yang, Ziqiang",20.2,1,,"Anhui Province Key Laboratory of Measuring Theory and Precision Instrument, School of Instrument Science and Opto-Electronics Engineering, Hefei University of Technology 1 , Hefei 230009, China",[15] 2022 doi:10.1063/5.0101504 Measurements of emissivity and temperature for polarized long-wavelength infrared light fr
"Yang, Jianhua",20.2,1,,"Institute of Plasma Physics, Chinese Academy of Sciences 2 , Hefei 230031, China",[15] 2022 doi:10.1063/5.0101504 Measurements of emissivity and temperature for polarized long-wavelength infrared light fr
"Wang, Ziyi",20.2,1,,"Anhui Province Key Laboratory of Measuring Theory and Precision Instrument, School of Instrument Science and Opto-Electronics Engineering, Hefei University of Technology 1 , Hefei 230009, China",[15] 2022 doi:10.1063/5.0101504 Measurements of emissivity and temperature for polarized long-wavelength infrared light fr
"Liang, Huajun",20.2,1,,"Anhui Province Key Laboratory of Measuring Theory and Precision Instrument, School of Instrument Science and Opto-Electronics Engineering, Hefei University of Technology 1 , Hefei 230009, China",[15] 2022 doi:10.1063/5.0101504 Measurements of emissivity and temperature for polarized long-wavelength infrared light fr
"Bruhaug, G.",20.2,1,,"Laboratory for Laser Energetics, University of Rochester 1 , Rochester, New York 14623-1299, USA","[15] 2022 doi:10.1063/5.0099328 Development of a hardened THz energy meter for use on the kilojoule-scale, short-pulse OME"
"Rinderknecht, H. G.",20.2,1,,"Laboratory for Laser Energetics, University of Rochester 1 , Rochester, New York 14623-1299, USA","[15] 2022 doi:10.1063/5.0099328 Development of a hardened THz energy meter for use on the kilojoule-scale, short-pulse OME"
"E, Y.",20.2,1,,"The Institute of Optics, University of Rochester 2 , Rochester, New York 14627, USA","[15] 2022 doi:10.1063/5.0099328 Development of a hardened THz energy meter for use on the kilojoule-scale, short-pulse OME"
"Wei, M. S.",20.2,1,,"Laboratory for Laser Energetics, University of Rochester 1 , Rochester, New York 14623-1299, USA","[15] 2022 doi:10.1063/5.0099328 Development of a hardened THz energy meter for use on the kilojoule-scale, short-pulse OME"
"Brannon, R. B.",20.2,1,,"Laboratory for Laser Energetics, University of Rochester 1 , Rochester, New York 14623-1299, USA","[15] 2022 doi:10.1063/5.0099328 Development of a hardened THz energy meter for use on the kilojoule-scale, short-pulse OME"
"Guy, D.",20.2,1,,"Laboratory for Laser Energetics, University of Rochester 1 , Rochester, New York 14623-1299, USA","[15] 2022 doi:10.1063/5.0099328 Development of a hardened THz energy meter for use on the kilojoule-scale, short-pulse OME"
"Peck, R. G.",20.2,1,,"Laboratory for Laser Energetics, University of Rochester 1 , Rochester, New York 14623-1299, USA","[15] 2022 doi:10.1063/5.0099328 Development of a hardened THz energy meter for use on the kilojoule-scale, short-pulse OME"
"Landis, N.",20.2,1,,"Laboratory for Laser Energetics, University of Rochester 1 , Rochester, New York 14623-1299, USA","[15] 2022 doi:10.1063/5.0099328 Development of a hardened THz energy meter for use on the kilojoule-scale, short-pulse OME"
"Brent, G.",20.2,1,,"Laboratory for Laser Energetics, University of Rochester 1 , Rochester, New York 14623-1299, USA","[15] 2022 doi:10.1063/5.0099328 Development of a hardened THz energy meter for use on the kilojoule-scale, short-pulse OME"
"Fairbanks, R.",20.2,1,,"Laboratory for Laser Energetics, University of Rochester 1 , Rochester, New York 14623-1299, USA","[15] 2022 doi:10.1063/5.0099328 Development of a hardened THz energy meter for use on the kilojoule-scale, short-pulse OME"
"McAtee, C.",20.2,1,,"Laboratory for Laser Energetics, University of Rochester 1 , Rochester, New York 14623-1299, USA","[15] 2022 doi:10.1063/5.0099328 Development of a hardened THz energy meter for use on the kilojoule-scale, short-pulse OME"
"Walker, T.",20.2,1,,"Laboratory for Laser Energetics, University of Rochester 1 , Rochester, New York 14623-1299, USA","[15] 2022 doi:10.1063/5.0099328 Development of a hardened THz energy meter for use on the kilojoule-scale, short-pulse OME"
"Buczek, T.",20.2,1,,"Laboratory for Laser Energetics, University of Rochester 1 , Rochester, New York 14623-1299, USA","[15] 2022 doi:10.1063/5.0099328 Development of a hardened THz energy meter for use on the kilojoule-scale, short-pulse OME"
"Krieger, M.",20.2,1,,"Laboratory for Laser Energetics, University of Rochester 1 , Rochester, New York 14623-1299, USA","[15] 2022 doi:10.1063/5.0099328 Development of a hardened THz energy meter for use on the kilojoule-scale, short-pulse OME"
"Romanofsky, M. H.",20.2,1,,"Laboratory for Laser Energetics, University of Rochester 1 , Rochester, New York 14623-1299, USA","[15] 2022 doi:10.1063/5.0099328 Development of a hardened THz energy meter for use on the kilojoule-scale, short-pulse OME"
"Francis, K. G.",20.2,1,,"The Institute of Optics, University of Rochester 2 , Rochester, New York 14627, USA","[15] 2022 doi:10.1063/5.0099328 Development of a hardened THz energy meter for use on the kilojoule-scale, short-pulse OME"
"Zhang, X. C.",20.2,1,,"The Institute of Optics, University of Rochester 2 , Rochester, New York 14627, USA","[15] 2022 doi:10.1063/5.0099328 Development of a hardened THz energy meter for use on the kilojoule-scale, short-pulse OME"
"Rygg, J. R.",20.2,1,,"Laboratory for Laser Energetics, University of Rochester 1 , Rochester, New York 14623-1299, USA","[15] 2022 doi:10.1063/5.0099328 Development of a hardened THz energy meter for use on the kilojoule-scale, short-pulse OME"
"Zhang, J.",20.2,2,,"Huazhong University of Science and Technology MOE Key Laboratory of Fundamental Physical Quantities Measurement, School of Physics, , Wuhan 430074, China | MOE Key Laboratory of Fundamental Physical Q",[9] 2019 doi:10.1063/1.5121568 A simple method for in situ measurement of vacuum window birefringence; [9] 2016 doi:10.1063/1.4941718 Design verification of large time constant thermal shields for optical reference cavities
"Deng, K.",20.2,2,,"Huazhong University of Science and Technology MOE Key Laboratory of Fundamental Physical Quantities Measurement, School of Physics, , Wuhan 430074, China | MOE Key Laboratory of Fundamental Physical Q",[9] 2019 doi:10.1063/1.5121568 A simple method for in situ measurement of vacuum window birefringence; [9] 2016 doi:10.1063/1.4941718 Design verification of large time constant thermal shields for optical reference cavities
"Lu, Z. H.",20.2,2,,"Huazhong University of Science and Technology MOE Key Laboratory of Fundamental Physical Quantities Measurement, School of Physics, , Wuhan 430074, China | MOE Key Laboratory of Fundamental Physical Q",[9] 2019 doi:10.1063/1.5121568 A simple method for in situ measurement of vacuum window birefringence; [9] 2016 doi:10.1063/1.4941718 Design verification of large time constant thermal shields for optical reference cavities
"Ohnishi, J.",20.0,1,,"RIKEN Nishina Center , Wako, Saitama 351-0198, Japan",[20] 2015 doi:10.1063/1.4933030 Progress in high-temperature oven development for 28 GHz electron cyclotron resonance ion 
"Higurashi, Y.",20.0,1,,"RIKEN Nishina Center , Wako, Saitama 351-0198, Japan",[20] 2015 doi:10.1063/1.4933030 Progress in high-temperature oven development for 28 GHz electron cyclotron resonance ion 
"Nakagawa, T.",20.0,1,,"RIKEN Nishina Center , Wako, Saitama 351-0198, Japan",[20] 2015 doi:10.1063/1.4933030 Progress in high-temperature oven development for 28 GHz electron cyclotron resonance ion 
"Lundström, H.",20.0,1,,"University of Gävle Department of Building, Energy and Environmental Engineering, , SE-801 76 Gävle, Sweden",[20] 2015 doi:10.1063/1.4929375 Note: Improving long-term stability of hot-wire anemometer sensors by means of annealing
"Okumura, Satoshi",20.0,1,,"Division of Earth and Planetary Materials Science, Department of Earth Science, Graduate School of Science, Tohoku University 1 , Sendai, Miyagi 980-8578, Japan",[16] 2020 doi:10.1063/5.0009769 An experimental system for time-resolved x-ray diffraction of deforming silicate melt at h
"Uesugi, Kentaro",20.0,1,,"SPring-8/Japan Synchrotron Radiation Research Institute 2 , Sayo, Hyogo 679-5198, Japan",[16] 2020 doi:10.1063/5.0009769 An experimental system for time-resolved x-ray diffraction of deforming silicate melt at h
"Sakamaki, Tatsuya",20.0,1,,"Division of Earth and Planetary Materials Science, Department of Earth Science, Graduate School of Science, Tohoku University 1 , Sendai, Miyagi 980-8578, Japan",[16] 2020 doi:10.1063/5.0009769 An experimental system for time-resolved x-ray diffraction of deforming silicate melt at h
"Goto, Akio",20.0,1,,"Center for Northeast Asian Studies, Tohoku University 3 , Sendai, Miyagi 980-8576, Japan",[16] 2020 doi:10.1063/5.0009769 An experimental system for time-resolved x-ray diffraction of deforming silicate melt at h
"Uesugi, Masayuki",20.0,1,,"SPring-8/Japan Synchrotron Radiation Research Institute 2 , Sayo, Hyogo 679-5198, Japan",[16] 2020 doi:10.1063/5.0009769 An experimental system for time-resolved x-ray diffraction of deforming silicate melt at h
"Takeuchi, Akihisa",20.0,1,,"SPring-8/Japan Synchrotron Radiation Research Institute 2 , Sayo, Hyogo 679-5198, Japan",[16] 2020 doi:10.1063/5.0009769 An experimental system for time-resolved x-ray diffraction of deforming silicate melt at h
"Liu, Wei",20.0,2,,"College of Mechanical Engineering, Suzhou University of Science and Technology 2 , Suzhou 215000, China | Lanzhou University Key Laboratory of Mechanics on Disaster and Environment in Western China At",[8] 2024 doi:10.1063/5.0178117 A hybrid energy harvester inspired by bionic flapping wing structure based on magnetic lev; [8] 2016 doi:10.1063/1.4955443 A visualization instrument to investigate the mechanical-electro properties of high temper
"Wei, Zimiao",19.6,1,,"School of Sciences, Nanjing University of Science and Technology 1 , Nanjing 210094, China",[14] 2023 doi:10.1063/5.0142637 Rapid observation of dispersion curves in system-on-chip devices
"Chen, Yikai",19.6,1,,"School of Sciences, Nanjing University of Science and Technology 1 , Nanjing 210094, China",[14] 2023 doi:10.1063/5.0142637 Rapid observation of dispersion curves in system-on-chip devices
"Li, Junfeng",19.6,1,,"School of Sciences, Nanjing University of Science and Technology 1 , Nanjing 210094, China",[14] 2023 doi:10.1063/5.0142637 Rapid observation of dispersion curves in system-on-chip devices
"Wang, Zekai",19.6,1,,"School of Sciences, Nanjing University of Science and Technology 1 , Nanjing 210094, China",[14] 2023 doi:10.1063/5.0142637 Rapid observation of dispersion curves in system-on-chip devices
"Wu, Xueqin",19.6,1,,"School of Sciences, Nanjing University of Science and Technology 1 , Nanjing 210094, China",[14] 2023 doi:10.1063/5.0142637 Rapid observation of dispersion curves in system-on-chip devices
"Zheng, Jiale",19.6,1,,"School of Sciences, Nanjing University of Science and Technology 1 , Nanjing 210094, China",[14] 2023 doi:10.1063/5.0142637 Rapid observation of dispersion curves in system-on-chip devices
"Liu, Xilong",19.6,1,,"School of Sciences, Nanjing University of Science and Technology 1 , Nanjing 210094, China",[14] 2023 doi:10.1063/5.0142637 Rapid observation of dispersion curves in system-on-chip devices
"Lan, Wenke",19.6,1,,"School of Sciences, Nanjing University of Science and Technology 1 , Nanjing 210094, China",[14] 2023 doi:10.1063/5.0142637 Rapid observation of dispersion curves in system-on-chip devices
"Song, Yang",19.6,1,,"School of Sciences, Nanjing University of Science and Technology 1 , Nanjing 210094, China",[14] 2023 doi:10.1063/5.0142637 Rapid observation of dispersion curves in system-on-chip devices
"Shen, Zhonghua",19.6,1,,"School of Sciences, Nanjing University of Science and Technology 1 , Nanjing 210094, China",[14] 2023 doi:10.1063/5.0142637 Rapid observation of dispersion curves in system-on-chip devices
"Fu, Qiang",19.6,1,,"Department of Optoelectronic Information Science and Engineering, School of Physics and Materials Engineering, Hefei Normal University 2 , Hefei 230601, China",[14] 2023 doi:10.1063/5.0142637 Rapid observation of dispersion curves in system-on-chip devices
"Hwang, Huijeong",19.6,1,,"Deutsches Elektronen-Synchrotron DESY 1 , Notkestr. 85, 22607 Hamburg, Germany | School of Earth Sciences and Environmental Engineering, Gwangju Institute of Science and Technology 2 , 123 Cheomdan-Gw",[14] 2023 doi:10.1063/5.0132981 Graphite resistive heated diamond anvil cell for simultaneous high-pressure and high-tempe
"Bang, Yoonah",19.6,1,,"Earth System Sciences, Yonsei University 3 , 50 Yonsei-ro, Seodaemun-gu, Seoul 03722, Republic of Korea",[14] 2023 doi:10.1063/5.0132981 Graphite resistive heated diamond anvil cell for simultaneous high-pressure and high-tempe
"Choi, Jinhyuk",19.6,1,,"Earth System Sciences, Yonsei University 3 , 50 Yonsei-ro, Seodaemun-gu, Seoul 03722, Republic of Korea",[14] 2023 doi:10.1063/5.0132981 Graphite resistive heated diamond anvil cell for simultaneous high-pressure and high-tempe
"Cynn, Hyunchae",19.6,1,,"Lawrence Livermore National Laboratory 4 , 7000 East Avenue, Livermore, California 94550, USA",[14] 2023 doi:10.1063/5.0132981 Graphite resistive heated diamond anvil cell for simultaneous high-pressure and high-tempe
"Jenei, Zsolt",19.6,1,,"Lawrence Livermore National Laboratory 4 , 7000 East Avenue, Livermore, California 94550, USA",[14] 2023 doi:10.1063/5.0132981 Graphite resistive heated diamond anvil cell for simultaneous high-pressure and high-tempe
"Evans, William J.",19.6,1,,"Lawrence Livermore National Laboratory 4 , 7000 East Avenue, Livermore, California 94550, USA",[14] 2023 doi:10.1063/5.0132981 Graphite resistive heated diamond anvil cell for simultaneous high-pressure and high-tempe
"Ehnes, Anita",19.6,1,,"Deutsches Elektronen-Synchrotron DESY 1 , Notkestr. 85, 22607 Hamburg, Germany",[14] 2023 doi:10.1063/5.0132981 Graphite resistive heated diamond anvil cell for simultaneous high-pressure and high-tempe
"Schwark, Iris",19.6,1,,"Deutsches Elektronen-Synchrotron DESY 1 , Notkestr. 85, 22607 Hamburg, Germany",[14] 2023 doi:10.1063/5.0132981 Graphite resistive heated diamond anvil cell for simultaneous high-pressure and high-tempe
"Glazyrin, Konstantin",19.6,1,,"Deutsches Elektronen-Synchrotron DESY 1 , Notkestr. 85, 22607 Hamburg, Germany",[14] 2023 doi:10.1063/5.0132981 Graphite resistive heated diamond anvil cell for simultaneous high-pressure and high-tempe
"Gatta, G. Diego",19.6,1,,"Dipartimento di Scienze della Terra ‘Ardito Desio’, Università degli Studi di Milano 5 , Via Botticelli 23, Milan 20133, Italy",[14] 2023 doi:10.1063/5.0132981 Graphite resistive heated diamond anvil cell for simultaneous high-pressure and high-tempe
"Lotti, Paolo",19.6,1,,"Dipartimento di Scienze della Terra ‘Ardito Desio’, Università degli Studi di Milano 5 , Via Botticelli 23, Milan 20133, Italy",[14] 2023 doi:10.1063/5.0132981 Graphite resistive heated diamond anvil cell for simultaneous high-pressure and high-tempe
"Sanloup, Chrystèle",19.6,1,,"Institut de Minéralogie, de Physique des Matériaux et de Cosmochimie (IMPMC), Sorbonne Université, Muséum National d'Histoire Naturelle, UMR CNRS 7590, IRD UR206 6 , 75005 Paris, France",[14] 2023 doi:10.1063/5.0132981 Graphite resistive heated diamond anvil cell for simultaneous high-pressure and high-tempe
"Lee, Yongjae",19.6,1,,"Earth System Sciences, Yonsei University 3 , 50 Yonsei-ro, Seodaemun-gu, Seoul 03722, Republic of Korea",[14] 2023 doi:10.1063/5.0132981 Graphite resistive heated diamond anvil cell for simultaneous high-pressure and high-tempe
"Liermann, Hanns-Peter",19.6,1,,"Deutsches Elektronen-Synchrotron DESY 1 , Notkestr. 85, 22607 Hamburg, Germany",[14] 2023 doi:10.1063/5.0132981 Graphite resistive heated diamond anvil cell for simultaneous high-pressure and high-tempe
"Hembree, William",19.5,1,,"Chair of Metallic Materials, Saarland University , Campus C6.3, D-66123 Saarbrücken, Germany",[17] 2018 doi:10.1063/1.5039318 High-temperature rotating cylinder rheometer for studying metallic glass forming liquids
"Bochtler, Benedikt",19.5,1,,"Chair of Metallic Materials, Saarland University , Campus C6.3, D-66123 Saarbrücken, Germany",[17] 2018 doi:10.1063/1.5039318 High-temperature rotating cylinder rheometer for studying metallic glass forming liquids
"Busch, Ralf",19.5,1,,"Chair of Metallic Materials, Saarland University , Campus C6.3, D-66123 Saarbrücken, Germany",[17] 2018 doi:10.1063/1.5039318 High-temperature rotating cylinder rheometer for studying metallic glass forming liquids
"Wang, Peng",19.5,1,,"College of Mechanical Engineering, Shenyang University of Technology 1 , Shenyang 110870, China",[17] 2018 doi:10.1063/1.5007225 A new experimental apparatus for emissivity measurements of steel and the application of m
"Hu, Zhenwei",19.5,1,,"College of Information Science and Engineering, Northeastern University 2 , Shenyang 110819, China",[17] 2018 doi:10.1063/1.5007225 A new experimental apparatus for emissivity measurements of steel and the application of m
"Xie, Zhi",19.5,1,,"College of Information Science and Engineering, Northeastern University 2 , Shenyang 110819, China",[17] 2018 doi:10.1063/1.5007225 A new experimental apparatus for emissivity measurements of steel and the application of m
"Yan, Ming",19.5,1,,"College of Mechanical Engineering, Shenyang University of Technology 1 , Shenyang 110870, China",[17] 2018 doi:10.1063/1.5007225 A new experimental apparatus for emissivity measurements of steel and the application of m
"Kempf, M.",19.5,1,,"Institute of Physics, University of Rostock , 18059 Rostock, Germany",[15] 2021 doi:10.1063/5.0058110 Two-color Kerr microscopy of two-dimensional materials with sub-picosecond time resolution
"Schubert, A.",19.5,1,,"Institute of Physics, University of Rostock , 18059 Rostock, Germany",[15] 2021 doi:10.1063/5.0058110 Two-color Kerr microscopy of two-dimensional materials with sub-picosecond time resolution
"Schwartz, R.",19.5,1,,"Institute of Physics, University of Rostock , 18059 Rostock, Germany",[15] 2021 doi:10.1063/5.0058110 Two-color Kerr microscopy of two-dimensional materials with sub-picosecond time resolution
"Korn, T.",19.5,1,,"Institute of Physics, University of Rostock , 18059 Rostock, Germany",[15] 2021 doi:10.1063/5.0058110 Two-color Kerr microscopy of two-dimensional materials with sub-picosecond time resolution
"Juhn, June-Woo",19.5,1,,"Korea Institute of Fusion Energy , Daejeon 34133, Republic of Korea",[15] 2021 doi:10.1063/5.0043811 Multi-chord IR–visible two-color interferometer on KSTAR
"Lee, K. C.",19.5,1,,"Korea Institute of Fusion Energy , Daejeon 34133, Republic of Korea",[15] 2021 doi:10.1063/5.0043811 Multi-chord IR–visible two-color interferometer on KSTAR
"Lee, T. G.",19.5,1,,"Korea Institute of Fusion Energy , Daejeon 34133, Republic of Korea",[15] 2021 doi:10.1063/5.0043811 Multi-chord IR–visible two-color interferometer on KSTAR
"Wi, H. M.",19.5,1,,"Korea Institute of Fusion Energy , Daejeon 34133, Republic of Korea",[15] 2021 doi:10.1063/5.0043811 Multi-chord IR–visible two-color interferometer on KSTAR
"Kim, Y. S.",19.5,1,,"Korea Institute of Fusion Energy , Daejeon 34133, Republic of Korea",[15] 2021 doi:10.1063/5.0043811 Multi-chord IR–visible two-color interferometer on KSTAR
"Hahn, S. H.",19.5,1,,"Korea Institute of Fusion Energy , Daejeon 34133, Republic of Korea",[15] 2021 doi:10.1063/5.0043811 Multi-chord IR–visible two-color interferometer on KSTAR
"Nam, Y. U.",19.5,1,,"Korea Institute of Fusion Energy , Daejeon 34133, Republic of Korea",[15] 2021 doi:10.1063/5.0043811 Multi-chord IR–visible two-color interferometer on KSTAR
"Appi, E.",19.5,1,,"Cluster of Excellence PhoenixD 2 , Hannover 30167, Germany | EXC 2123/1 QuantumFrontiers 3 , Hannover 30167, Germany | Institut für Quantenoptik, Leibniz Universität Hannover 1 , Hannover 30167, Germa",[15] 2021 doi:10.1063/5.0063225 Synchronized beamline at FLASH2 based on high-order harmonic generation for two-color dyna
"Papadopoulou, C. C.",19.5,1,,"DESY 4 , Hamburg 22607, Germany",[15] 2021 doi:10.1063/5.0063225 Synchronized beamline at FLASH2 based on high-order harmonic generation for two-color dyna
"Mapa, J. L.",19.5,1,,"Cluster of Excellence PhoenixD 2 , Hannover 30167, Germany | EXC 2123/1 QuantumFrontiers 3 , Hannover 30167, Germany | Institut für Quantenoptik, Leibniz Universität Hannover 1 , Hannover 30167, Germa",[15] 2021 doi:10.1063/5.0063225 Synchronized beamline at FLASH2 based on high-order harmonic generation for two-color dyna
"Jusko, C.",19.5,1,,"Cluster of Excellence PhoenixD 2 , Hannover 30167, Germany | EXC 2123/1 QuantumFrontiers 3 , Hannover 30167, Germany | Institut für Quantenoptik, Leibniz Universität Hannover 1 , Hannover 30167, Germa",[15] 2021 doi:10.1063/5.0063225 Synchronized beamline at FLASH2 based on high-order harmonic generation for two-color dyna
"Mosel, P.",19.5,1,,"Cluster of Excellence PhoenixD 2 , Hannover 30167, Germany | EXC 2123/1 QuantumFrontiers 3 , Hannover 30167, Germany | Institut für Quantenoptik, Leibniz Universität Hannover 1 , Hannover 30167, Germa",[15] 2021 doi:10.1063/5.0063225 Synchronized beamline at FLASH2 based on high-order harmonic generation for two-color dyna
"Schoenberg, A.",19.5,1,,"DESY 4 , Hamburg 22607, Germany",[15] 2021 doi:10.1063/5.0063225 Synchronized beamline at FLASH2 based on high-order harmonic generation for two-color dyna
"Stock, J.",19.5,1,,"Carl Zeiss AG 5 , Oberkochen 73446, Germany",[15] 2021 doi:10.1063/5.0063225 Synchronized beamline at FLASH2 based on high-order harmonic generation for two-color dyna
"Feigl, T.",19.5,1,,"optiX fab GmbH 6 , Jena 07745, Germany",[15] 2021 doi:10.1063/5.0063225 Synchronized beamline at FLASH2 based on high-order harmonic generation for two-color dyna
"Ališauskas, S.",19.5,1,,"DESY 4 , Hamburg 22607, Germany",[15] 2021 doi:10.1063/5.0063225 Synchronized beamline at FLASH2 based on high-order harmonic generation for two-color dyna
"Lang, T.",19.5,1,,"DESY 4 , Hamburg 22607, Germany",[15] 2021 doi:10.1063/5.0063225 Synchronized beamline at FLASH2 based on high-order harmonic generation for two-color dyna
"Heyl, C. M.",19.5,1,,"DESY 4 , Hamburg 22607, Germany | GSI Helmholtzzentrum für Schwerionenforschung GmbH 8 , Darmstadt 64291, Germany | Helmholtz-Institut Jena 7 , Jena 07743, Germany",[15] 2021 doi:10.1063/5.0063225 Synchronized beamline at FLASH2 based on high-order harmonic generation for two-color dyna
"Manschwetus, B.",19.5,1,,"DESY 4 , Hamburg 22607, Germany",[15] 2021 doi:10.1063/5.0063225 Synchronized beamline at FLASH2 based on high-order harmonic generation for two-color dyna
"Brachmanski, M.",19.5,1,,"DESY 4 , Hamburg 22607, Germany",[15] 2021 doi:10.1063/5.0063225 Synchronized beamline at FLASH2 based on high-order harmonic generation for two-color dyna
"Braune, M.",19.5,1,,"DESY 4 , Hamburg 22607, Germany",[15] 2021 doi:10.1063/5.0063225 Synchronized beamline at FLASH2 based on high-order harmonic generation for two-color dyna
"Lindenblatt, H.",19.5,1,,"Max-Planck-Institut für Kernphysik 9 , Heidelberg 69117, Germany",[15] 2021 doi:10.1063/5.0063225 Synchronized beamline at FLASH2 based on high-order harmonic generation for two-color dyna
"Trost, F.",19.5,1,,"Max-Planck-Institut für Kernphysik 9 , Heidelberg 69117, Germany",[15] 2021 doi:10.1063/5.0063225 Synchronized beamline at FLASH2 based on high-order harmonic generation for two-color dyna
"Meister, S.",19.5,1,,"Max-Planck-Institut für Kernphysik 9 , Heidelberg 69117, Germany",[15] 2021 doi:10.1063/5.0063225 Synchronized beamline at FLASH2 based on high-order harmonic generation for two-color dyna
"Schoch, P.",19.5,1,,"Institut für Umweltphysik, Ruprecht-Karls-Universität Heidelberg 10 , Heidelberg 69120, Germany",[15] 2021 doi:10.1063/5.0063225 Synchronized beamline at FLASH2 based on high-order harmonic generation for two-color dyna
"Trabattoni, A.",19.5,1,,"Center for Free-Electron Laser Science CFEL, DESY 11 , Hamburg 22607, Germany",[15] 2021 doi:10.1063/5.0063225 Synchronized beamline at FLASH2 based on high-order harmonic generation for two-color dyna
"Calegari, F.",19.5,1,,"Center for Free-Electron Laser Science CFEL, DESY 11 , Hamburg 22607, Germany | Physics Department, University of Hamburg 12 , Hamburg 22761, Germany",[15] 2021 doi:10.1063/5.0063225 Synchronized beamline at FLASH2 based on high-order harmonic generation for two-color dyna
"Treusch, R.",19.5,1,,"DESY 4 , Hamburg 22607, Germany",[15] 2021 doi:10.1063/5.0063225 Synchronized beamline at FLASH2 based on high-order harmonic generation for two-color dyna
"Moshammer, R.",19.5,1,,"Max-Planck-Institut für Kernphysik 9 , Heidelberg 69117, Germany",[15] 2021 doi:10.1063/5.0063225 Synchronized beamline at FLASH2 based on high-order harmonic generation for two-color dyna
"Hartl, I.",19.5,1,,"DESY 4 , Hamburg 22607, Germany",[15] 2021 doi:10.1063/5.0063225 Synchronized beamline at FLASH2 based on high-order harmonic generation for two-color dyna
"Morgner, U.",19.5,1,,"Cluster of Excellence PhoenixD 2 , Hannover 30167, Germany | EXC 2123/1 QuantumFrontiers 3 , Hannover 30167, Germany | Institut für Quantenoptik, Leibniz Universität Hannover 1 , Hannover 30167, Germa",[15] 2021 doi:10.1063/5.0063225 Synchronized beamline at FLASH2 based on high-order harmonic generation for two-color dyna
"Kovacev, M.",19.5,1,,"Cluster of Excellence PhoenixD 2 , Hannover 30167, Germany | EXC 2123/1 QuantumFrontiers 3 , Hannover 30167, Germany | Institut für Quantenoptik, Leibniz Universität Hannover 1 , Hannover 30167, Germa",[15] 2021 doi:10.1063/5.0063225 Synchronized beamline at FLASH2 based on high-order harmonic generation for two-color dyna
"McNesby, Kevin",19.5,1,,"CCDC-Army Research Laboratory 1 , FCDD-RLW-WA, Aberdeen Proving Ground, Maryland 21005-5066, USA",[15] 2021 doi:10.1063/5.0037230 Imaging pyrometry for most color cameras using a triple pass filter
"Dean, Steven",19.5,1,,"Sandia National Laboratories 2 , Albuquerque, New Mexico 87185, USA",[15] 2021 doi:10.1063/5.0037230 Imaging pyrometry for most color cameras using a triple pass filter
"Benjamin, Richard",19.5,1,,"CCDC-Army Research Laboratory 1 , FCDD-RLW-WA, Aberdeen Proving Ground, Maryland 21005-5066, USA",[15] 2021 doi:10.1063/5.0037230 Imaging pyrometry for most color cameras using a triple pass filter
"Grant, Jesse",19.5,1,,"Materials Science and Engineering Department, Johns Hopkins University 3 , 3400 N. Charles Street, Baltimore, Maryland 21218, USA",[15] 2021 doi:10.1063/5.0037230 Imaging pyrometry for most color cameras using a triple pass filter
"Anderson, James",19.5,1,,"CCDC-Army Research Laboratory 1 , FCDD-RLW-WA, Aberdeen Proving Ground, Maryland 21005-5066, USA",[15] 2021 doi:10.1063/5.0037230 Imaging pyrometry for most color cameras using a triple pass filter
"Densmore, John",19.5,1,,"Lawrence Livermore National Laboratory 4 , 7000 East Ave., L-282, Livermore, California 94550, USA",[15] 2021 doi:10.1063/5.0037230 Imaging pyrometry for most color cameras using a triple pass filter
"Feng, David",19.5,1,,"Department of Mechanical and Aerospace Engineering, Princeton University 1 , Princeton, New Jersey 08544, USA | MetroLaser, Inc. 2 , 22941 Mill Creek Dr., Laguna Hills, California 92653, USA",[15] 2021 doi:10.1063/5.0027481 Two-color scattering for the measurement of neutrals at the edge of fusion devices
"Diallo, Ahmed",19.5,1,,"Princeton Plasma Physics Laboratory 3 , Princeton, New Jersey 08544, USA",[15] 2021 doi:10.1063/5.0027481 Two-color scattering for the measurement of neutrals at the edge of fusion devices
"Shneider, Mikhail N.",19.5,1,,"Department of Mechanical and Aerospace Engineering, Princeton University 1 , Princeton, New Jersey 08544, USA | Princeton Plasma Physics Laboratory 3 , Princeton, New Jersey 08544, USA",[15] 2021 doi:10.1063/5.0027481 Two-color scattering for the measurement of neutrals at the edge of fusion devices
"Danilov, V. V.",19.5,1,,"Budker Institute of Nuclear Physics of Siberian Branch Russian Academy of Sciences (BINP SB RAS) 1 , 11, Acad. Lavrentieva Pr., Novosibi1rsk 630090, Russian Federation",[15] 2021 doi:10.1063/5.0045160 Two-color interferometer for study of dense low-ionized plasma on the target in high-power
"Skovorodin, D. I.",19.5,1,,"Budker Institute of Nuclear Physics of Siberian Branch Russian Academy of Sciences (BINP SB RAS) 1 , 11, Acad. Lavrentieva Pr., Novosibi1rsk 630090, Russian Federation",[15] 2021 doi:10.1063/5.0045160 Two-color interferometer for study of dense low-ionized plasma on the target in high-power
"Popov, S. S.",19.5,1,,"Budker Institute of Nuclear Physics of Siberian Branch Russian Academy of Sciences (BINP SB RAS) 1 , 11, Acad. Lavrentieva Pr., Novosibi1rsk 630090, Russian Federation",[15] 2021 doi:10.1063/5.0045160 Two-color interferometer for study of dense low-ionized plasma on the target in high-power
"Burdakov, A. V.",19.5,1,,"Budker Institute of Nuclear Physics of Siberian Branch Russian Academy of Sciences (BINP SB RAS) 1 , 11, Acad. Lavrentieva Pr., Novosibi1rsk 630090, Russian Federation",[15] 2021 doi:10.1063/5.0045160 Two-color interferometer for study of dense low-ionized plasma on the target in high-power
"Trunev, Yu. A.",19.5,1,,"Budker Institute of Nuclear Physics of Siberian Branch Russian Academy of Sciences (BINP SB RAS) 1 , 11, Acad. Lavrentieva Pr., Novosibi1rsk 630090, Russian Federation",[15] 2021 doi:10.1063/5.0045160 Two-color interferometer for study of dense low-ionized plasma on the target in high-power
"Kurkuckekov, V. V.",19.5,1,,"Budker Institute of Nuclear Physics of Siberian Branch Russian Academy of Sciences (BINP SB RAS) 1 , 11, Acad. Lavrentieva Pr., Novosibi1rsk 630090, Russian Federation",[15] 2021 doi:10.1063/5.0045160 Two-color interferometer for study of dense low-ionized plasma on the target in high-power
"Anikeev, M. A.",19.5,1,,"Budker Institute of Nuclear Physics of Siberian Branch Russian Academy of Sciences (BINP SB RAS) 1 , 11, Acad. Lavrentieva Pr., Novosibi1rsk 630090, Russian Federation",[15] 2021 doi:10.1063/5.0045160 Two-color interferometer for study of dense low-ionized plasma on the target in high-power
"Atlukhanov, M. G.",19.5,1,,"Budker Institute of Nuclear Physics of Siberian Branch Russian Academy of Sciences (BINP SB RAS) 1 , 11, Acad. Lavrentieva Pr., Novosibi1rsk 630090, Russian Federation",[15] 2021 doi:10.1063/5.0045160 Two-color interferometer for study of dense low-ionized plasma on the target in high-power
"Kolesnikov, P. A.",19.5,1,,"Federal State Unitary Enterprise “Russian Federal Nuclear Center – Zababakhin All-Russia Research Institute of Technical Physics” (FSUE “RFNC – VNIITF named after Academ. E. I. Zababakhin”) 2 , 13, Va",[15] 2021 doi:10.1063/5.0045160 Two-color interferometer for study of dense low-ionized plasma on the target in high-power
"Politov, V. Yu.",19.5,1,,"Federal State Unitary Enterprise “Russian Federal Nuclear Center – Zababakhin All-Russia Research Institute of Technical Physics” (FSUE “RFNC – VNIITF named after Academ. E. I. Zababakhin”) 2 , 13, Va",[15] 2021 doi:10.1063/5.0045160 Two-color interferometer for study of dense low-ionized plasma on the target in high-power
"You, Ruilin",19.5,1,,"Department of Physics and Biophysics, University of San Diego , San Diego, California 92110, USA",[15] 2021 doi:10.1063/5.0039177 Two-color differential dynamic microscopy for capturing fast dynamics
"McGorty, Ryan",19.5,1,,"Department of Physics and Biophysics, University of San Diego , San Diego, California 92110, USA",[15] 2021 doi:10.1063/5.0039177 Two-color differential dynamic microscopy for capturing fast dynamics
"Cheng, Gong",19.5,1,,"State Key Laboratory for Mechanical Manufacturing Systems Engineering, Xi’an Jiaotong University , Xi’an 710049, China",[15] 2021 doi:10.1063/5.0057148 Optimization on thermoelectric characteristics of indium tin oxide/indium oxide thin film 
"Zhang, Bingfei",19.5,1,,"State Key Laboratory for Mechanical Manufacturing Systems Engineering, Xi’an Jiaotong University , Xi’an 710049, China",[15] 2021 doi:10.1063/5.0057148 Optimization on thermoelectric characteristics of indium tin oxide/indium oxide thin film 
"Liu, Jiangjiang",19.5,1,,"State Key Laboratory for Mechanical Manufacturing Systems Engineering, Xi’an Jiaotong University , Xi’an 710049, China",[15] 2021 doi:10.1063/5.0057148 Optimization on thermoelectric characteristics of indium tin oxide/indium oxide thin film 
"Li, Le",19.5,1,,"State Key Laboratory for Mechanical Manufacturing Systems Engineering, Xi’an Jiaotong University , Xi’an 710049, China",[15] 2021 doi:10.1063/5.0057148 Optimization on thermoelectric characteristics of indium tin oxide/indium oxide thin film 
"Fan, Xu",19.5,1,,"State Key Laboratory for Mechanical Manufacturing Systems Engineering, Xi’an Jiaotong University , Xi’an 710049, China",[15] 2021 doi:10.1063/5.0057148 Optimization on thermoelectric characteristics of indium tin oxide/indium oxide thin film 
"Lei, Jiaming",19.5,1,,"State Key Laboratory for Mechanical Manufacturing Systems Engineering, Xi’an Jiaotong University , Xi’an 710049, China",[15] 2021 doi:10.1063/5.0057148 Optimization on thermoelectric characteristics of indium tin oxide/indium oxide thin film 
"Xie, Qianfang",19.5,1,,"Key Laboratory of Instrumentation Science & Dynamic Measurement, Ministry of Education, North University of China 1 , Taiyuan, Shanxi 030051,",[13] 2025 doi:10.1063/5.0268652 Thermocouple dynamic characteristics compensation based on improved equilibrium optimizer 
"Lin, Chuanlong",19.2,2,,"Carnegie Institution of Washington High Pressure Collaborative Access Team, Geophysical Laboratory, , Argonne, Illinois 60439, USA | Center for High Pressure Science and Technology Advanced Research 3",[8] 2023 doi:10.1063/5.0172530 Time-resolved Raman spectroscopy for monitoring the structural evolution of materials duri; [8] 2015 doi:10.1063/1.4926887 Developments in time-resolved high pressure x-ray diffraction using rapid compression and 
"Shelton, Prabha H.",18.8,1,,"Mechanical and Aerospace Engineering, University of Virginia 1 , Charlottesville, Virginia 22904, USA",[13] 2024 doi:10.1063/5.0190903 A high temperature engine materials test facility
"Wadley, Haydn N. G.",18.8,1,,"Material Science and Engineering, University of Virginia 2 , Charlottesville, Virginia 22904, USA | Mechanical and Aerospace Engineering, University of Virginia 1 , Charlottesville, Virginia 22904, US",[13] 2024 doi:10.1063/5.0190903 A high temperature engine materials test facility
"Penner, Simon",18.8,2,,"Department of Physical Chemistry, University of Innsbruck 1 , Innrain 52c, A-6020 Innsbruck, Austria | Institute of Physical Chemistry, University of Innsbruck 3 , Innrain 52c, 6020 Innsbruck, Austria",[8] 2019 doi:10.1063/1.5065786 An ultra-flexible modular high vacuum setup for thin film deposition; [8] 2018 doi:10.1063/1.5001695 Transmission in situ and operando high temperature X-ray powder diffraction in variable ga
"Opachich, Y. P.",18.8,1,,"Lawrence Livermore National Laboratory 1 , Livermore, California 94551, USA",[15] 2020 doi:10.1063/1.5126123 A multi-wavelength streaked optical pyrometer for dynamic shock compression measurements a
"Crum, R. S.",18.8,1,,"Lawrence Livermore National Laboratory 1 , Livermore, California 94551, USA",[15] 2020 doi:10.1063/1.5126123 A multi-wavelength streaked optical pyrometer for dynamic shock compression measurements a
"Daene, M. W.",18.8,1,,"Lawrence Livermore National Laboratory 1 , Livermore, California 94551, USA",[15] 2020 doi:10.1063/1.5126123 A multi-wavelength streaked optical pyrometer for dynamic shock compression measurements a
"Mehta, H. N.",18.8,1,,"University of California Irvine 3 , Irvine, California 92617, USA",[15] 2020 doi:10.1063/1.5126123 A multi-wavelength streaked optical pyrometer for dynamic shock compression measurements a
"Shelton, H. L.",18.8,1,,"Lawrence Livermore National Laboratory 1 , Livermore, California 94551, USA",[15] 2020 doi:10.1063/1.5126123 A multi-wavelength streaked optical pyrometer for dynamic shock compression measurements a
"Watts, P.",18.8,1,,"Lawrence Livermore National Laboratory 1 , Livermore, California 94551, USA",[15] 2020 doi:10.1063/1.5126123 A multi-wavelength streaked optical pyrometer for dynamic shock compression measurements a
"Li, Gang",18.8,1,,"State Key Laboratory of Molecular Reaction Dynamics, Collaborative Innovation Center of Chemistry for Energy and Materials, Dalian Institute of Chemical Physics, Chinese Academy of Sciences 1 , 457 Zh",[15] 2020 doi:10.1063/1.5141897 Infrared + vacuum ultraviolet two-color ionization spectroscopy of neutral metal complexes
"Wang, Chong",18.8,1,,"State Key Laboratory of Molecular Reaction Dynamics, Collaborative Innovation Center of Chemistry for Energy and Materials, Dalian Institute of Chemical Physics, Chinese Academy of Sciences 1 , 457 Zh",[15] 2020 doi:10.1063/1.5141897 Infrared + vacuum ultraviolet two-color ionization spectroscopy of neutral metal complexes
"Li, Qinming",18.8,1,,"State Key Laboratory of Molecular Reaction Dynamics, Collaborative Innovation Center of Chemistry for Energy and Materials, Dalian Institute of Chemical Physics, Chinese Academy of Sciences 1 , 457 Zh",[15] 2020 doi:10.1063/1.5141897 Infrared + vacuum ultraviolet two-color ionization spectroscopy of neutral metal complexes
"Zheng, Huijun",18.8,1,,"State Key Laboratory of Molecular Reaction Dynamics, Collaborative Innovation Center of Chemistry for Energy and Materials, Dalian Institute of Chemical Physics, Chinese Academy of Sciences 1 , 457 Zh",[15] 2020 doi:10.1063/1.5141897 Infrared + vacuum ultraviolet two-color ionization spectroscopy of neutral metal complexes
"Wang, Tiantong",18.8,1,,"State Key Laboratory of Molecular Reaction Dynamics, Collaborative Innovation Center of Chemistry for Energy and Materials, Dalian Institute of Chemical Physics, Chinese Academy of Sciences 1 , 457 Zh",[15] 2020 doi:10.1063/1.5141897 Infrared + vacuum ultraviolet two-color ionization spectroscopy of neutral metal complexes
"Yu, Yong",18.8,1,,"State Key Laboratory of Molecular Reaction Dynamics, Collaborative Innovation Center of Chemistry for Energy and Materials, Dalian Institute of Chemical Physics, Chinese Academy of Sciences 1 , 457 Zh",[15] 2020 doi:10.1063/1.5141897 Infrared + vacuum ultraviolet two-color ionization spectroscopy of neutral metal complexes
"Su, Mingzhi",18.8,1,,"State Key Laboratory of Molecular Reaction Dynamics, Collaborative Innovation Center of Chemistry for Energy and Materials, Dalian Institute of Chemical Physics, Chinese Academy of Sciences 1 , 457 Zh",[15] 2020 doi:10.1063/1.5141897 Infrared + vacuum ultraviolet two-color ionization spectroscopy of neutral metal complexes
"Yang, Dong",18.8,1,,"State Key Laboratory of Molecular Reaction Dynamics, Collaborative Innovation Center of Chemistry for Energy and Materials, Dalian Institute of Chemical Physics, Chinese Academy of Sciences 1 , 457 Zh",[15] 2020 doi:10.1063/1.5141897 Infrared + vacuum ultraviolet two-color ionization spectroscopy of neutral metal complexes
"Shi, Lei",18.8,1,,"State Key Laboratory of Molecular Reaction Dynamics, Collaborative Innovation Center of Chemistry for Energy and Materials, Dalian Institute of Chemical Physics, Chinese Academy of Sciences 1 , 457 Zh",[15] 2020 doi:10.1063/1.5141897 Infrared + vacuum ultraviolet two-color ionization spectroscopy of neutral metal complexes
"Yang, Jiayue",18.8,1,,"State Key Laboratory of Molecular Reaction Dynamics, Collaborative Innovation Center of Chemistry for Energy and Materials, Dalian Institute of Chemical Physics, Chinese Academy of Sciences 1 , 457 Zh",[15] 2020 doi:10.1063/1.5141897 Infrared + vacuum ultraviolet two-color ionization spectroscopy of neutral metal complexes
"He, Zhigang",18.8,1,,"State Key Laboratory of Molecular Reaction Dynamics, Collaborative Innovation Center of Chemistry for Energy and Materials, Dalian Institute of Chemical Physics, Chinese Academy of Sciences 1 , 457 Zh",[15] 2020 doi:10.1063/1.5141897 Infrared + vacuum ultraviolet two-color ionization spectroscopy of neutral metal complexes
"Xie, Hua",18.8,1,,"State Key Laboratory of Molecular Reaction Dynamics, Collaborative Innovation Center of Chemistry for Energy and Materials, Dalian Institute of Chemical Physics, Chinese Academy of Sciences 1 , 457 Zh",[15] 2020 doi:10.1063/1.5141897 Infrared + vacuum ultraviolet two-color ionization spectroscopy of neutral metal complexes
"Fan, Hongjun",18.8,1,,"State Key Laboratory of Molecular Reaction Dynamics, Collaborative Innovation Center of Chemistry for Energy and Materials, Dalian Institute of Chemical Physics, Chinese Academy of Sciences 1 , 457 Zh",[15] 2020 doi:10.1063/1.5141897 Infrared + vacuum ultraviolet two-color ionization spectroscopy of neutral metal complexes
"Zhang, Weiqing",18.8,1,,"State Key Laboratory of Molecular Reaction Dynamics, Collaborative Innovation Center of Chemistry for Energy and Materials, Dalian Institute of Chemical Physics, Chinese Academy of Sciences 1 , 457 Zh",[15] 2020 doi:10.1063/1.5141897 Infrared + vacuum ultraviolet two-color ionization spectroscopy of neutral metal complexes
"Dai, Dongxu",18.8,1,,"State Key Laboratory of Molecular Reaction Dynamics, Collaborative Innovation Center of Chemistry for Energy and Materials, Dalian Institute of Chemical Physics, Chinese Academy of Sciences 1 , 457 Zh",[15] 2020 doi:10.1063/1.5141897 Infrared + vacuum ultraviolet two-color ionization spectroscopy of neutral metal complexes
"Wu, Guorong",18.8,1,,"State Key Laboratory of Molecular Reaction Dynamics, Collaborative Innovation Center of Chemistry for Energy and Materials, Dalian Institute of Chemical Physics, Chinese Academy of Sciences 1 , 457 Zh",[15] 2020 doi:10.1063/1.5141897 Infrared + vacuum ultraviolet two-color ionization spectroscopy of neutral metal complexes
"Yang, Xueming",18.8,1,,"Department of Chemistry, School of Science, Southern University of Science and Technology 3 , Shenzhen 518055, China | State Key Laboratory of Molecular Reaction Dynamics, Collaborative Innovation Cen",[15] 2020 doi:10.1063/1.5141897 Infrared + vacuum ultraviolet two-color ionization spectroscopy of neutral metal complexes
"Jiang, Ling",18.8,1,,"State Key Laboratory of Molecular Reaction Dynamics, Collaborative Innovation Center of Chemistry for Energy and Materials, Dalian Institute of Chemical Physics, Chinese Academy of Sciences 1 , 457 Zh",[15] 2020 doi:10.1063/1.5141897 Infrared + vacuum ultraviolet two-color ionization spectroscopy of neutral metal complexes
"Chahil, Narpinder Singh",18.7,1,,"Department of Physics and Astronomy and MINT Center, The University of Alabama , Tuscaloosa, Alabama 35487, USA",[17] 2017 doi:10.1063/1.4995418 Note: A wide temperature range MOKE system with annealing capability
"Mankey, G. J.",18.7,1,,"Department of Physics and Astronomy and MINT Center, The University of Alabama , Tuscaloosa, Alabama 35487, USA",[17] 2017 doi:10.1063/1.4995418 Note: A wide temperature range MOKE system with annealing capability
"Zhao, Changjian",18.6,1,,"China Academy of Launch Vehicle Technology 1 , Beijing 100076,",[12] 2026 doi:10.1063/5.0295219 A testing method for aeroengine casings under high-temperature aerodynamic fatigue loads
"Wang, Xiaohui",18.6,1,,"Beijing Institute of Structure and Environment Engineering 3 , Beijing 100076,",[12] 2026 doi:10.1063/5.0295219 A testing method for aeroengine casings under high-temperature aerodynamic fatigue loads
"Shen, Lian",18.6,1,,"Aero Engine Corporation of China Sichuan Gas Turbine Research Institute 4 , Chengdu 610500,",[12] 2026 doi:10.1063/5.0295219 A testing method for aeroengine casings under high-temperature aerodynamic fatigue loads
"Zhu, Jiang",18.6,1,,"China Academy of Launch Vehicle Technology 1 , Beijing 100076,",[12] 2026 doi:10.1063/5.0295219 A testing method for aeroengine casings under high-temperature aerodynamic fatigue loads
"Shao, Hongyan",18.6,1,,"Aero Engine Corporation of China Sichuan Gas Turbine Research Institute 4 , Chengdu 610500,",[12] 2026 doi:10.1063/5.0295219 A testing method for aeroengine casings under high-temperature aerodynamic fatigue loads
"Chen, Ziguang",18.6,1,,"School of Aerospace Engineering, Huazhong University of Science and Technology 2 , Wuhan 430074,",[12] 2026 doi:10.1063/5.0295219 A testing method for aeroengine casings under high-temperature aerodynamic fatigue loads
"Wang, Y. Q.",18.4,1,,"Centre of Excellence for Advanced Materials 4 , Songshan Lake, Dongguan, Guangdong 523808, China | Department of Mechanical Engineering, University of Bristol 1 , Bristol BS8 1TR, United Kingdom | Uni",[16] 2018 doi:10.1063/1.5001085 An in situ thermo-mechanical rig for lattice strain measurement during creep using neutron
"Kabra, S.",18.4,1,,"Centre of Excellence for Advanced Materials 4 , Songshan Lake, Dongguan, Guangdong 523808, China | ISIS Neutron Facility, RAL, STFC 3 , Didcot, Oxfordshire OX11 0QX, United Kingdom",[16] 2018 doi:10.1063/1.5001085 An in situ thermo-mechanical rig for lattice strain measurement during creep using neutron
"Zhang, S. Y.",18.4,1,,"Centre of Excellence for Advanced Materials 4 , Songshan Lake, Dongguan, Guangdong 523808, China | ISIS Neutron Facility, RAL, STFC 3 , Didcot, Oxfordshire OX11 0QX, United Kingdom",[16] 2018 doi:10.1063/1.5001085 An in situ thermo-mechanical rig for lattice strain measurement during creep using neutron
"Truman, C. E.",18.4,1,,"Centre of Excellence for Advanced Materials 4 , Songshan Lake, Dongguan, Guangdong 523808, China | Department of Mechanical Engineering, University of Bristol 1 , Bristol BS8 1TR, United Kingdom",[16] 2018 doi:10.1063/1.5001085 An in situ thermo-mechanical rig for lattice strain measurement during creep using neutron
"Smith, D. J.",18.4,1,,"Centre of Excellence for Advanced Materials 4 , Songshan Lake, Dongguan, Guangdong 523808, China | Department of Mechanical Engineering, University of Bristol 1 , Bristol BS8 1TR, United Kingdom",[16] 2018 doi:10.1063/1.5001085 An in situ thermo-mechanical rig for lattice strain measurement during creep using neutron
"Smith, Jesse S.",18.4,2,,"Carnegie Institution of Washington High Pressure Collaborative Access Team, Geophysical Laboratory, , Argonne, Illinois 60439, USA | High Pressure Collaborative Access Team, Geophysical Laboratory, Ca",[9] 2018 doi:10.1063/1.5040508 A CO2 laser heating system for in situ high pressure-temperature experiments at HPCAT; [8] 2015 doi:10.1063/1.4926887 Developments in time-resolved high pressure x-ray diffraction using rapid compression and 
"Rod, Eric",18.4,2,,"Carnegie Institution of Washington High Pressure Collaborative Access Team, Geophysical Laboratory, , Argonne, Illinois 60439, USA | High Pressure Collaborative Access Team, Geophysical Laboratory, Ca",[9] 2018 doi:10.1063/1.5040508 A CO2 laser heating system for in situ high pressure-temperature experiments at HPCAT; [8] 2015 doi:10.1063/1.4926887 Developments in time-resolved high pressure x-ray diffraction using rapid compression and 
"Gunnlaugsson, H. P.",18.2,1,,"Science Institute, University of Iceland 1 , Dunhaga 3, IS-107 Reykjavík, Iceland",[14] 2021 doi:10.1063/5.0020951 Annealing studies combined with low temperature emission Mössbauer spectroscopy of short-l
"Masenda, H.",18.2,1,,"School of Physics, University of the Witwatersrand 2 , Johannesburg 2050, South Africa",[14] 2021 doi:10.1063/5.0020951 Annealing studies combined with low temperature emission Mössbauer spectroscopy of short-l
"Mølholt, T. E.",18.2,1,,"DTU Health Technology, Risø Campus 3 , Frederiksborgvej 399, 4000 Roskilde, Denmark",[14] 2021 doi:10.1063/5.0020951 Annealing studies combined with low temperature emission Mössbauer spectroscopy of short-l
"Bharuth-Ram, K.",18.2,1,,"Physics Department, Durban University of Technology 5 , Durban 4000, South Africa | School of Chemistry and Physics, University of KwaZulu-Natal 4 , Durban 4001, South Africa",[14] 2021 doi:10.1063/5.0020951 Annealing studies combined with low temperature emission Mössbauer spectroscopy of short-l
"Ólafsson, S.",18.2,1,,"Science Institute, University of Iceland 1 , Dunhaga 3, IS-107 Reykjavík, Iceland",[14] 2021 doi:10.1063/5.0020951 Annealing studies combined with low temperature emission Mössbauer spectroscopy of short-l
"Johnston, K.",18.2,1,,"EP Department, ISOLDE/CERN 6 , 1211 Geneva 23, Switzerland",[14] 2021 doi:10.1063/5.0020951 Annealing studies combined with low temperature emission Mössbauer spectroscopy of short-l
"Schell, J.",18.2,1,,"EP Department, ISOLDE/CERN 6 , 1211 Geneva 23, Switzerland | Institute for Materials Science and Center for Nanointegration Duisburg-Essen (CENIDE), University of Duisburg-Essen 7 , 45141 Essen, Germa",[14] 2021 doi:10.1063/5.0020951 Annealing studies combined with low temperature emission Mössbauer spectroscopy of short-l
"Gislason, H. P.",18.2,1,,"Science Institute, University of Iceland 1 , Dunhaga 3, IS-107 Reykjavík, Iceland",[14] 2021 doi:10.1063/5.0020951 Annealing studies combined with low temperature emission Mössbauer spectroscopy of short-l
"Krastev, P. B.",18.2,1,,"Institute for Nuclear Research and Nuclear Energy, Bulgarian Academy of Sciences 8 , 72 Tsarigradsko Chaussee Boulevard, Sofia 1784, Bulgaria",[14] 2021 doi:10.1063/5.0020951 Annealing studies combined with low temperature emission Mössbauer spectroscopy of short-l
"Mantovan, R.",18.2,1,,"CNR-IMM, Unità di Agrate Brianza 9 , Via Olivetti 2, 20864 Agrate Brianza (MB), Italy",[14] 2021 doi:10.1063/5.0020951 Annealing studies combined with low temperature emission Mössbauer spectroscopy of short-l
"Naidoo, D.",18.2,1,,"School of Physics, University of the Witwatersrand 2 , Johannesburg 2050, South Africa",[14] 2021 doi:10.1063/5.0020951 Annealing studies combined with low temperature emission Mössbauer spectroscopy of short-l
"Qi, B.",18.2,1,,"Science Institute, University of Iceland 1 , Dunhaga 3, IS-107 Reykjavík, Iceland",[14] 2021 doi:10.1063/5.0020951 Annealing studies combined with low temperature emission Mössbauer spectroscopy of short-l
"Unzueta, I.",18.2,1,,"Department of Applied Mathematics, University of the Basque Country (UPV/EHU) 10 , Torres Quevedo Ingeniaria Plaza 1, 48013 Bilbao, Spain",[14] 2021 doi:10.1063/5.0020951 Annealing studies combined with low temperature emission Mössbauer spectroscopy of short-l
"Liu, Shunming",18.0,1,,"Institute of High Energy Physics, Chinese Academy of Sciences 2 , Beijing 100049, | Spallation Neutron Source Science Center 1 , Dongguan 523803,",[12] 2025 doi:10.1063/5.0301868 Design of the front-end vacuum system and performance assessment of dry pumps
"Wang, Yigang",18.0,1,,"Institute of High Energy Physics, Chinese Academy of Sciences 2 , Beijing 100049, | Spallation Neutron Source Science Center 1 , Dongguan 523803,",[12] 2025 doi:10.1063/5.0301868 Design of the front-end vacuum system and performance assessment of dry pumps
"Wang, Pengcheng",18.0,1,,"Guangdong Provincial Key Laboratory of Extreme Conditions 3 , Dongguan 523803, | Institute of High Energy Physics, Chinese Academy of Sciences 2 , Beijing 100049, | Spallation Neutron Source Science C",[12] 2025 doi:10.1063/5.0301868 Design of the front-end vacuum system and performance assessment of dry pumps
"Liu, Jiaming",18.0,1,,"Institute of High Energy Physics, Chinese Academy of Sciences 2 , Beijing 100049, | Spallation Neutron Source Science Center 1 , Dongguan 523803,",[12] 2025 doi:10.1063/5.0301868 Design of the front-end vacuum system and performance assessment of dry pumps
"Tan, Biao",18.0,1,,"Institute of High Energy Physics, Chinese Academy of Sciences 2 , Beijing 100049, | Spallation Neutron Source Science Center 1 , Dongguan 523803,",[12] 2025 doi:10.1063/5.0301868 Design of the front-end vacuum system and performance assessment of dry pumps
"Sun, Xiaoyang",18.0,1,,"Institute of High Energy Physics, Chinese Academy of Sciences 2 , Beijing 100049, | Spallation Neutron Source Science Center 1 , Dongguan 523803,",[12] 2025 doi:10.1063/5.0301868 Design of the front-end vacuum system and performance assessment of dry pumps
"Zhu, Bangle",18.0,1,,"Institute of High Energy Physics, Chinese Academy of Sciences 2 , Beijing 100049, | Spallation Neutron Source Science Center 1 , Dongguan 523803,",[12] 2025 doi:10.1063/5.0301868 Design of the front-end vacuum system and performance assessment of dry pumps
"Song, Hong",18.0,1,,"Institute of High Energy Physics, Chinese Academy of Sciences 2 , Beijing 100049, | Spallation Neutron Source Science Center 1 , Dongguan 523803,",[12] 2025 doi:10.1063/5.0301868 Design of the front-end vacuum system and performance assessment of dry pumps
"Guan, Yuhui",18.0,1,,"Institute of High Energy Physics, Chinese Academy of Sciences 2 , Beijing 100049, | Spallation Neutron Source Science Center 1 , Dongguan 523803,",[12] 2025 doi:10.1063/5.0301868 Design of the front-end vacuum system and performance assessment of dry pumps
"Chen, Weidong",18.0,1,,"Institute of High Energy Physics, Chinese Academy of Sciences 2 , Beijing 100049, | Spallation Neutron Source Science Center 1 , Dongguan 523803,",[12] 2025 doi:10.1063/5.0301868 Design of the front-end vacuum system and performance assessment of dry pumps
"Liu, Shengjin",18.0,1,,"Institute of High Energy Physics, Chinese Academy of Sciences 2 , Beijing 100049, | Spallation Neutron Source Science Center 1 , Dongguan 523803,",[12] 2025 doi:10.1063/5.0301868 Design of the front-end vacuum system and performance assessment of dry pumps
"Xiao, Yongchuan",18.0,1,,"Institute of High Energy Physics, Chinese Academy of Sciences 2 , Beijing 100049, | Spallation Neutron Source Science Center 1 , Dongguan 523803,",[12] 2025 doi:10.1063/5.0301868 Design of the front-end vacuum system and performance assessment of dry pumps
"Lü, Yongjia",18.0,1,,"Institute of High Energy Physics, Chinese Academy of Sciences 2 , Beijing 100049, | Spallation Neutron Source Science Center 1 , Dongguan 523803,",[12] 2025 doi:10.1063/5.0301868 Design of the front-end vacuum system and performance assessment of dry pumps
"Qu, Peihua",18.0,1,,"Institute of High Energy Physics, Chinese Academy of Sciences 2 , Beijing 100049, | Spallation Neutron Source Science Center 1 , Dongguan 523803,",[12] 2025 doi:10.1063/5.0301868 Design of the front-end vacuum system and performance assessment of dry pumps
"Tiwari, Apoorv",18.0,1,,"Department of Physics, Birla Institute of Technology , Mesra, Ranchi, Jharkhand 835215,",[12] 2025 doi:10.1063/5.0242943 Reconstruction of local emissivity profile from line integrated data using Abel transform
"Dhal, Somita",18.0,1,,"Department of Physics, Birla Institute of Technology , Mesra, Ranchi, Jharkhand 835215,",[12] 2025 doi:10.1063/5.0242943 Reconstruction of local emissivity profile from line integrated data using Abel transform
"Paul, R. K.",18.0,1,,"Department of Physics, Birla Institute of Technology , Mesra, Ranchi, Jharkhand 835215,",[12] 2025 doi:10.1063/5.0242943 Reconstruction of local emissivity profile from line integrated data using Abel transform
"Toigo, V.",18.0,2,,"Consorzio RFX (CNR, ENEA, INFN, UNIPD, Acciaierie Venete SpA) 1 , Corso Stati Uniti 4, 35127 Padova, Italy",[8] 2020 doi:10.1063/1.5133076 First operation in SPIDER and the path to complete MITICA; [8] 2015 doi:10.1063/1.4935209 Numerical simulations of the first operational conditions of the negative ion test facilit
"Chitarin, G.",18.0,2,,"Consorzio RFX (CNR, ENEA, INFN, UNIPD, Acciaierie Venete SpA) 1 , Corso Stati Uniti 4, 35127 Padova, Italy | Dept. of Management and Engineering, Università degli Studi di Padova 2 , Strad. S. Nicola ",[8] 2020 doi:10.1063/1.5133076 First operation in SPIDER and the path to complete MITICA; [8] 2015 doi:10.1063/1.4935209 Numerical simulations of the first operational conditions of the negative ion test facilit
"Agostinetti, P.",18.0,2,,"Consorzio RFX (CNR, ENEA, INFN, UNIPD, Acciaierie Venete SpA) 1 , Corso Stati Uniti 4, 35127 Padova, Italy",[8] 2020 doi:10.1063/1.5133076 First operation in SPIDER and the path to complete MITICA; [8] 2015 doi:10.1063/1.4935209 Numerical simulations of the first operational conditions of the negative ion test facilit
"Antoni, V.",18.0,2,,"Consorzio RFX (CNR, ENEA, INFN, UNIPD, Acciaierie Venete SpA) 1 , Corso Stati Uniti 4, 35127 Padova, Italy",[8] 2020 doi:10.1063/1.5133076 First operation in SPIDER and the path to complete MITICA; [8] 2015 doi:10.1063/1.4935209 Numerical simulations of the first operational conditions of the negative ion test facilit
"Marconato, N.",18.0,2,,"Consorzio RFX (CNR, ENEA, INFN, UNIPD, Acciaierie Venete SpA) 1 , Corso Stati Uniti 4, 35127 Padova, Italy",[8] 2020 doi:10.1063/1.5133076 First operation in SPIDER and the path to complete MITICA; [8] 2015 doi:10.1063/1.4935209 Numerical simulations of the first operational conditions of the negative ion test facilit
"Sartori, E.",18.0,2,,"Consorzio RFX (CNR, ENEA, INFN, UNIPD, Acciaierie Venete SpA) 1 , Corso Stati Uniti 4, 35127 Padova, Italy | Dept. of Management and Engineering, Università degli Studi di Padova 2 , Strad. S. Nicola ",[8] 2020 doi:10.1063/1.5133076 First operation in SPIDER and the path to complete MITICA; [8] 2015 doi:10.1063/1.4935209 Numerical simulations of the first operational conditions of the negative ion test facilit
"Cavenago, M.",18.0,2,,"INFN-LNL 2 , Viale dell’Università n. 2, 35020 Legnaro, Italy | INFN-Laboratori Nazionali di Legnaro (LNL) 3 , v.le dell’Università 2, I-35020 Legnaro, PD, Italy",[8] 2020 doi:10.1063/1.5133076 First operation in SPIDER and the path to complete MITICA; [8] 2015 doi:10.1063/1.4935209 Numerical simulations of the first operational conditions of the negative ion test facilit
"Veltri, P.",18.0,2,,"Consorzio RFX (CNR, ENEA, INFN, UNIPD, Acciaierie Venete SpA) 1 , Corso Stati Uniti 4, 35127 Padova, Italy | ITER Organization, Route de Vinon-sur-Verdon 4 , CS 90 046, F-13067 St. Paul-lez-Durance, F",[8] 2020 doi:10.1063/1.5133076 First operation in SPIDER and the path to complete MITICA; [8] 2015 doi:10.1063/1.4935209 Numerical simulations of the first operational conditions of the negative ion test facilit
"Doran, A.",17.6,1,,"Lawrence Berkeley National Laboratory 1 Advanced Light Source, , Berkeley, California 94720, USA",[16] 2017 doi:10.1063/1.4973561 Compact low power infrared tube furnace for in situ X-ray powder diffraction
"Schlicker, L.",17.6,1,,"Technische Universität Berlin 3 Fachgebiet Keramische Werkstoffe/Chair of Advanced Ceramic Materials, Institut für Werkstoffwissenschaften- und technologien, , Hardenbergstr. 40, D-10623 Berlin, Germa",[16] 2017 doi:10.1063/1.4973561 Compact low power infrared tube furnace for in situ X-ray powder diffraction
"Beavers, C. M.",17.6,1,,"Earth and Planetary Sciences 4 , UC Santa Cruz, 1156 High Street, Santa Cruz, California 95064, USA | Lawrence Berkeley National Laboratory 1 Advanced Light Source, , Berkeley, California 94720, USA",[16] 2017 doi:10.1063/1.4973561 Compact low power infrared tube furnace for in situ X-ray powder diffraction
"Bhat, S.",17.6,1,,"Technische Universität Darmstadt 2 Fachgebiet Disperse Feststoffe, Institut für Geo- und Materialwissenschaft, , Jovanka-Bontschits-St. 2, D-64285 Darmstadt, Germany",[16] 2017 doi:10.1063/1.4973561 Compact low power infrared tube furnace for in situ X-ray powder diffraction
"Bekheet, M. F.",17.6,1,,"Technische Universität Berlin 3 Fachgebiet Keramische Werkstoffe/Chair of Advanced Ceramic Materials, Institut für Werkstoffwissenschaften- und technologien, , Hardenbergstr. 40, D-10623 Berlin, Germa",[16] 2017 doi:10.1063/1.4973561 Compact low power infrared tube furnace for in situ X-ray powder diffraction
"Gurlo, A.",17.6,1,,"Technische Universität Berlin 3 Fachgebiet Keramische Werkstoffe/Chair of Advanced Ceramic Materials, Institut für Werkstoffwissenschaften- und technologien, , Hardenbergstr. 40, D-10623 Berlin, Germa",[16] 2017 doi:10.1063/1.4973561 Compact low power infrared tube furnace for in situ X-ray powder diffraction
"Pedrosa, Paulo",17.6,1,,"Université Bourgogne Franche-Comté 1 Institut FEMTO-ST, UMR 6174 CNRS, , 15B Avenue des Montboucons, 25030 Cedex Besançon, France",[16] 2017 doi:10.1063/1.4974847 In situ electrical resistivity measurements of vanadium thin films performed in vacuum dur
"Cote, Jean-Marc",17.6,1,,"Université Bourgogne Franche-Comté 1 Institut FEMTO-ST, UMR 6174 CNRS, , 15B Avenue des Montboucons, 25030 Cedex Besançon, France",[16] 2017 doi:10.1063/1.4974847 In situ electrical resistivity measurements of vanadium thin films performed in vacuum dur
"Martin, Nicolas",17.6,1,,"Université Bourgogne Franche-Comté 1 Institut FEMTO-ST, UMR 6174 CNRS, , 15B Avenue des Montboucons, 25030 Cedex Besançon, France",[16] 2017 doi:10.1063/1.4974847 In situ electrical resistivity measurements of vanadium thin films performed in vacuum dur
"Arab Pour Yazdi, Mohammad",17.6,1,,"Université Bourgogne Franche-Comté 2 Institut FEMTO-ST, UMR 6174 CNRS, UTBM, , F-90010 Cedex Belfort, France",[16] 2017 doi:10.1063/1.4974847 In situ electrical resistivity measurements of vanadium thin films performed in vacuum dur
"Billard, Alain",17.6,1,,"Université Bourgogne Franche-Comté 2 Institut FEMTO-ST, UMR 6174 CNRS, UTBM, , F-90010 Cedex Belfort, France",[16] 2017 doi:10.1063/1.4974847 In situ electrical resistivity measurements of vanadium thin films performed in vacuum dur
"Taylor, Andrew S.",17.6,1,,"Department of Physics, Northeastern University , Boston, Massachusetts 02115, USA",[16] 2017 doi:10.1063/1.5009490 Note: Retrofitting an analog spectrometer for high resolving power in NUV–NIR
"Batishchev, Oleg V.",17.6,1,,"Department of Physics, Northeastern University , Boston, Massachusetts 02115, USA",[16] 2017 doi:10.1063/1.5009490 Note: Retrofitting an analog spectrometer for high resolving power in NUV–NIR
"Werner, T.",17.5,1,,"Institut für Materialphysik im Weltraum, Deutsches Zentrum für Luft- und Raumfahrt (DLR) , 51147 Köln, Germany",[14] 2020 doi:10.1063/5.0004356 Gas-loading furnace for deuterium-charged alloy-casting
"Lehmann, P.",17.5,1,,"Institut für Materialphysik im Weltraum, Deutsches Zentrum für Luft- und Raumfahrt (DLR) , 51147 Köln, Germany",[14] 2020 doi:10.1063/5.0004356 Gas-loading furnace for deuterium-charged alloy-casting
"Baumann, J.",17.5,1,,"Institut für Materialphysik im Weltraum, Deutsches Zentrum für Luft- und Raumfahrt (DLR) , 51147 Köln, Germany",[14] 2020 doi:10.1063/5.0004356 Gas-loading furnace for deuterium-charged alloy-casting
"Tyburska-Püschel, B.",17.5,1,,"Institut für Materialphysik im Weltraum, Deutsches Zentrum für Luft- und Raumfahrt (DLR) , 51147 Köln, Germany",[14] 2020 doi:10.1063/5.0004356 Gas-loading furnace for deuterium-charged alloy-casting
"Lohöfer, G.",17.4,1,,"Institut für Materialphysik im Weltraum, Deutsches Zentrum für Luft- und Raumfahrt (DLR) , 51170 Köln, Germany",[12] 2024 doi:10.1063/5.0182719 TEMPUS—A microgravity electromagnetic levitation facility for parabolic flights
"Beckers, M.",17.4,1,,"Institut für Materialphysik im Weltraum, Deutsches Zentrum für Luft- und Raumfahrt (DLR) , 51170 Köln, Germany",[12] 2024 doi:10.1063/5.0182719 TEMPUS—A microgravity electromagnetic levitation facility for parabolic flights
"Blumberg, T.",17.4,1,,"Institut für Materialphysik im Weltraum, Deutsches Zentrum für Luft- und Raumfahrt (DLR) , 51170 Köln, Germany",[12] 2024 doi:10.1063/5.0182719 TEMPUS—A microgravity electromagnetic levitation facility for parabolic flights
"Schneider, S.",17.4,1,,"Institut für Materialphysik im Weltraum, Deutsches Zentrum für Luft- und Raumfahrt (DLR) , 51170 Köln, Germany",[12] 2024 doi:10.1063/5.0182719 TEMPUS—A microgravity electromagnetic levitation facility for parabolic flights
"Volkmann, T.",17.4,1,,"Institut für Materialphysik im Weltraum, Deutsches Zentrum für Luft- und Raumfahrt (DLR) , 51170 Köln, Germany",[12] 2024 doi:10.1063/5.0182719 TEMPUS—A microgravity electromagnetic levitation facility for parabolic flights
"Meyer, A.",17.4,1,,"Institut für Materialphysik im Weltraum, Deutsches Zentrum für Luft- und Raumfahrt (DLR) , 51170 Köln, Germany",[12] 2024 doi:10.1063/5.0182719 TEMPUS—A microgravity electromagnetic levitation facility for parabolic flights
"Gomez Alvarado, Steven J.",17.4,1,,"Materials Department, University of California 1 , Santa Barbara, California 93106-5050, USA",[12] 2024 doi:10.1063/5.0186528 Advances in high-pressure laser floating zone growth: The Laser Optical Kristallmacher II 
"Jackson, Azzedin",17.4,1,,"Materials Department, University of California 1 , Santa Barbara, California 93106-5050, USA",[12] 2024 doi:10.1063/5.0186528 Advances in high-pressure laser floating zone growth: The Laser Optical Kristallmacher II 
"Kautzsch, Linus",17.4,1,,"Materials Department, University of California 1 , Santa Barbara, California 93106-5050, USA",[12] 2024 doi:10.1063/5.0186528 Advances in high-pressure laser floating zone growth: The Laser Optical Kristallmacher II 
"Plumb, Jayden",17.4,1,,"Department of Mechanical Engineering, University of California 3 , Santa Barbara, California 93106-5050, USA | Materials Department, University of California 1 , Santa Barbara, California 93106-5050, ",[12] 2024 doi:10.1063/5.0186528 Advances in high-pressure laser floating zone growth: The Laser Optical Kristallmacher II 
"Capa Salinas, Andrea N.",17.4,1,,"Materials Department, University of California 1 , Santa Barbara, California 93106-5050, USA",[12] 2024 doi:10.1063/5.0186528 Advances in high-pressure laser floating zone growth: The Laser Optical Kristallmacher II 
"Pokharel, Ganesh",17.4,1,,"Materials Department, University of California 1 , Santa Barbara, California 93106-5050, USA",[12] 2024 doi:10.1063/5.0186528 Advances in high-pressure laser floating zone growth: The Laser Optical Kristallmacher II 
"Pang, Yiming",17.4,1,,"Materials Department, University of California 1 , Santa Barbara, California 93106-5050, USA",[12] 2024 doi:10.1063/5.0186528 Advances in high-pressure laser floating zone growth: The Laser Optical Kristallmacher II 
"Gomez, Reina M.",17.4,1,,"Materials Department, University of California 1 , Santa Barbara, California 93106-5050, USA",[12] 2024 doi:10.1063/5.0186528 Advances in high-pressure laser floating zone growth: The Laser Optical Kristallmacher II 
"Daly, Samantha",17.4,1,,"Department of Mechanical Engineering, University of California 3 , Santa Barbara, California 93106-5050, USA",[12] 2024 doi:10.1063/5.0186528 Advances in high-pressure laser floating zone growth: The Laser Optical Kristallmacher II 
"Chang, J.",17.4,1,,"School of Physical Science and Technology, Northwestern Polytechnical University , Xi’an 710072, People’s Republic of China",[12] 2024 doi:10.1063/5.0191962 Remarkable undercooling capability and metastable thermophysical properties of liquid Nb84
"Wang, H. P.",17.4,1,,"School of Physical Science and Technology, Northwestern Polytechnical University , Xi’an 710072, People’s Republic of China",[12] 2024 doi:10.1063/5.0191962 Remarkable undercooling capability and metastable thermophysical properties of liquid Nb84
"Liao, H.",17.4,1,,"School of Physical Science and Technology, Northwestern Polytechnical University , Xi’an 710072, People’s Republic of China",[12] 2024 doi:10.1063/5.0191962 Remarkable undercooling capability and metastable thermophysical properties of liquid Nb84
"Liu, D. N.",17.4,1,,"School of Physical Science and Technology, Northwestern Polytechnical University , Xi’an 710072, People’s Republic of China",[12] 2024 doi:10.1063/5.0191962 Remarkable undercooling capability and metastable thermophysical properties of liquid Nb84
"Zheng, C. H.",17.4,1,,"School of Physical Science and Technology, Northwestern Polytechnical University , Xi’an 710072, People’s Republic of China",[12] 2024 doi:10.1063/5.0191962 Remarkable undercooling capability and metastable thermophysical properties of liquid Nb84
"Wang, Q.",17.4,1,,"School of Physical Science and Technology, Northwestern Polytechnical University , Xi’an 710072, People’s Republic of China",[12] 2024 doi:10.1063/5.0191962 Remarkable undercooling capability and metastable thermophysical properties of liquid Nb84
"Li, M. X.",17.4,1,,"School of Physical Science and Technology, Northwestern Polytechnical University , Xi’an 710072, People’s Republic of China",[12] 2024 doi:10.1063/5.0191962 Remarkable undercooling capability and metastable thermophysical properties of liquid Nb84
"Zuo, D. D.",17.4,1,,"School of Physical Science and Technology, Northwestern Polytechnical University , Xi’an 710072, People’s Republic of China",[12] 2024 doi:10.1063/5.0191962 Remarkable undercooling capability and metastable thermophysical properties of liquid Nb84
"Wei, B.",17.4,1,,"School of Physical Science and Technology, Northwestern Polytechnical University , Xi’an 710072, People’s Republic of China",[12] 2024 doi:10.1063/5.0191962 Remarkable undercooling capability and metastable thermophysical properties of liquid Nb84
"Friedrich, B.",17.2,1,,"Max Born Institute 2 , Max-Born-Strasse 2A, 12489 Berlin, Germany",[15] 2018 doi:10.1063/1.5027071 Development of a hard X-ray split-and-delay line and performance simulations for two-color
"Noll, T.",17.2,1,,"Max Born Institute 2 , Max-Born-Strasse 2A, 12489 Berlin, Germany",[15] 2018 doi:10.1063/1.5027071 Development of a hard X-ray split-and-delay line and performance simulations for two-color
"Zhou, K.",17.2,1,,"Shanghai Institute of Applied Physics, Chinese Academy of Sciences 3 , 201800 Shanghai, China | University of Chinese Academy of Sciences 4 , 100049 Beijing, China",[15] 2018 doi:10.1063/1.5027071 Development of a hard X-ray split-and-delay line and performance simulations for two-color
"Hallmann, J.",17.2,1,,"European X-Ray Free-Electron Laser Facility 1 , Holzkoppel 4, 22869 Schenefeld, Germany",[15] 2018 doi:10.1063/1.5027071 Development of a hard X-ray split-and-delay line and performance simulations for two-color
"Ansaldi, G.",17.2,1,,"European X-Ray Free-Electron Laser Facility 1 , Holzkoppel 4, 22869 Schenefeld, Germany",[15] 2018 doi:10.1063/1.5027071 Development of a hard X-ray split-and-delay line and performance simulations for two-color
"Roth, T.",17.2,1,,"ESRF—The European Synchrotron 5 , 71 Avenue des Martyrs, 38000 Grenoble, France",[15] 2018 doi:10.1063/1.5027071 Development of a hard X-ray split-and-delay line and performance simulations for two-color
"Serkez, S.",17.2,1,,"European X-Ray Free-Electron Laser Facility 1 , Holzkoppel 4, 22869 Schenefeld, Germany",[15] 2018 doi:10.1063/1.5027071 Development of a hard X-ray split-and-delay line and performance simulations for two-color
"Geloni, G.",17.2,1,,"European X-Ray Free-Electron Laser Facility 1 , Holzkoppel 4, 22869 Schenefeld, Germany",[15] 2018 doi:10.1063/1.5027071 Development of a hard X-ray split-and-delay line and performance simulations for two-color
"Madsen, A.",17.2,1,,"European X-Ray Free-Electron Laser Facility 1 , Holzkoppel 4, 22869 Schenefeld, Germany",[15] 2018 doi:10.1063/1.5027071 Development of a hard X-ray split-and-delay line and performance simulations for two-color
"Eisebitt, S.",17.2,1,,"Insitut für Optik und Atomare Physik, Technische Universität Berlin 6 , 10623 Berlin, Germany | Max Born Institute 2 , Max-Born-Strasse 2A, 12489 Berlin, Germany",[15] 2018 doi:10.1063/1.5027071 Development of a hard X-ray split-and-delay line and performance simulations for two-color
"Sneed, D.",17.1,1,,"Lawrence Livermore National Laboratory 1 , Livermore, California 94550,",[11] 2026 doi:10.1063/5.0332507 A new boron nitride and graphite composite heater for rapid resistive heating in the diamo
"O’Bannon, E. F.",17.1,1,,"Lawrence Livermore National Laboratory 1 , Livermore, California 94550,",[11] 2026 doi:10.1063/5.0332507 A new boron nitride and graphite composite heater for rapid resistive heating in the diamo
"Jacob, S.",17.1,1,,"Lawrence Livermore National Laboratory 1 , Livermore, California 94550,",[11] 2026 doi:10.1063/5.0332507 A new boron nitride and graphite composite heater for rapid resistive heating in the diamo
"Bunn, T.",17.1,1,,"2 Department of Mechanical Engineering, University College London, London WC1E 7JE, United Kingdom",[11] 2026 doi:10.1063/5.0332507 A new boron nitride and graphite composite heater for rapid resistive heating in the diamo
"Bele, E.",17.1,1,,"2 Department of Mechanical Engineering, University College London, London WC1E 7JE, United Kingdom",[11] 2026 doi:10.1063/5.0332507 A new boron nitride and graphite composite heater for rapid resistive heating in the diamo
"Macleod, S.",17.1,1,,"3 AWE Nuclear Security Technologies, Aldermaston, Reading RG7 4PR, United Kingdom",[11] 2026 doi:10.1063/5.0332507 A new boron nitride and graphite composite heater for rapid resistive heating in the diamo
"Somayazulu, Maddury",17.1,1,,"High Pressure Collaborative Access Team (HPCAT), Argonne National Laboratory 1 , Lemont, Illinois 60439,",[11] 2026 doi:10.1063/5.0317317 Hyperspectral radiance mapping and chromatic correction for temperature measurement in las
"Velisavljevic, Nenad",17.1,1,,"Department of Physics, Lawrence Livermore National Laboratory 2 , Livermore, California 94550, | High Pressure Collaborative Access Team (HPCAT), Argonne National Laboratory 1 , Lemont, Illinois 60439",[11] 2026 doi:10.1063/5.0317317 Hyperspectral radiance mapping and chromatic correction for temperature measurement in las
"Mille, N.",16.9,1,,"Laboratoire de Physique et Chimie des Nano-Objets (LPNCO), UMR 5215 Université de Toulouse-INSA-CNRS-UPS 1 , 135 av. de Rangueil, 31077 Toulouse Cedex, France",[13] 2021 doi:10.1063/5.0038912 A setup to measure the temperature-dependent heating power of magnetically heated nanopart
"Faure, S.",16.9,1,,"Laboratoire de Physique et Chimie des Nano-Objets (LPNCO), UMR 5215 Université de Toulouse-INSA-CNRS-UPS 1 , 135 av. de Rangueil, 31077 Toulouse Cedex, France",[13] 2021 doi:10.1063/5.0038912 A setup to measure the temperature-dependent heating power of magnetically heated nanopart
"Estrader, M.",16.9,1,,"Laboratoire de Physique et Chimie des Nano-Objets (LPNCO), UMR 5215 Université de Toulouse-INSA-CNRS-UPS 1 , 135 av. de Rangueil, 31077 Toulouse Cedex, France",[13] 2021 doi:10.1063/5.0038912 A setup to measure the temperature-dependent heating power of magnetically heated nanopart
"Yi, D.",16.9,1,,"Laboratoire de Physique et Chimie des Nano-Objets (LPNCO), UMR 5215 Université de Toulouse-INSA-CNRS-UPS 1 , 135 av. de Rangueil, 31077 Toulouse Cedex, France",[13] 2021 doi:10.1063/5.0038912 A setup to measure the temperature-dependent heating power of magnetically heated nanopart
"Marbaix, J.",16.9,1,,"Laboratoire de Physique et Chimie des Nano-Objets (LPNCO), UMR 5215 Université de Toulouse-INSA-CNRS-UPS 1 , 135 av. de Rangueil, 31077 Toulouse Cedex, France",[13] 2021 doi:10.1063/5.0038912 A setup to measure the temperature-dependent heating power of magnetically heated nanopart
"De Masi, D.",16.9,1,,"Laboratoire de Physique et Chimie des Nano-Objets (LPNCO), UMR 5215 Université de Toulouse-INSA-CNRS-UPS 1 , 135 av. de Rangueil, 31077 Toulouse Cedex, France",[13] 2021 doi:10.1063/5.0038912 A setup to measure the temperature-dependent heating power of magnetically heated nanopart
"Soulantica, K.",16.9,1,,"Laboratoire de Physique et Chimie des Nano-Objets (LPNCO), UMR 5215 Université de Toulouse-INSA-CNRS-UPS 1 , 135 av. de Rangueil, 31077 Toulouse Cedex, France",[13] 2021 doi:10.1063/5.0038912 A setup to measure the temperature-dependent heating power of magnetically heated nanopart
"Millán, A.",16.9,1,,"Instituto de Ciencia de Materiales de Aragón, Facultad de Ciencias 2 , C/ Pedro Cerbuna 12, 50009 Zaragoza, Spain",[13] 2021 doi:10.1063/5.0038912 A setup to measure the temperature-dependent heating power of magnetically heated nanopart
"Chaudret, B.",16.9,1,,"Laboratoire de Physique et Chimie des Nano-Objets (LPNCO), UMR 5215 Université de Toulouse-INSA-CNRS-UPS 1 , 135 av. de Rangueil, 31077 Toulouse Cedex, France",[13] 2021 doi:10.1063/5.0038912 A setup to measure the temperature-dependent heating power of magnetically heated nanopart
"Carrey, J.",16.9,1,,"Laboratoire de Physique et Chimie des Nano-Objets (LPNCO), UMR 5215 Université de Toulouse-INSA-CNRS-UPS 1 , 135 av. de Rangueil, 31077 Toulouse Cedex, France",[13] 2021 doi:10.1063/5.0038912 A setup to measure the temperature-dependent heating power of magnetically heated nanopart
"Nishikawa, D.",16.8,1,,"Depertment of Physics, Faculty of Science and Technology, Keio University 1 , 3-14-1 Hiyoshi, Kohoku-ku, Yokohama, Kanagawa 223-8522, Japan",[12] 2023 doi:10.1063/5.0147899 A two-color dual-comb system for time-resolved measurements of ultrafast magnetization dyn
"Maezawa, K.",16.8,1,,"Depertment of Physics, Faculty of Science and Technology, Keio University 1 , 3-14-1 Hiyoshi, Kohoku-ku, Yokohama, Kanagawa 223-8522, Japan",[12] 2023 doi:10.1063/5.0147899 A two-color dual-comb system for time-resolved measurements of ultrafast magnetization dyn
"Fujii, S.",16.8,1,,"Depertment of Physics, Faculty of Science and Technology, Keio University 1 , 3-14-1 Hiyoshi, Kohoku-ku, Yokohama, Kanagawa 223-8522, Japan",[12] 2023 doi:10.1063/5.0147899 A two-color dual-comb system for time-resolved measurements of ultrafast magnetization dyn
"Okano, M.",16.8,1,,"National Defense Academy 2 , 1-10-20 Hashirimizu, Yokosuka, Kanagawa 239-8686, Japan",[12] 2023 doi:10.1063/5.0147899 A two-color dual-comb system for time-resolved measurements of ultrafast magnetization dyn
"Watanabe, S.",16.8,1,,"Depertment of Physics, Faculty of Science and Technology, Keio University 1 , 3-14-1 Hiyoshi, Kohoku-ku, Yokohama, Kanagawa 223-8522, Japan",[12] 2023 doi:10.1063/5.0147899 A two-color dual-comb system for time-resolved measurements of ultrafast magnetization dyn
"Almind, Mads R.",16.8,1,,"Department of Physics, Technical University of Denmark 1 , DK-2800 Kgs. Lyngby, Denmark",[12] 2023 doi:10.1063/5.0113493 Retrofittable plug-flow reactor for in situ high-temperature vibrating sample magnetometry
"Engbæk, Jakob S.",16.8,1,,"Danish Technological Institute 2 , DK-2630 Taastrup, Denmark",[12] 2023 doi:10.1063/5.0113493 Retrofittable plug-flow reactor for in situ high-temperature vibrating sample magnetometry
"Hansen, Mikkel F.",16.8,1,,"Department of Health Technology, Technical University of Denmark 3 , DK-2800 Kgs. Lyngby, Denmark",[12] 2023 doi:10.1063/5.0113493 Retrofittable plug-flow reactor for in situ high-temperature vibrating sample magnetometry
"Vendelbo, Søren B.",16.8,1,,"Danish Technological Institute 2 , DK-2630 Taastrup, Denmark",[12] 2023 doi:10.1063/5.0113493 Retrofittable plug-flow reactor for in situ high-temperature vibrating sample magnetometry
"Mortensen, Peter M.",16.8,1,,"Topsoe A/S 4 , DK-2800 Kgs. Lyngby, Denmark",[12] 2023 doi:10.1063/5.0113493 Retrofittable plug-flow reactor for in situ high-temperature vibrating sample magnetometry
"Damsgaard, Christian D.",16.8,1,,"DTU Nanolab, Technical University of Denmark 5 , DK-2800 Kgs. Lyngby, Denmark | Department of Physics, Technical University of Denmark 1 , DK-2800 Kgs. Lyngby, Denmark",[12] 2023 doi:10.1063/5.0113493 Retrofittable plug-flow reactor for in situ high-temperature vibrating sample magnetometry
"Veile, Thomas",16.8,1,,"Department of Physics, Technical University of Denmark 1 , DK-2800 Kgs. Lyngby, Denmark",[12] 2023 doi:10.1063/5.0113493 Retrofittable plug-flow reactor for in situ high-temperature vibrating sample magnetometry
"Chorkendorff, Ib",16.8,1,,"Department of Physics, Technical University of Denmark 1 , DK-2800 Kgs. Lyngby, Denmark",[12] 2023 doi:10.1063/5.0113493 Retrofittable plug-flow reactor for in situ high-temperature vibrating sample magnetometry
"Wang, Jiawei",16.8,1,,"College of Aeronautics, Northwestern Polytechnic University 1 , Xi’an 710072, China | State Key Laboratory of Laser Interaction with Matter, Northwest Institute of Nuclear Technology 2 , Xi’an 710024,",[12] 2023 doi:10.1063/5.0161015 Laser induced high temperature thermal-mechanical-oxygen coupling experimental system and 
"Feng, Guobin",16.8,1,,"State Key Laboratory of Laser Interaction with Matter, Northwest Institute of Nuclear Technology 2 , Xi’an 710024, China",[12] 2023 doi:10.1063/5.0161015 Laser induced high temperature thermal-mechanical-oxygen coupling experimental system and 
"Zhang, Jianmin",16.8,1,,"State Key Laboratory of Laser Interaction with Matter, Northwest Institute of Nuclear Technology 2 , Xi’an 710024, China",[12] 2023 doi:10.1063/5.0161015 Laser induced high temperature thermal-mechanical-oxygen coupling experimental system and 
"Wu, Lixiong",16.8,1,,"State Key Laboratory of Laser Interaction with Matter, Northwest Institute of Nuclear Technology 2 , Xi’an 710024, China",[12] 2023 doi:10.1063/5.0161015 Laser induced high temperature thermal-mechanical-oxygen coupling experimental system and 
"Wang, Na",16.8,1,,"State Key Laboratory of Laser Interaction with Matter, Northwest Institute of Nuclear Technology 2 , Xi’an 710024, China",[12] 2023 doi:10.1063/5.0161015 Laser induced high temperature thermal-mechanical-oxygen coupling experimental system and 
"Zhao, Xiaofan",16.8,1,,"State Key Laboratory of Laser Interaction with Matter, Northwest Institute of Nuclear Technology 2 , Xi’an 710024, China",[12] 2023 doi:10.1063/5.0161015 Laser induced high temperature thermal-mechanical-oxygen coupling experimental system and 
"Li, Bin",16.8,1,,"College of Aeronautics, Northwestern Polytechnic University 1 , Xi’an 710072, China",[12] 2023 doi:10.1063/5.0161015 Laser induced high temperature thermal-mechanical-oxygen coupling experimental system and 
"Sawada, H.",16.5,1,,"Department of Physics, University of Nevada Reno 1 , Reno, Nevada 89557, USA",[15] 2017 doi:10.1063/1.4985729 Two-color monochromatic x-ray imaging with a single short-pulse laser
"Daykin, T.",16.5,1,,"Department of Physics, University of Nevada Reno 1 , Reno, Nevada 89557, USA",[15] 2017 doi:10.1063/1.4985729 Two-color monochromatic x-ray imaging with a single short-pulse laser
"McLean, H. S.",16.5,1,,"Lawrence Livermore National Laboratory 2 , Livermore, California 94550, USA",[15] 2017 doi:10.1063/1.4985729 Two-color monochromatic x-ray imaging with a single short-pulse laser
"Chen, H.",16.5,1,,"Lawrence Livermore National Laboratory 2 , Livermore, California 94550, USA",[15] 2017 doi:10.1063/1.4985729 Two-color monochromatic x-ray imaging with a single short-pulse laser
"Patel, P. K.",16.5,1,,"Lawrence Livermore National Laboratory 2 , Livermore, California 94550, USA",[15] 2017 doi:10.1063/1.4985729 Two-color monochromatic x-ray imaging with a single short-pulse laser
"Ping, Y.",16.5,1,,"Lawrence Livermore National Laboratory 2 , Livermore, California 94550, USA",[15] 2017 doi:10.1063/1.4985729 Two-color monochromatic x-ray imaging with a single short-pulse laser
"Pérez, F.",16.5,1,,"Ecole Polytechnique, CNRS 3 , 91761 Palaiseau, France",[15] 2017 doi:10.1063/1.4985729 Two-color monochromatic x-ray imaging with a single short-pulse laser
"Liang, Kang",16.2,1,,"School of Power and Mechanical Engineering, Wuhan University 2 , Wuhan 430072, China | The Institute of Technological Sciences, Wuhan University 1 , Wuhan 430072, China | Wuhan University Shenzhen Res",[12] 2022 doi:10.1063/5.0076168 Optimization of molecular beam epitaxial film thickness uniformity using Monte Carlo simul
"Zhang, Zhao",16.2,1,,"The Institute of Technological Sciences, Wuhan University 1 , Wuhan 430072, China",[12] 2022 doi:10.1063/5.0076168 Optimization of molecular beam epitaxial film thickness uniformity using Monte Carlo simul
"Wu, Gai",16.2,1,,"The Institute of Technological Sciences, Wuhan University 1 , Wuhan 430072, China",[12] 2022 doi:10.1063/5.0076168 Optimization of molecular beam epitaxial film thickness uniformity using Monte Carlo simul
"Gan, Zhiyin",16.2,1,,"School of Mechanical Science & Engineering, Huazhong University of Science and Technology 4 , Wuhan 430074, China",[12] 2022 doi:10.1063/5.0076168 Optimization of molecular beam epitaxial film thickness uniformity using Monte Carlo simul
"Liu, Sheng",16.2,1,,"School of Mechanical Science & Engineering, Huazhong University of Science and Technology 4 , Wuhan 430074, China | School of Power and Mechanical Engineering, Wuhan University 2 , Wuhan 430072, China",[12] 2022 doi:10.1063/5.0076168 Optimization of molecular beam epitaxial film thickness uniformity using Monte Carlo simul
"Yu, Liping",16.2,1,,"Institute of Solid Mechanics, Beihang University , Beijing 100191, China",[12] 2022 doi:10.1063/5.0085184 Ultra-high temperature video extensometer: System development and experimental validation
"Ren, Fuguo",16.2,1,,"Institute of Solid Mechanics, Beihang University , Beijing 100191, China",[12] 2022 doi:10.1063/5.0085184 Ultra-high temperature video extensometer: System development and experimental validation
"Zhang, Xiaoying",16.2,1,,"Institute of Solid Mechanics, Beihang University , Beijing 100191, China",[12] 2022 doi:10.1063/5.0085184 Ultra-high temperature video extensometer: System development and experimental validation
"Pan, Bing",16.2,1,,"Institute of Solid Mechanics, Beihang University , Beijing 100191, China",[12] 2022 doi:10.1063/5.0085184 Ultra-high temperature video extensometer: System development and experimental validation
"Poole, S. F.",15.9,1,,"School of Physics and Astronomy, University of Nottingham , University Park, Nottingham NG7 2RD, United Kingdom",[11] 2024 doi:10.1063/5.0186155 Thermally stable Peltier controlled vacuum chamber for electrical transport measurements
"Amin, O. J.",15.9,1,,"School of Physics and Astronomy, University of Nottingham , University Park, Nottingham NG7 2RD, United Kingdom",[11] 2024 doi:10.1063/5.0186155 Thermally stable Peltier controlled vacuum chamber for electrical transport measurements
"Solomon, A.",15.9,1,,"School of Physics and Astronomy, University of Nottingham , University Park, Nottingham NG7 2RD, United Kingdom",[11] 2024 doi:10.1063/5.0186155 Thermally stable Peltier controlled vacuum chamber for electrical transport measurements
"Barton, L. X.",15.9,1,,"School of Physics and Astronomy, University of Nottingham , University Park, Nottingham NG7 2RD, United Kingdom",[11] 2024 doi:10.1063/5.0186155 Thermally stable Peltier controlled vacuum chamber for electrical transport measurements
"Campion, R. P.",15.9,1,,"School of Physics and Astronomy, University of Nottingham , University Park, Nottingham NG7 2RD, United Kingdom",[11] 2024 doi:10.1063/5.0186155 Thermally stable Peltier controlled vacuum chamber for electrical transport measurements
"Edmonds, K. W.",15.9,1,,"School of Physics and Astronomy, University of Nottingham , University Park, Nottingham NG7 2RD, United Kingdom",[11] 2024 doi:10.1063/5.0186155 Thermally stable Peltier controlled vacuum chamber for electrical transport measurements
"Wadley, P.",15.9,1,,"School of Physics and Astronomy, University of Nottingham , University Park, Nottingham NG7 2RD, United Kingdom",[11] 2024 doi:10.1063/5.0186155 Thermally stable Peltier controlled vacuum chamber for electrical transport measurements
"Floyd, Emma",15.8,1,,"AWE Aldermaston 1 , Berkshire, RG7 4PR, United Kingdom",[15] 2016 doi:10.1063/1.4962036 A high spatio-temporal resolution optical pyrometer at the ORION laser facility
"Gumbrell, Edward T.",15.8,1,,"AWE Aldermaston 1 , Berkshire, RG7 4PR, United Kingdom",[15] 2016 doi:10.1063/1.4962036 A high spatio-temporal resolution optical pyrometer at the ORION laser facility
"Fyrth, Jim",15.8,1,,"AWE Aldermaston 1 , Berkshire, RG7 4PR, United Kingdom",[15] 2016 doi:10.1063/1.4962036 A high spatio-temporal resolution optical pyrometer at the ORION laser facility
"Luis, James D.",15.8,1,,"AWE Aldermaston 1 , Berkshire, RG7 4PR, United Kingdom",[15] 2016 doi:10.1063/1.4962036 A high spatio-temporal resolution optical pyrometer at the ORION laser facility
"Skidmore, Jonathan W.",15.8,1,,"AWE Aldermaston 1 , Berkshire, RG7 4PR, United Kingdom",[15] 2016 doi:10.1063/1.4962036 A high spatio-temporal resolution optical pyrometer at the ORION laser facility
"Patankar, Siddharth",15.8,1,,"Imperial College London 2 , Prince Consort Rd, SW7 2BB, United Kingdom",[15] 2016 doi:10.1063/1.4962036 A high spatio-temporal resolution optical pyrometer at the ORION laser facility
"Giltrap, Samuel",15.8,1,,"Imperial College London 2 , Prince Consort Rd, SW7 2BB, United Kingdom",[15] 2016 doi:10.1063/1.4962036 A high spatio-temporal resolution optical pyrometer at the ORION laser facility
"Smith, Roland",15.8,1,,"Imperial College London 2 , Prince Consort Rd, SW7 2BB, United Kingdom",[15] 2016 doi:10.1063/1.4962036 A high spatio-temporal resolution optical pyrometer at the ORION laser facility
"Mauro, N. A.",15.8,1,,"North Central College 1 Department of Physics, , Naperville, Illinois 60540, USA",[15] 2016 doi:10.1063/1.4939194 Electrostatic levitation facility optimized for neutron diffraction studies of high temper
"Vogt, A. J.",15.8,1,,"Instrument and Source Division, Oak Ridge National Laboratory 2 , Oak Ridge, Tennessee 37831, USA",[15] 2016 doi:10.1063/1.4939194 Electrostatic levitation facility optimized for neutron diffraction studies of high temper
"Derendorf, K. S.",15.8,1,,"Washington University 3 Mechanical Engineering and Materials Science, , St. Louis, Missouri 63130, USA",[15] 2016 doi:10.1063/1.4939194 Electrostatic levitation facility optimized for neutron diffraction studies of high temper
"Johnson, M. L.",15.8,1,YES,"Washington University 4 Department of Physics and Institute of Materials Science and Engineering, , 1 Brookings Drive, St. Louis, Missouri 63130, USA",[15] 2016 doi:10.1063/1.4939194 Electrostatic levitation facility optimized for neutron diffraction studies of high temper
"Rustan, G. E.",15.8,1,,"Iowa State University 5 Department of Physics and Astronomy, , Ames, Iowa 50011, USA",[15] 2016 doi:10.1063/1.4939194 Electrostatic levitation facility optimized for neutron diffraction studies of high temper
"Quirinale, D. G.",15.8,1,,"Iowa State University 5 Department of Physics and Astronomy, , Ames, Iowa 50011, USA",[15] 2016 doi:10.1063/1.4939194 Electrostatic levitation facility optimized for neutron diffraction studies of high temper
"Kreyssig, A.",15.8,1,,"Division of Materials Sciences and Engineering, Ames Laboratory 6 , Ames, Iowa 50011, USA | Iowa State University 5 Department of Physics and Astronomy, , Ames, Iowa 50011, USA",[15] 2016 doi:10.1063/1.4939194 Electrostatic levitation facility optimized for neutron diffraction studies of high temper
"Lokshin, K. A.",15.8,1,,"Oak Ridge National Laboratory 8 Quantum Condensed Matter Division, , Oak Ridge, Tennessee 37831, USA | University of Tennessee 7 Department of Materials Science and Engineering, , Knoxville, Tennessee",[15] 2016 doi:10.1063/1.4939194 Electrostatic levitation facility optimized for neutron diffraction studies of high temper
"Neuefeind, J. C.",15.8,1,,"Oak Ridge National Laboratory 9 Chemical and Engineering Materials Division, , Oak Ridge, Tennessee 37831, USA",[15] 2016 doi:10.1063/1.4939194 Electrostatic levitation facility optimized for neutron diffraction studies of high temper
"Wang, Xun-Li",15.8,1,,"City University of Hong Kong 10 Department of Physics and Materials Science, , 83 Tat Chee Ave., Kowloon, Hong Kong",[15] 2016 doi:10.1063/1.4939194 Electrostatic levitation facility optimized for neutron diffraction studies of high temper
"Goldman, A. I.",15.8,1,,"Iowa State University 5 Department of Physics and Astronomy, , Ames, Iowa 50011, USA",[15] 2016 doi:10.1063/1.4939194 Electrostatic levitation facility optimized for neutron diffraction studies of high temper
"Egami, T.",15.8,1,,"Joint Institute for Neutron Sciences, University of Tennessee 11 Department of Physics and Astronomy, , Knoxville, Tennessee 37996, USA | University of Tennessee 7 Department of Materials Science and ",[15] 2016 doi:10.1063/1.4939194 Electrostatic levitation facility optimized for neutron diffraction studies of high temper
"Kelton, K. F.",15.8,1,,"Washington University 4 Department of Physics and Institute of Materials Science and Engineering, , 1 Brookings Drive, St. Louis, Missouri 63130, USA",[15] 2016 doi:10.1063/1.4939194 Electrostatic levitation facility optimized for neutron diffraction studies of high temper
"Reusch, L. M.",15.8,1,,"University of Wisconsin - Madison 1 , Madison, Wisconsin 53703, USA",[15] 2016 doi:10.1063/1.4961281 Calibration of a two-color soft x-ray diagnostic for electron temperature measurement
"Den Hartog, D. J.",15.8,1,,"University of Wisconsin - Madison 1 , Madison, Wisconsin 53703, USA",[15] 2016 doi:10.1063/1.4961281 Calibration of a two-color soft x-ray diagnostic for electron temperature measurement
"Franz, P.",15.8,1,,"Consorzio RFX 2 , Padova, Italy",[15] 2016 doi:10.1063/1.4961281 Calibration of a two-color soft x-ray diagnostic for electron temperature measurement
"Goetz, J.",15.8,1,,"University of Wisconsin - Madison 1 , Madison, Wisconsin 53703, USA",[15] 2016 doi:10.1063/1.4961281 Calibration of a two-color soft x-ray diagnostic for electron temperature measurement
"McGarry, M. B.",15.8,1,,"University of Wisconsin - Madison 1 , Madison, Wisconsin 53703, USA",[15] 2016 doi:10.1063/1.4961281 Calibration of a two-color soft x-ray diagnostic for electron temperature measurement
"Stephens, H. D.",15.8,1,,"Pierce College Fort Steilacoom 3 , Lakewood, Washington 98498, USA | University of Wisconsin - Madison 1 , Madison, Wisconsin 53703, USA",[15] 2016 doi:10.1063/1.4961281 Calibration of a two-color soft x-ray diagnostic for electron temperature measurement
"Kempf, Nicholas",15.6,1,,"Department of Aerospace and Mechanical Engineering, University of Notre Dame , Notre Dame, Indiana 46556, USA",[12] 2021 doi:10.1063/5.0059699 Aerosol jet printed 3 omega sensors for thermal conductivity measurement
"Zhang, Yanliang",15.6,1,,"Department of Aerospace and Mechanical Engineering, University of Notre Dame , Notre Dame, Indiana 46556, USA",[12] 2021 doi:10.1063/5.0059699 Aerosol jet printed 3 omega sensors for thermal conductivity measurement
"Terada, D.",15.6,1,,"Innovation Center, CHINO Corporation 1 , 32-8 Kumano, Itabashi, Tokyo 173-8632, Japan",[12] 2021 doi:10.1063/5.0049666 Emissivity-compensated radiation thermometry method using a concave mirror
"Iuchi, T.",15.6,1,,"Toyo University 2 , 2100 Kujirai, Kawagoe, Saitama 350-8585, Japan",[12] 2021 doi:10.1063/5.0049666 Emissivity-compensated radiation thermometry method using a concave mirror
"Witteveen, J. P.",15.6,1,,"Physics of Interfaces and Nanomaterials, MESA+ Institute for Nanotechnology, University of Twente 1 , P.O. Box 217, 7500 AE Enschede, The Netherlands",[12] 2021 doi:10.1063/5.0064486 Containerless metal single-crystal growth via electromagnetic levitation
"Vrielink, M. A. B.",15.6,1,,"Physics of Interfaces and Nanomaterials, MESA+ Institute for Nanotechnology, University of Twente 1 , P.O. Box 217, 7500 AE Enschede, The Netherlands",[12] 2021 doi:10.1063/5.0064486 Containerless metal single-crystal growth via electromagnetic levitation
"van Gastel, R.",15.6,1,,"Surface Preparation Laboratory 2 , Rosbayerweg 159, 1521 RW Wormerveer, The Netherlands",[12] 2021 doi:10.1063/5.0064486 Containerless metal single-crystal growth via electromagnetic levitation
"van Houselt, A.",15.6,1,,"Physics of Interfaces and Nanomaterials, MESA+ Institute for Nanotechnology, University of Twente 1 , P.O. Box 217, 7500 AE Enschede, The Netherlands",[12] 2021 doi:10.1063/5.0064486 Containerless metal single-crystal growth via electromagnetic levitation
"Zandvliet, H. J. W.",15.6,1,,"Physics of Interfaces and Nanomaterials, MESA+ Institute for Nanotechnology, University of Twente 1 , P.O. Box 217, 7500 AE Enschede, The Netherlands",[12] 2021 doi:10.1063/5.0064486 Containerless metal single-crystal growth via electromagnetic levitation
"Ren, Yundong",15.6,1,,"Department of Mechanical Engineering, Worcester Polytechnic Institute , Worcester, Massachusetts 01609, USA",[12] 2021 doi:10.1063/5.0023832 Highly accessible low-loss fiber tapering by the ceramic housed electric furnace (CHEF) an
"Li, Mucheng",15.6,1,,"Department of Mechanical Engineering, Worcester Polytechnic Institute , Worcester, Massachusetts 01609, USA",[12] 2021 doi:10.1063/5.0023832 Highly accessible low-loss fiber tapering by the ceramic housed electric furnace (CHEF) an
"Ray, Subhrodeep",15.6,1,,"Department of Mechanical Engineering, Worcester Polytechnic Institute , Worcester, Massachusetts 01609, USA",[12] 2021 doi:10.1063/5.0023832 Highly accessible low-loss fiber tapering by the ceramic housed electric furnace (CHEF) an
"Bozeat, Brandon Johann",15.6,1,,"Department of Mechanical Engineering, Worcester Polytechnic Institute , Worcester, Massachusetts 01609, USA",[12] 2021 doi:10.1063/5.0023832 Highly accessible low-loss fiber tapering by the ceramic housed electric furnace (CHEF) an
"Liu, Yuxiang",15.6,1,,"Department of Mechanical Engineering, Worcester Polytechnic Institute , Worcester, Massachusetts 01609, USA",[12] 2021 doi:10.1063/5.0023832 Highly accessible low-loss fiber tapering by the ceramic housed electric furnace (CHEF) an
"Ismail, Iyas",15.6,1,,"Sorbonne Université, CNRS, UMR 7614, Laboratoire de Chimie Physique-Matière et Rayonnement 1 , 4 Place Jussieu, 75252 Paris, France",[12] 2021 doi:10.1063/5.0054421 A von Hamos spectrometer based on highly annealed pyrolytic graphite crystal in tender x-r
"Journel, Loïc",15.6,1,,"Sorbonne Université, CNRS, UMR 7614, Laboratoire de Chimie Physique-Matière et Rayonnement 1 , 4 Place Jussieu, 75252 Paris, France",[12] 2021 doi:10.1063/5.0054421 A von Hamos spectrometer based on highly annealed pyrolytic graphite crystal in tender x-r
"Vacheresse, Régis",15.6,1,,"Sorbonne Université, CNRS, UMR 7614, Laboratoire de Chimie Physique-Matière et Rayonnement 1 , 4 Place Jussieu, 75252 Paris, France",[12] 2021 doi:10.1063/5.0054421 A von Hamos spectrometer based on highly annealed pyrolytic graphite crystal in tender x-r
"Travnikova, Oksana",15.6,1,,"Sorbonne Université, CNRS, UMR 7614, Laboratoire de Chimie Physique-Matière et Rayonnement 1 , 4 Place Jussieu, 75252 Paris, France",[12] 2021 doi:10.1063/5.0054421 A von Hamos spectrometer based on highly annealed pyrolytic graphite crystal in tender x-r
"Marin, Thierry",15.6,1,,"Sorbonne Université, CNRS, UMR 7614, Laboratoire de Chimie Physique-Matière et Rayonnement 1 , 4 Place Jussieu, 75252 Paris, France",[12] 2021 doi:10.1063/5.0054421 A von Hamos spectrometer based on highly annealed pyrolytic graphite crystal in tender x-r
"Céolin, Denis",15.6,1,,"Synchrotron SOLEIL 2 , l’Orme des Merisiers, Saint-Aubin, BP 48, F-91192 Gif-sur-Yvette Cedex, France",[12] 2021 doi:10.1063/5.0054421 A von Hamos spectrometer based on highly annealed pyrolytic graphite crystal in tender x-r
"Guillemin, Renaud",15.6,1,,"Sorbonne Université, CNRS, UMR 7614, Laboratoire de Chimie Physique-Matière et Rayonnement 1 , 4 Place Jussieu, 75252 Paris, France",[12] 2021 doi:10.1063/5.0054421 A von Hamos spectrometer based on highly annealed pyrolytic graphite crystal in tender x-r
"Marchenko, Tatiana",15.6,1,,"Sorbonne Université, CNRS, UMR 7614, Laboratoire de Chimie Physique-Matière et Rayonnement 1 , 4 Place Jussieu, 75252 Paris, France",[12] 2021 doi:10.1063/5.0054421 A von Hamos spectrometer based on highly annealed pyrolytic graphite crystal in tender x-r
"Zmerli, Moustafa",15.6,1,,"Sorbonne Université, CNRS, UMR 7614, Laboratoire de Chimie Physique-Matière et Rayonnement 1 , 4 Place Jussieu, 75252 Paris, France",[12] 2021 doi:10.1063/5.0054421 A von Hamos spectrometer based on highly annealed pyrolytic graphite crystal in tender x-r
"Koulentianos, Dimitris",15.6,1,,"Sorbonne Université, CNRS, UMR 7614, Laboratoire de Chimie Physique-Matière et Rayonnement 1 , 4 Place Jussieu, 75252 Paris, France",[12] 2021 doi:10.1063/5.0054421 A von Hamos spectrometer based on highly annealed pyrolytic graphite crystal in tender x-r
"Püttner, Ralph",15.6,1,,"Fachbereich Physik, Freie Universität Berlin 3 , Arnimallee 14, D-14195 Berlin, Germany",[12] 2021 doi:10.1063/5.0054421 A von Hamos spectrometer based on highly annealed pyrolytic graphite crystal in tender x-r
"Palaudoux, Jérôme",15.6,1,,"Sorbonne Université, CNRS, UMR 7614, Laboratoire de Chimie Physique-Matière et Rayonnement 1 , 4 Place Jussieu, 75252 Paris, France",[12] 2021 doi:10.1063/5.0054421 A von Hamos spectrometer based on highly annealed pyrolytic graphite crystal in tender x-r
"Penent, Francis",15.6,1,,"Sorbonne Université, CNRS, UMR 7614, Laboratoire de Chimie Physique-Matière et Rayonnement 1 , 4 Place Jussieu, 75252 Paris, France",[12] 2021 doi:10.1063/5.0054421 A von Hamos spectrometer based on highly annealed pyrolytic graphite crystal in tender x-r
"Simon, Marc",15.6,1,,"Sorbonne Université, CNRS, UMR 7614, Laboratoire de Chimie Physique-Matière et Rayonnement 1 , 4 Place Jussieu, 75252 Paris, France",[12] 2021 doi:10.1063/5.0054421 A von Hamos spectrometer based on highly annealed pyrolytic graphite crystal in tender x-r
"Pawelko, R.",15.6,1,,"LEME, Université Paris Nanterre , 50 Rue de Sèvres, 92410 Ville d’Avray, France",[13] 2019 doi:10.1063/1.5112374 Development of a dual infrared and visible near-infrared measurement system for the observ
"Pina, V.",15.6,1,,"LEME, Université Paris Nanterre , 50 Rue de Sèvres, 92410 Ville d’Avray, France",[13] 2019 doi:10.1063/1.5112374 Development of a dual infrared and visible near-infrared measurement system for the observ
"Hervé, P.",15.6,1,,"LEME, Université Paris Nanterre , 50 Rue de Sèvres, 92410 Ville d’Avray, France",[13] 2019 doi:10.1063/1.5112374 Development of a dual infrared and visible near-infrared measurement system for the observ
"Wang, Wei-Cheng",15.4,1,,"Department of Electrical Engineering, National Cheng Kung University , Tainan 70101, Taiwan",[14] 2017 doi:10.1063/1.4992021 Magnetic induction of hyperthermia by a modified self-learning fuzzy temperature controlle
"Cui, Yang",15.0,1,,,[15] 2015 doi:10.1063/1.4922913 ChiMS: Open-source instrument control software platform on LabVIEW for imaging/depth profi
"Hanley, Luke",15.0,1,,"University of Illinois at Chicago Department of Chemistry, , Chicago, Illinois 60607, USA",[15] 2015 doi:10.1063/1.4922913 ChiMS: Open-source instrument control software platform on LabVIEW for imaging/depth profi
"Yue, Xing",15.0,1,,"College of Aerospace Engineering, Chongqing University 1 , Chongqing 400044, China",[12] 2020 doi:10.1063/5.0004126 A quick measuring method for yield temperatures of materials under constant prestress at u
"Wei, Zhen",15.0,1,,"College of Aerospace Engineering, Chongqing University 1 , Chongqing 400044, China",[12] 2020 doi:10.1063/5.0004126 A quick measuring method for yield temperatures of materials under constant prestress at u
"Peng, Xianghe",15.0,1,,"College of Aerospace Engineering, Chongqing University 1 , Chongqing 400044, China | State Key Laboratory of Coal Mining Disaster Dynamics and Control, Chongqing University 2 , Chongqing 400044, China",[12] 2020 doi:10.1063/5.0004126 A quick measuring method for yield temperatures of materials under constant prestress at u
"Xue, Yucong",15.0,1,,"College of Aerospace Engineering, Chongqing University 1 , Chongqing 400044, China",[12] 2020 doi:10.1063/5.0004126 A quick measuring method for yield temperatures of materials under constant prestress at u
"Chen, Xiang",15.0,1,,"Advanced Manufacturing Engineering, Chongqing University of Posts and Telecommunications 3 , Chongqing 400065, China",[12] 2020 doi:10.1063/5.0004126 A quick measuring method for yield temperatures of materials under constant prestress at u
"Fu, Tao",15.0,1,,"College of Aerospace Engineering, Chongqing University 1 , Chongqing 400044, China",[12] 2020 doi:10.1063/5.0004126 A quick measuring method for yield temperatures of materials under constant prestress at u
"Patel, Manish",15.0,1,,"Photon Science Institute, Department of Physics and Astronomy, Faculty of Science and Engineering, University of Manchester , Manchester M13 9PL, United Kingdom",[12] 2020 doi:10.1063/5.0021229 An experimental control system for electron spectrometers using Arduino and LabVIEW interf
"Sakaamini, Ahmad",15.0,1,,"Photon Science Institute, Department of Physics and Astronomy, Faculty of Science and Engineering, University of Manchester , Manchester M13 9PL, United Kingdom",[12] 2020 doi:10.1063/5.0021229 An experimental control system for electron spectrometers using Arduino and LabVIEW interf
"Harvey, Matthew",15.0,1,,"Photon Science Institute, Department of Physics and Astronomy, Faculty of Science and Engineering, University of Manchester , Manchester M13 9PL, United Kingdom",[12] 2020 doi:10.1063/5.0021229 An experimental control system for electron spectrometers using Arduino and LabVIEW interf
"Murray, Andrew James",15.0,1,,"Photon Science Institute, Department of Physics and Astronomy, Faculty of Science and Engineering, University of Manchester , Manchester M13 9PL, United Kingdom",[12] 2020 doi:10.1063/5.0021229 An experimental control system for electron spectrometers using Arduino and LabVIEW interf
"Li, Ang",15.0,1,,"CHN Energy Dadu River Maintenance and Installation Co., Ltd. 1 , Leshan 614000,",[10] 2025 doi:10.1063/5.0272694 The wireless measuring instrument for hydroturbine axial alignment based on extreme value 
"Wang, Yongfei",15.0,1,,"CHN Energy Dadu River Maintenance and Installation Co., Ltd. 1 , Leshan 614000,",[10] 2025 doi:10.1063/5.0272694 The wireless measuring instrument for hydroturbine axial alignment based on extreme value 
"Li, Xiaofei",15.0,1,,"CHN Energy Dadu River Maintenance and Installation Co., Ltd. 1 , Leshan 614000,",[10] 2025 doi:10.1063/5.0272694 The wireless measuring instrument for hydroturbine axial alignment based on extreme value 
"Liang, Pengxiang",15.0,1,,"CHN Energy Dadu River Maintenance and Installation Co., Ltd. 1 , Leshan 614000,",[10] 2025 doi:10.1063/5.0272694 The wireless measuring instrument for hydroturbine axial alignment based on extreme value 
"Zhu, Junxian",15.0,1,,"School of Mechanical Engineering, Southwest Jiaotong University 2 , Chengdu 610031,",[10] 2025 doi:10.1063/5.0272694 The wireless measuring instrument for hydroturbine axial alignment based on extreme value 
"Wang, Xi",15.0,1,,"School of Mechanical Engineering, Southwest Jiaotong University 2 , Chengdu 610031,",[10] 2025 doi:10.1063/5.0272694 The wireless measuring instrument for hydroturbine axial alignment based on extreme value 
"Dhotre, A. C.",15.0,1,,,"[10] 2025 doi:10.1063/5.0212259 A highly optical, controlled trajectory rapid compression and expansion machine for gas ph"
"Biswas, S.",15.0,1,,,"[10] 2025 doi:10.1063/5.0212259 A highly optical, controlled trajectory rapid compression and expansion machine for gas ph"
"Zhao, Jinglong",15.0,1,,"Jiangsu Engineering Research Center of Aerospace Machinery, Southeast University , Nanjing 211189, ; , Nanjing 211189, ; and , Nanjing 210096, | School of Mechanical Engineering, Southeast University ",[10] 2025 doi:10.1063/5.0235131 High-temperature biaxial testing machines in aerospace
"Li, Yanbin",15.0,1,,"Jiangsu Engineering Research Center of Aerospace Machinery, Southeast University , Nanjing 211189, ; , Nanjing 211189, ; and , Nanjing 210096, | School of Mechanical Engineering, Southeast University ",[10] 2025 doi:10.1063/5.0235131 High-temperature biaxial testing machines in aerospace
"Zhang, Dahai",15.0,1,,"Jiangsu Engineering Research Center of Aerospace Machinery, Southeast University , Nanjing 211189, ; , Nanjing 211189, ; and , Nanjing 210096, | School of Mechanical Engineering, Southeast University ",[10] 2025 doi:10.1063/5.0235131 High-temperature biaxial testing machines in aerospace
"Lu, Fangzhou",15.0,1,,"Jiangsu Engineering Research Center of Aerospace Machinery, Southeast University , Nanjing 211189, ; , Nanjing 211189, ; and , Nanjing 210096, | School of Mechanical Engineering, Southeast University ",[10] 2025 doi:10.1063/5.0235131 High-temperature biaxial testing machines in aerospace
"Fei, Qingguo",15.0,1,,"Jiangsu Engineering Research Center of Aerospace Machinery, Southeast University , Nanjing 211189, ; , Nanjing 211189, ; and , Nanjing 210096, | School of Mechanical Engineering, Southeast University ",[10] 2025 doi:10.1063/5.0235131 High-temperature biaxial testing machines in aerospace
"Reutov, A.",15.0,1,,"LLC Science Trends 1 , 119331 Moscow,",[10] 2025 doi:10.1063/5.0239029 Optical stabilization for laser communication satellite systems through proportional–integ
"Vorobey, S.",15.0,1,,"LLC Science Trends 1 , 119331 Moscow,",[10] 2025 doi:10.1063/5.0239029 Optical stabilization for laser communication satellite systems through proportional–integ
"Katanskiy, A.",15.0,1,,"LLC Science Trends 1 , 119331 Moscow,",[10] 2025 doi:10.1063/5.0239029 Optical stabilization for laser communication satellite systems through proportional–integ
"Balakirev, V.",15.0,1,,"LLC Science Trends 1 , 119331 Moscow,",[10] 2025 doi:10.1063/5.0239029 Optical stabilization for laser communication satellite systems through proportional–integ
"Bakhshaliev, R.",15.0,1,,"LLC QSpace Technologies 2 , 121205 Moscow,",[10] 2025 doi:10.1063/5.0239029 Optical stabilization for laser communication satellite systems through proportional–integ
"Barbyshev, K.",15.0,1,,"LLC QSpace Technologies 2 , 121205 Moscow,",[10] 2025 doi:10.1063/5.0239029 Optical stabilization for laser communication satellite systems through proportional–integ
"Merzlinkin, V.",15.0,1,,"LLC QSpace Technologies 2 , 121205 Moscow,",[10] 2025 doi:10.1063/5.0239029 Optical stabilization for laser communication satellite systems through proportional–integ
"Tekaev, V.",15.0,1,,"LLC QSpace Technologies 2 , 121205 Moscow,",[10] 2025 doi:10.1063/5.0239029 Optical stabilization for laser communication satellite systems through proportional–integ
"Xie, Han",15.0,1,,"National Laboratory of Solid State Microstructures and Department of Physics, Nanjing University 1 , Nanjing 210093,",[10] 2025 doi:10.1063/5.0265592 Frequency tuning and stabilization of oscillator in diamagnetic levitation system
"Wang, Lei",15.0,1,,"National Laboratory of Solid State Microstructures and Department of Physics, Nanjing University 1 , Nanjing 210093,",[10] 2025 doi:10.1063/5.0265592 Frequency tuning and stabilization of oscillator in diamagnetic levitation system
"Li, Rui",15.0,1,,"National Laboratory of Solid State Microstructures and Department of Physics, Nanjing University 1 , Nanjing 210093,",[10] 2025 doi:10.1063/5.0265592 Frequency tuning and stabilization of oscillator in diamagnetic levitation system
"Ding, Ruoyu",15.0,1,,"National Laboratory of Solid State Microstructures and Department of Physics, Nanjing University 1 , Nanjing 210093,",[10] 2025 doi:10.1063/5.0265592 Frequency tuning and stabilization of oscillator in diamagnetic levitation system
"Chen, Yiming",15.0,1,,"National Laboratory of Solid State Microstructures and Department of Physics, Nanjing University 1 , Nanjing 210093,",[10] 2025 doi:10.1063/5.0265592 Frequency tuning and stabilization of oscillator in diamagnetic levitation system
"Bian, Xiang",15.0,1,,"National Laboratory of Solid State Microstructures and Department of Physics, Nanjing University 1 , Nanjing 210093,",[10] 2025 doi:10.1063/5.0265592 Frequency tuning and stabilization of oscillator in diamagnetic levitation system
"Tian, Kenan",15.0,1,,"National Laboratory of Solid State Microstructures and Department of Physics, Nanjing University 1 , Nanjing 210093,",[10] 2025 doi:10.1063/5.0265592 Frequency tuning and stabilization of oscillator in diamagnetic levitation system
"Leng, Yingchun",15.0,1,,"National Laboratory of Solid State Microstructures and Department of Physics, Nanjing University 1 , Nanjing 210093,",[10] 2025 doi:10.1063/5.0265592 Frequency tuning and stabilization of oscillator in diamagnetic levitation system
"Duan, Chang-Kui",15.0,1,,"CAS Key Laboratory of Microscale Magnetic Resonance, University of Science and Technology of China 2 , Hefei 230026,",[10] 2025 doi:10.1063/5.0265592 Frequency tuning and stabilization of oscillator in diamagnetic levitation system
"Yin, Peiran",15.0,1,,"National Laboratory of Solid State Microstructures and Department of Physics, Nanjing University 1 , Nanjing 210093,",[10] 2025 doi:10.1063/5.0265592 Frequency tuning and stabilization of oscillator in diamagnetic levitation system
"Huang, Pu",15.0,1,,"National Laboratory of Solid State Microstructures and Department of Physics, Nanjing University 1 , Nanjing 210093,",[10] 2025 doi:10.1063/5.0265592 Frequency tuning and stabilization of oscillator in diamagnetic levitation system
"Cheng, Xiangmeng",14.7,1,,"Peking University 1 State Key Laboratory for Turbulence and Complex Systems, College of Engineering, , Beijing 100871, People’s Republic of China",[14] 2016 doi:10.1063/1.4944484 An ultra-high temperature testing instrument under oxidation environment up to 1800 °C
"Qu, Zhaoliang",14.7,1,,"Peking University 1 State Key Laboratory for Turbulence and Complex Systems, College of Engineering, , Beijing 100871, People’s Republic of China",[14] 2016 doi:10.1063/1.4944484 An ultra-high temperature testing instrument under oxidation environment up to 1800 °C
"He, Rujie",14.7,1,,"Peking University 1 State Key Laboratory for Turbulence and Complex Systems, College of Engineering, , Beijing 100871, People’s Republic of China",[14] 2016 doi:10.1063/1.4944484 An ultra-high temperature testing instrument under oxidation environment up to 1800 °C
"Ai, Shigang",14.7,1,,"Beijing Jiaotong University 2 Department of Mechanics, School of Civil Engineering, , Beijing 100044, People’s Republic of China",[14] 2016 doi:10.1063/1.4944484 An ultra-high temperature testing instrument under oxidation environment up to 1800 °C
"Zhang, Rubing",14.7,1,,"Beijing Jiaotong University 2 Department of Mechanics, School of Civil Engineering, , Beijing 100044, People’s Republic of China",[14] 2016 doi:10.1063/1.4944484 An ultra-high temperature testing instrument under oxidation environment up to 1800 °C
"Pei, Yongmao",14.7,1,,"Peking University 1 State Key Laboratory for Turbulence and Complex Systems, College of Engineering, , Beijing 100871, People’s Republic of China",[14] 2016 doi:10.1063/1.4944484 An ultra-high temperature testing instrument under oxidation environment up to 1800 °C
"Fang, Daining",14.7,1,,"Peking University 1 State Key Laboratory for Turbulence and Complex Systems, College of Engineering, , Beijing 100871, People’s Republic of China",[14] 2016 doi:10.1063/1.4944484 An ultra-high temperature testing instrument under oxidation environment up to 1800 °C
"Mondal, S.",14.5,1,,"Academy of Scientific and Innovative Research (AcSIR) 2 , Ghaziabad 201002, India | CSIR-National Physical Laboratory, Dr. K. S. Krishnan Marg 1 , New Delhi 110012, India","[10] 2024 doi:10.1063/5.0194852 Design, development, and performance of a versatile graphene epitaxy system for the growth"
"Jayalekshmi, U. J.",14.5,1,,"Academy of Scientific and Innovative Research (AcSIR) 2 , Ghaziabad 201002, India | CSIR-National Physical Laboratory, Dr. K. S. Krishnan Marg 1 , New Delhi 110012, India","[10] 2024 doi:10.1063/5.0194852 Design, development, and performance of a versatile graphene epitaxy system for the growth"
"Singh, S.",14.5,1,,"CSIR-National Physical Laboratory, Dr. K. S. Krishnan Marg 1 , New Delhi 110012, India","[10] 2024 doi:10.1063/5.0194852 Design, development, and performance of a versatile graphene epitaxy system for the growth"
"Mukherjee, R. K.",14.5,1,,"Academy of Scientific and Innovative Research (AcSIR) 2 , Ghaziabad 201002, India | CSIR-National Physical Laboratory, Dr. K. S. Krishnan Marg 1 , New Delhi 110012, India","[10] 2024 doi:10.1063/5.0194852 Design, development, and performance of a versatile graphene epitaxy system for the growth"
"Shukla, A. K.",14.5,1,,"Academy of Scientific and Innovative Research (AcSIR) 2 , Ghaziabad 201002, India | CSIR-National Physical Laboratory, Dr. K. S. Krishnan Marg 1 , New Delhi 110012, India","[10] 2024 doi:10.1063/5.0194852 Design, development, and performance of a versatile graphene epitaxy system for the growth"
"Cui, Xu",14.5,1,,"Department of Automation, University of Science and Technology of China 1 , Hefei 230027, China | Ganjiang Innovation Academy, Chinese Academy of Sciences 2 , Ganzhou 341119, China",[10] 2024 doi:10.1063/5.0191315 Research on the fiber intensity modulation model of superconducting magnetic levitation ro
"Hu, Xinning",14.5,1,,"Institute of Electrical Engineering, Chinese Academy of Science 3 , Beijing 100190, China",[10] 2024 doi:10.1063/5.0191315 Research on the fiber intensity modulation model of superconducting magnetic levitation ro
"Cui, Chunyan",14.5,1,,"Institute of Electrical Engineering, Chinese Academy of Science 3 , Beijing 100190, China",[10] 2024 doi:10.1063/5.0191315 Research on the fiber intensity modulation model of superconducting magnetic levitation ro
"Zhang, Yuan",14.5,1,,"Institute of Electrical Engineering, Chinese Academy of Science 3 , Beijing 100190, China",[10] 2024 doi:10.1063/5.0191315 Research on the fiber intensity modulation model of superconducting magnetic levitation ro
"Wang, Qiuliang",14.5,1,,"Department of Automation, University of Science and Technology of China 1 , Hefei 230027, China | Ganjiang Innovation Academy, Chinese Academy of Sciences 2 , Ganzhou 341119, China | Institute of Elec",[10] 2024 doi:10.1063/5.0191315 Research on the fiber intensity modulation model of superconducting magnetic levitation ro
"Liu, Lele",14.5,1,,"Shandong Engineering Research Center of Marine Exploration and Conservation, Ocean University of China 1 , Qingdao 266100, China",[10] 2024 doi:10.1063/5.0188224 A multi-orientation system for characterizing microstructure changes and mechanical respon
"Liu, Tao",14.5,1,,"Shandong Engineering Research Center of Marine Exploration and Conservation, Ocean University of China 1 , Qingdao 266100, China",[10] 2024 doi:10.1063/5.0188224 A multi-orientation system for characterizing microstructure changes and mechanical respon
"Wu, Chen",14.5,1,,"Shandong Engineering Research Center of Marine Exploration and Conservation, Ocean University of China 1 , Qingdao 266100, China",[10] 2024 doi:10.1063/5.0188224 A multi-orientation system for characterizing microstructure changes and mechanical respon
"Bu, Qingtao",14.5,1,,"Key Laboratory of Gas Hydrate, Ministry of Natural Resources, Qingdao Institute of Marine Geology 2 , Qingdao 266237, China | Technology Innovation Center for Marine Methane Monitoring, Ministry of Na",[10] 2024 doi:10.1063/5.0188224 A multi-orientation system for characterizing microstructure changes and mechanical respon
"Li, Chengfeng",14.5,1,,"Key Laboratory of Gas Hydrate, Ministry of Natural Resources, Qingdao Institute of Marine Geology 2 , Qingdao 266237, China | Technology Innovation Center for Marine Methane Monitoring, Ministry of Na",[10] 2024 doi:10.1063/5.0188224 A multi-orientation system for characterizing microstructure changes and mechanical respon
"Zhang, Yongchao",14.5,1,,"Key Laboratory of Gas Hydrate, Ministry of Natural Resources, Qingdao Institute of Marine Geology 2 , Qingdao 266237, China | Technology Innovation Center for Marine Methane Monitoring, Ministry of Na",[10] 2024 doi:10.1063/5.0188224 A multi-orientation system for characterizing microstructure changes and mechanical respon
"Wu, Bisheng",14.5,1,,"State Key Laboratory of Hydroscience and Engineering, Department of Hydraulic Engineering, Tsinghua University 4 , Beijing 100084, China",[10] 2024 doi:10.1063/5.0188224 A multi-orientation system for characterizing microstructure changes and mechanical respon
"Hu, Kuo",14.5,1,,"State Key Laboratory of Superhard Materials, Synergetic Extreme Condition User Facility, College of Physics, Jilin University 1 , Changchun 130012,",[10] 2024 doi:10.1063/5.0226018 A rapid compression large-volume press with a high pressure jump above 10 GPa within milli
"Liu, Ran",14.5,1,,"State Key Laboratory of Superhard Materials, Synergetic Extreme Condition User Facility, College of Physics, Jilin University 1 , Changchun 130012,",[10] 2024 doi:10.1063/5.0226018 A rapid compression large-volume press with a high pressure jump above 10 GPa within milli
"Liu, Shucheng",14.5,1,,"State Key Laboratory of Superhard Materials, Synergetic Extreme Condition User Facility, College of Physics, Jilin University 1 , Changchun 130012,",[10] 2024 doi:10.1063/5.0226018 A rapid compression large-volume press with a high pressure jump above 10 GPa within milli
"Wang, Saisai",14.5,1,,"State Key Laboratory of Superhard Materials, Synergetic Extreme Condition User Facility, College of Physics, Jilin University 1 , Changchun 130012,",[10] 2024 doi:10.1063/5.0226018 A rapid compression large-volume press with a high pressure jump above 10 GPa within milli
"Yao, Di",14.5,1,,"State Key Laboratory of Superhard Materials, Synergetic Extreme Condition User Facility, College of Physics, Jilin University 1 , Changchun 130012,",[10] 2024 doi:10.1063/5.0226018 A rapid compression large-volume press with a high pressure jump above 10 GPa within milli
"Hou, Xuyuan",14.5,1,,"State Key Laboratory of Superhard Materials, Synergetic Extreme Condition User Facility, College of Physics, Jilin University 1 , Changchun 130012,",[10] 2024 doi:10.1063/5.0226018 A rapid compression large-volume press with a high pressure jump above 10 GPa within milli
"Li, Hongyu",14.5,1,,"State Key Laboratory of Superhard Materials, Synergetic Extreme Condition User Facility, College of Physics, Jilin University 1 , Changchun 130012,",[10] 2024 doi:10.1063/5.0226018 A rapid compression large-volume press with a high pressure jump above 10 GPa within milli
"Zhou, Qiang",14.5,1,,"State Key Laboratory of Superhard Materials, Synergetic Extreme Condition User Facility, College of Physics, Jilin University 1 , Changchun 130012,",[10] 2024 doi:10.1063/5.0226018 A rapid compression large-volume press with a high pressure jump above 10 GPa within milli
"Liu, Bingbing",14.5,1,,"State Key Laboratory of Superhard Materials, Synergetic Extreme Condition User Facility, College of Physics, Jilin University 1 , Changchun 130012,",[10] 2024 doi:10.1063/5.0226018 A rapid compression large-volume press with a high pressure jump above 10 GPa within milli
"Nassereddine, Abdallah",14.5,1,,"Institut Néel, UPR 2940 CNRS - Université Grenoble Alpes 1 , Grenoble F-38000, France",[10] 2024 doi:10.1063/5.0202557 Novel high-pressure/high-temperature reactor cell for in situ and operando x-ray absorptio
"Costes, Anael",14.5,1,,"Institut Néel, UPR 2940 CNRS - Université Grenoble Alpes 1 , Grenoble F-38000, France",[10] 2024 doi:10.1063/5.0202557 Novel high-pressure/high-temperature reactor cell for in situ and operando x-ray absorptio
"Maurin, Isabelle",14.5,1,,"Institut Néel, UPR 2940 CNRS - Université Grenoble Alpes 1 , Grenoble F-38000, France",[10] 2024 doi:10.1063/5.0202557 Novel high-pressure/high-temperature reactor cell for in situ and operando x-ray absorptio
"Min, Sophie",14.5,1,,"OSUG, UAR 832 CNRS - Université Grenoble Alpes 3 , F-38041 Grenoble, France",[10] 2024 doi:10.1063/5.0202557 Novel high-pressure/high-temperature reactor cell for in situ and operando x-ray absorptio
"Rovezzi, Mauro",14.5,1,,"OSUG, UAR 832 CNRS - Université Grenoble Alpes 3 , F-38041 Grenoble, France",[10] 2024 doi:10.1063/5.0202557 Novel high-pressure/high-temperature reactor cell for in situ and operando x-ray absorptio
"Testemale, Denis",14.5,1,,"Institut Néel, UPR 2940 CNRS - Université Grenoble Alpes 1 , Grenoble F-38000, France",[10] 2024 doi:10.1063/5.0202557 Novel high-pressure/high-temperature reactor cell for in situ and operando x-ray absorptio
"Cerrillo Olmo, Jose Luis",14.5,1,,"KAUST Catalysis Center (KCC), King Abdullah University of Science and Technology (KAUST) 2 , Thuwal 23955, Saudi Arabia",[10] 2024 doi:10.1063/5.0202557 Novel high-pressure/high-temperature reactor cell for in situ and operando x-ray absorptio
"Gascon, Jorge",14.5,1,,"KAUST Catalysis Center (KCC), Advanced Catalytic Materials, King Abdullah University of Science and Technology (KAUST) 4 , Thuwal 23955, Saudi Arabia",[10] 2024 doi:10.1063/5.0202557 Novel high-pressure/high-temperature reactor cell for in situ and operando x-ray absorptio
"Aguilar Tapia, Antonio",14.5,1,,"Institut de Chimie Moléculaire de Grenoble, UAR2607 CNRS- Université Grenoble Alpes 5 , Grenoble F-38000, France",[10] 2024 doi:10.1063/5.0202557 Novel high-pressure/high-temperature reactor cell for in situ and operando x-ray absorptio
"Hawke, J. N.",14.5,1,,"Commonwealth Fusion Systems 1 , Devens, Massachusetts 01434,",[10] 2024 doi:10.1063/5.0219343 In-vessel design of a two-color heterodyne laser interferometer system for SPARC
"LaCapra, M.",14.5,1,,"Commonwealth Fusion Systems 1 , Devens, Massachusetts 01434,",[10] 2024 doi:10.1063/5.0219343 In-vessel design of a two-color heterodyne laser interferometer system for SPARC
"Ilagan, J.",14.5,1,,"Commonwealth Fusion Systems 1 , Devens, Massachusetts 01434,",[10] 2024 doi:10.1063/5.0219343 In-vessel design of a two-color heterodyne laser interferometer system for SPARC
"Jean, M.",14.5,1,,"Commonwealth Fusion Systems 1 , Devens, Massachusetts 01434,",[10] 2024 doi:10.1063/5.0219343 In-vessel design of a two-color heterodyne laser interferometer system for SPARC
"Ouellet, S.",14.5,1,,"Commonwealth Fusion Systems 1 , Devens, Massachusetts 01434,",[10] 2024 doi:10.1063/5.0219343 In-vessel design of a two-color heterodyne laser interferometer system for SPARC
"Silva Sa, M.",14.5,1,,"Commonwealth Fusion Systems 1 , Devens, Massachusetts 01434,",[10] 2024 doi:10.1063/5.0219343 In-vessel design of a two-color heterodyne laser interferometer system for SPARC
"Zubieta Lupo, R.",14.5,1,,"Commonwealth Fusion Systems 1 , Devens, Massachusetts 01434,",[10] 2024 doi:10.1063/5.0219343 In-vessel design of a two-color heterodyne laser interferometer system for SPARC
"Irby, J. H.",14.5,1,,"MIT Plasma Science and Fusion Center 2 , Cambridge, Massachusetts 02139,",[10] 2024 doi:10.1063/5.0219343 In-vessel design of a two-color heterodyne laser interferometer system for SPARC
"Yao, K.",14.5,1,,"MIT Plasma Science and Fusion Center 2 , Cambridge, Massachusetts 02139,",[10] 2024 doi:10.1063/5.0219343 In-vessel design of a two-color heterodyne laser interferometer system for SPARC
"Rosenthal, A.",14.5,1,,"Commonwealth Fusion Systems 1 , Devens, Massachusetts 01434,",[10] 2024 doi:10.1063/5.0219343 In-vessel design of a two-color heterodyne laser interferometer system for SPARC
"Myers, D.",14.5,1,,"Commonwealth Fusion Systems 1 , Devens, Massachusetts 01434,",[10] 2024 doi:10.1063/5.0219343 In-vessel design of a two-color heterodyne laser interferometer system for SPARC
"Wender, T.",14.5,1,,"Quartus Engineering, Inc. 3 , San Diego, California 92121,",[10] 2024 doi:10.1063/5.0219343 In-vessel design of a two-color heterodyne laser interferometer system for SPARC
"Cario, M.",14.5,1,,"Commonwealth Fusion Systems 1 , Devens, Massachusetts 01434,",[10] 2024 doi:10.1063/5.0219343 In-vessel design of a two-color heterodyne laser interferometer system for SPARC
"Cykman, D.",14.5,1,,"Commonwealth Fusion Systems 1 , Devens, Massachusetts 01434,",[10] 2024 doi:10.1063/5.0219343 In-vessel design of a two-color heterodyne laser interferometer system for SPARC
"Reinke, M. L.",14.5,1,,"Commonwealth Fusion Systems 1 , Devens, Massachusetts 01434,",[10] 2024 doi:10.1063/5.0219343 In-vessel design of a two-color heterodyne laser interferometer system for SPARC
"McKay, Frank",14.5,1,,"Department of Physics and Astronomy, Louisiana State University 1 , Baton Rouge, Louisiana 70803,",[10] 2024 doi:10.1063/5.0213480 Demonstration of a container-less method for investigating high-temperature alloy properti
"Bergeron, Kane",14.5,1,,"Department of Mechanical Engineering, University of Louisiana at Lafayette 2 , Lafayette, Louisiana 70504,",[10] 2024 doi:10.1063/5.0213480 Demonstration of a container-less method for investigating high-temperature alloy properti
"Britt, S. Thomas",14.5,1,,"Jacobs Space Exploration Group 4 , 620 Discovery Dr NW, Huntsville, Alabama 35806,",[10] 2024 doi:10.1063/5.0213480 Demonstration of a container-less method for investigating high-temperature alloy properti
"SanSoucie, Michael P.",14.5,1,,"NASA Marshall Space Flight Center 5 , Huntsville, Alabama 35812,",[10] 2024 doi:10.1063/5.0213480 Demonstration of a container-less method for investigating high-temperature alloy properti
"Phillips, Brandon S.",14.5,1,,"NASA Marshall Space Flight Center 5 , Huntsville, Alabama 35812,",[10] 2024 doi:10.1063/5.0213480 Demonstration of a container-less method for investigating high-temperature alloy properti
"Raush, Jonathan",14.5,1,,"Department of Mechanical Engineering, University of Louisiana at Lafayette 2 , Lafayette, Louisiana 70504,",[10] 2024 doi:10.1063/5.0213480 Demonstration of a container-less method for investigating high-temperature alloy properti
"Sprunger, Phillip T.",14.5,1,,"Center for Advanced Microstructures and Devices, Louisiana State University 3 , Baton Rouge, Louisiana 70803, | Department of Physics and Astronomy, Louisiana State University 1 , Baton Rouge, Louisia",[10] 2024 doi:10.1063/5.0213480 Demonstration of a container-less method for investigating high-temperature alloy properti
"Hashiyada, Shun",14.5,1,,,[10] 2024 doi:10.1063/5.0203715 Rapid modulation of left- and right-handed optical vortices for precise measurements of he
"Tanaka, Yoshito Y.",14.5,1,,,[10] 2024 doi:10.1063/5.0203715 Rapid modulation of left- and right-handed optical vortices for precise measurements of he
"Schmehr, Julian L.",14.4,1,,"Materials Department, University of California , Santa Barbara, California 93106, USA",[12] 2019 doi:10.1063/1.5085327 High-pressure laser floating zone furnace
"Arigela, V. G.",14.4,1,,"Max-Planck-Institut für Eisenforschung GmbH 1 , 40237 Düsseldorf, Germany",[12] 2019 doi:10.1063/1.5086261 Development of a high-temperature micromechanics stage with a novel temperature measuremen
"Oellers, T.",14.4,1,,"Institute for Materials, Ruhr-Universität Bochum 2 , 44801 Bochum, Germany",[12] 2019 doi:10.1063/1.5086261 Development of a high-temperature micromechanics stage with a novel temperature measuremen
"Ludwig, A.",14.4,1,,"Institute for Materials, Ruhr-Universität Bochum 2 , 44801 Bochum, Germany",[12] 2019 doi:10.1063/1.5086261 Development of a high-temperature micromechanics stage with a novel temperature measuremen
"Kirchlechner, C.",14.4,1,,"Max-Planck-Institut für Eisenforschung GmbH 1 , 40237 Düsseldorf, Germany",[12] 2019 doi:10.1063/1.5086261 Development of a high-temperature micromechanics stage with a novel temperature measuremen
"Dehm, G.",14.4,1,,"Max-Planck-Institut für Eisenforschung GmbH 1 , 40237 Düsseldorf, Germany",[12] 2019 doi:10.1063/1.5086261 Development of a high-temperature micromechanics stage with a novel temperature measuremen
"Hadadian, Yaser",14.4,1,,"Department of Physics, FFCLRP, University of São Paulo , Ribeirao Preto, SP CEP 14040-901, Brazil",[12] 2019 doi:10.1063/1.5080348 A versatile induction heating system for magnetic hyperthermia studies under different exp
"Azimbagirad, Mehran",14.4,1,,"Department of Physics, FFCLRP, University of São Paulo , Ribeirao Preto, SP CEP 14040-901, Brazil",[12] 2019 doi:10.1063/1.5080348 A versatile induction heating system for magnetic hyperthermia studies under different exp
"Navas, Elcio A.",14.4,1,,"Department of Physics, FFCLRP, University of São Paulo , Ribeirao Preto, SP CEP 14040-901, Brazil",[12] 2019 doi:10.1063/1.5080348 A versatile induction heating system for magnetic hyperthermia studies under different exp
"Pavan, Theo Z.",14.4,1,,"Department of Physics, FFCLRP, University of São Paulo , Ribeirao Preto, SP CEP 14040-901, Brazil",[12] 2019 doi:10.1063/1.5080348 A versatile induction heating system for magnetic hyperthermia studies under different exp
"Liu, X.",14.4,1,,"Cornell Laboratory of Accelerator-Based Sciences and Education, Cornell University , Ithaca, New York 14853, USA",[12] 2019 doi:10.1063/1.5099361 Design and fabrication of crotch absorbers with beryllium diffuser for Cornell high energy
"Li, Y.",14.4,1,,"Cornell Laboratory of Accelerator-Based Sciences and Education, Cornell University , Ithaca, New York 14853, USA",[12] 2019 doi:10.1063/1.5099361 Design and fabrication of crotch absorbers with beryllium diffuser for Cornell high energy
"Lyndaker, A.",14.4,1,,"Cornell Laboratory of Accelerator-Based Sciences and Education, Cornell University , Ithaca, New York 14853, USA",[12] 2019 doi:10.1063/1.5099361 Design and fabrication of crotch absorbers with beryllium diffuser for Cornell high energy
"Conway, J.",14.4,1,,"Cornell Laboratory of Accelerator-Based Sciences and Education, Cornell University , Ithaca, New York 14853, USA",[12] 2019 doi:10.1063/1.5099361 Design and fabrication of crotch absorbers with beryllium diffuser for Cornell high energy
"Smolenski, K. W.",14.4,1,,"Cornell Laboratory of Accelerator-Based Sciences and Education, Cornell University , Ithaca, New York 14853, USA",[12] 2019 doi:10.1063/1.5099361 Design and fabrication of crotch absorbers with beryllium diffuser for Cornell high energy
"Woll, A. R.",14.4,1,,"Cornell Laboratory of Accelerator-Based Sciences and Education, Cornell University , Ithaca, New York 14853, USA",[12] 2019 doi:10.1063/1.5099361 Design and fabrication of crotch absorbers with beryllium diffuser for Cornell high energy
"Smieska, L. M.",14.4,1,,"Cornell Laboratory of Accelerator-Based Sciences and Education, Cornell University , Ithaca, New York 14853, USA",[12] 2019 doi:10.1063/1.5099361 Design and fabrication of crotch absorbers with beryllium diffuser for Cornell high energy
"T. Sivaprakasam, Balamurugan",14.4,1,,"Department of Engineering Design, Indian Institute of Technology Madras 1 , Chennai 600036, India",[12] 2019 doi:10.1063/1.5079796 Non-contact in situ microwave material measurements for high temperature process monitorin
"Krishnamurthy, C. V.",14.4,1,,"Department of Physics, Indian Institute of Technology Madras 2 , Chennai 600036, India",[12] 2019 doi:10.1063/1.5079796 Non-contact in situ microwave material measurements for high temperature process monitorin
"Arunachalam, Kavitha",14.4,1,,"Department of Engineering Design, Indian Institute of Technology Madras 1 , Chennai 600036, India",[12] 2019 doi:10.1063/1.5079796 Non-contact in situ microwave material measurements for high temperature process monitorin
"Zhou, Xiuyun",14.4,1,,"School of Automation Engineering, University of Electronic Science and Technology of China , Chengdu, China",[12] 2019 doi:10.1063/1.5062850 Research on life evaluation method of solder joint based on eddy current pulse thermograph
"Lu, Xiaochuan",14.4,1,,"School of Automation Engineering, University of Electronic Science and Technology of China , Chengdu, China",[12] 2019 doi:10.1063/1.5062850 Research on life evaluation method of solder joint based on eddy current pulse thermograph
"Cao, Xiaohan",14.4,1,,"School of Automation Engineering, University of Electronic Science and Technology of China , Chengdu, China",[12] 2019 doi:10.1063/1.5062850 Research on life evaluation method of solder joint based on eddy current pulse thermograph
"Liu, Zhen",14.4,1,,"School of Automation Engineering, University of Electronic Science and Technology of China , Chengdu, China",[12] 2019 doi:10.1063/1.5062850 Research on life evaluation method of solder joint based on eddy current pulse thermograph
"Chen, Yaqiu",14.4,1,,"School of Automation Engineering, University of Electronic Science and Technology of China , Chengdu, China",[12] 2019 doi:10.1063/1.5062850 Research on life evaluation method of solder joint based on eddy current pulse thermograph
"Beers, C. J.",14.3,1,,"Department of Energy Science and Engineering, University of Tennessee 1 , Knoxville, Tennessee 37996, USA",[11] 2021 doi:10.1063/5.0043111 Development of the materials analysis and particle probe for Proto-MPEX
"Jaramillo, C.",14.3,1,,"Ken and Mary Lindquist Department of Nuclear Engineering, Penn State University 2 , State College, Pennsylvania 16801, USA",[11] 2021 doi:10.1063/5.0043111 Development of the materials analysis and particle probe for Proto-MPEX
"Reid, N. C.",14.3,1,,"Department of Nuclear, Plasma and Radiological Engineering, University of Illinois 3 , Urbana, Illinois 61801, USA",[11] 2021 doi:10.1063/5.0043111 Development of the materials analysis and particle probe for Proto-MPEX
"Schamis, H.",14.3,1,,"Ken and Mary Lindquist Department of Nuclear Engineering, Penn State University 2 , State College, Pennsylvania 16801, USA",[11] 2021 doi:10.1063/5.0043111 Development of the materials analysis and particle probe for Proto-MPEX
"Allain, J. P.",14.3,1,,"Ken and Mary Lindquist Department of Nuclear Engineering, Penn State University 2 , State College, Pennsylvania 16801, USA",[11] 2021 doi:10.1063/5.0043111 Development of the materials analysis and particle probe for Proto-MPEX
"Caughman, J. B. O.",14.3,1,,"Oak Ridge National Laboratory 4 , Oak Ridge, Tennessee 37831, USA",[11] 2021 doi:10.1063/5.0043111 Development of the materials analysis and particle probe for Proto-MPEX
"Meitner, S. J.",14.3,1,,"Oak Ridge National Laboratory 4 , Oak Ridge, Tennessee 37831, USA",[11] 2021 doi:10.1063/5.0043111 Development of the materials analysis and particle probe for Proto-MPEX
"Rapp, J.",14.3,1,,"Oak Ridge National Laboratory 4 , Oak Ridge, Tennessee 37831, USA",[11] 2021 doi:10.1063/5.0043111 Development of the materials analysis and particle probe for Proto-MPEX
"Zinkle, S. J.",14.3,1,,"Department of Energy Science and Engineering, University of Tennessee 1 , Knoxville, Tennessee 37996, USA | Oak Ridge National Laboratory 4 , Oak Ridge, Tennessee 37831, USA",[11] 2021 doi:10.1063/5.0043111 Development of the materials analysis and particle probe for Proto-MPEX
"Gao, S.",14.3,1,,"Clarendon Laboratory, Department of Physics, University of Oxford 1 , Parks Rd., Oxford OX1 3PU, United Kingdom",[11] 2021 doi:10.1063/5.0038162 An optically heated atomic source for compact ion trap vacuum systems
"Hughes, W. J.",14.3,1,,"Clarendon Laboratory, Department of Physics, University of Oxford 1 , Parks Rd., Oxford OX1 3PU, United Kingdom",[11] 2021 doi:10.1063/5.0038162 An optically heated atomic source for compact ion trap vacuum systems
"Lucas, D. M.",14.3,1,,"Clarendon Laboratory, Department of Physics, University of Oxford 1 , Parks Rd., Oxford OX1 3PU, United Kingdom",[11] 2021 doi:10.1063/5.0038162 An optically heated atomic source for compact ion trap vacuum systems
"Ballance, T. G.",14.3,1,,"ColdQuanta UK, Oxford Centre for Innovation 2 , Oxford OX1 1BY, United Kingdom",[11] 2021 doi:10.1063/5.0038162 An optically heated atomic source for compact ion trap vacuum systems
"Goodwin, J. F.",14.3,1,,"Clarendon Laboratory, Department of Physics, University of Oxford 1 , Parks Rd., Oxford OX1 3PU, United Kingdom",[11] 2021 doi:10.1063/5.0038162 An optically heated atomic source for compact ion trap vacuum systems
"Tyrpekl, V.",14.0,1,,"Institute for Transuranium Elements (ITU) 1 European Commission, Joint Research Centre (JRC), , Postfach 2340, 76125 Karlsruhe, Germany",[14] 2015 doi:10.1063/1.4913529 Implementation of a spark plasma sintering facility in a hermetic glovebox for compaction 
"Berkmann, C.",14.0,1,,"Institute for Transuranium Elements (ITU) 1 European Commission, Joint Research Centre (JRC), , Postfach 2340, 76125 Karlsruhe, Germany",[14] 2015 doi:10.1063/1.4913529 Implementation of a spark plasma sintering facility in a hermetic glovebox for compaction 
"Holzhäuser, M.",14.0,1,,"Institute for Transuranium Elements (ITU) 1 European Commission, Joint Research Centre (JRC), , Postfach 2340, 76125 Karlsruhe, Germany",[14] 2015 doi:10.1063/1.4913529 Implementation of a spark plasma sintering facility in a hermetic glovebox for compaction 
"Köpp, F.",14.0,1,,"Institute for Transuranium Elements (ITU) 1 European Commission, Joint Research Centre (JRC), , Postfach 2340, 76125 Karlsruhe, Germany",[14] 2015 doi:10.1063/1.4913529 Implementation of a spark plasma sintering facility in a hermetic glovebox for compaction 
"Cologna, M.",14.0,1,,"Institute for Transuranium Elements (ITU) 1 European Commission, Joint Research Centre (JRC), , Postfach 2340, 76125 Karlsruhe, Germany",[14] 2015 doi:10.1063/1.4913529 Implementation of a spark plasma sintering facility in a hermetic glovebox for compaction 
"Wangle, T.",14.0,1,,"Czech Technical University in Prague 2 Faculty of Nuclear Sciences and Physical Engineering, , Břehová 7, Praha 1, 115 19, Czech Republic | Institute for Transuranium Elements (ITU) 1 European Commiss",[14] 2015 doi:10.1063/1.4913529 Implementation of a spark plasma sintering facility in a hermetic glovebox for compaction 
"Somers, J.",14.0,1,,"Institute for Transuranium Elements (ITU) 1 European Commission, Joint Research Centre (JRC), , Postfach 2340, 76125 Karlsruhe, Germany",[14] 2015 doi:10.1063/1.4913529 Implementation of a spark plasma sintering facility in a hermetic glovebox for compaction 
"Fan, Xuanhui",14.0,1,,"Key Laboratory of Ocean Energy Utilization and Energy Conservation of Ministry of Education, Dalian University of Technology 1 , Dalian 116024, China",[10] 2023 doi:10.1063/5.0179428 High-temperature and high-pressure thermal property measurements of SiO2 crystals
"Zhou, Jing",14.0,1,,"Key Laboratory of Ocean Energy Utilization and Energy Conservation of Ministry of Education, Dalian University of Technology 1 , Dalian 116024, China",[10] 2023 doi:10.1063/5.0179428 High-temperature and high-pressure thermal property measurements of SiO2 crystals
"Zhang, Zhongyin",14.0,1,,"Key Laboratory of Ocean Energy Utilization and Energy Conservation of Ministry of Education, Dalian University of Technology 1 , Dalian 116024, China | Northwestern Polytechnical University 2 , Xi’an ",[10] 2023 doi:10.1063/5.0179428 High-temperature and high-pressure thermal property measurements of SiO2 crystals
"Zhang, Kewen",14.0,1,,"BYD Automotive Company Limited 3 , Xi’an 710119, China | Key Laboratory of Ocean Energy Utilization and Energy Conservation of Ministry of Education, Dalian University of Technology 1 , Dalian 116024,",[10] 2023 doi:10.1063/5.0179428 High-temperature and high-pressure thermal property measurements of SiO2 crystals
"Li, Donghao",14.0,1,,"Key Laboratory of Ocean Energy Utilization and Energy Conservation of Ministry of Education, Dalian University of Technology 1 , Dalian 116024, China",[10] 2023 doi:10.1063/5.0179428 High-temperature and high-pressure thermal property measurements of SiO2 crystals
"Tang, Dawei",14.0,1,,"Key Laboratory of Ocean Energy Utilization and Energy Conservation of Ministry of Education, Dalian University of Technology 1 , Dalian 116024, China",[10] 2023 doi:10.1063/5.0179428 High-temperature and high-pressure thermal property measurements of SiO2 crystals
"Zhu, Jie",14.0,1,,"Key Laboratory of Ocean Energy Utilization and Energy Conservation of Ministry of Education, Dalian University of Technology 1 , Dalian 116024, China",[10] 2023 doi:10.1063/5.0179428 High-temperature and high-pressure thermal property measurements of SiO2 crystals
"Ezad, Isra S.",14.0,1,,"School of Natural Sciences, Macquarie University 1 , North Ryde, Sydney, NSW, 2109, Australia",[10] 2023 doi:10.1063/5.0129417 Rapid quench piston cylinder apparatus: An improved design for the recovery of volatile-ri
"Shcheka, Svyatoslav S.",14.0,1,,"School of Natural Sciences, Macquarie University 1 , North Ryde, Sydney, NSW, 2109, Australia",[10] 2023 doi:10.1063/5.0129417 Rapid quench piston cylinder apparatus: An improved design for the recovery of volatile-ri
"Buhre, Stephan",14.0,1,,"Institute of Geosciences, Johannes Gutenberg University of Mainz 2 , Mainz, Germany",[10] 2023 doi:10.1063/5.0129417 Rapid quench piston cylinder apparatus: An improved design for the recovery of volatile-ri
"Buhre, Andreas",14.0,1,,"GUKO Sondermaschinenbau GmbH 3 , Am Mühlensiek 4, 37170 Uslar, Germany",[10] 2023 doi:10.1063/5.0129417 Rapid quench piston cylinder apparatus: An improved design for the recovery of volatile-ri
"Gorojovsky, Lauren R.",14.0,1,,"School of Natural Sciences, Macquarie University 1 , North Ryde, Sydney, NSW, 2109, Australia",[10] 2023 doi:10.1063/5.0129417 Rapid quench piston cylinder apparatus: An improved design for the recovery of volatile-ri
"Shea, Joshua J.",14.0,1,,"School of Natural Sciences, Macquarie University 1 , North Ryde, Sydney, NSW, 2109, Australia",[10] 2023 doi:10.1063/5.0129417 Rapid quench piston cylinder apparatus: An improved design for the recovery of volatile-ri
"Förster, Michael W.",14.0,1,,"School of Natural Sciences, Macquarie University 1 , North Ryde, Sydney, NSW, 2109, Australia",[10] 2023 doi:10.1063/5.0129417 Rapid quench piston cylinder apparatus: An improved design for the recovery of volatile-ri
"Foley, Stephen F.",14.0,1,,"Research School of Earth Sciences, Australian National University 4 , Canberra, ACT 2601, Australia | School of Natural Sciences, Macquarie University 1 , North Ryde, Sydney, NSW, 2109, Australia",[10] 2023 doi:10.1063/5.0129417 Rapid quench piston cylinder apparatus: An improved design for the recovery of volatile-ri
"Tang, Yu",14.0,1,,"Department of Chemical and Petroleum Engineering, University of Kansas , Kansas 66049, USA",[10] 2023 doi:10.1063/5.0083201 In situ and operando study of catalysts during high-temperature high-pressure catalysis in
"Li, Yuting",14.0,1,,"Department of Chemical and Petroleum Engineering, University of Kansas , Kansas 66049, USA",[10] 2023 doi:10.1063/5.0083201 In situ and operando study of catalysts during high-temperature high-pressure catalysis in
"Tao, Franklin",14.0,1,,"Department of Chemical and Petroleum Engineering, University of Kansas , Kansas 66049, USA",[10] 2023 doi:10.1063/5.0083201 In situ and operando study of catalysts during high-temperature high-pressure catalysis in
"Fan, Jiamin",14.0,1,,"Institute of Industry and Trade Measurement Technology, China Jiliang University , Hangzhou 310018, China",[10] 2023 doi:10.1063/5.0165929 Predictive temperature control design for reaction calorimeter based on mechanism paramete
"Ye, Shuliang",14.0,1,,"Institute of Industry and Trade Measurement Technology, China Jiliang University , Hangzhou 310018, China",[10] 2023 doi:10.1063/5.0165929 Predictive temperature control design for reaction calorimeter based on mechanism paramete
"Li, J. F.",14.0,1,,"CAS Center for Excellence in Deep Earth Science 2 , Guangzhou 510640, China | State Key Laboratory of Isotope Geochemistry, Guangzhou Institute of Geochemistry, Chinese Academy of Sciences 1 , Guangzh",[10] 2023 doi:10.1063/5.0124440 Mechanical data corrections for triaxial compression testing at high pressures and high te
"Song, M. S.",14.0,1,,"CAS Center for Excellence in Deep Earth Science 2 , Guangzhou 510640, China | State Key Laboratory of Isotope Geochemistry, Guangzhou Institute of Geochemistry, Chinese Academy of Sciences 1 , Guangzh",[10] 2023 doi:10.1063/5.0124440 Mechanical data corrections for triaxial compression testing at high pressures and high te
"Shao, T. B.",14.0,1,,"State Key Laboratory of Earthquake Dynamics, Institute of Geology 3 , China Earthquake Administration, Beijing 100029, China | State Key Laboratory of Isotope Geochemistry, Guangzhou Institute of Geoc",[10] 2023 doi:10.1063/5.0124440 Mechanical data corrections for triaxial compression testing at high pressures and high te
"Zheng, X. D.",14.0,1,,"State Key Laboratory of Isotope Geochemistry, Guangzhou Institute of Geochemistry, Chinese Academy of Sciences 1 , Guangzhou 510640, China | University of Chinese Academy of Sciences 4 , Beijing 10004",[10] 2023 doi:10.1063/5.0124440 Mechanical data corrections for triaxial compression testing at high pressures and high te
"Jiang, Z. X.",14.0,1,,"State Key Laboratory of Isotope Geochemistry, Guangzhou Institute of Geochemistry, Chinese Academy of Sciences 1 , Guangzhou 510640, China | University of Chinese Academy of Sciences 4 , Beijing 10004",[10] 2023 doi:10.1063/5.0124440 Mechanical data corrections for triaxial compression testing at high pressures and high te
"Liang, Peizhao",14.0,1,,"College of Metrology and Measurement Engineering, China Jiliang University 1 , Xueyuan Street, No. 258, 310018 Hangzhou, China","[10] 2023 doi:10.1063/5.0141788 A millikelvin precision temperature control system designed for a low cost, portable and v"
"Hu, Tieli",14.0,1,,"Xi’an Institute of Applied Optics 2 , West Section of Dianzi 3rd Road, No. 9, 710065 Xi’an, China","[10] 2023 doi:10.1063/5.0141788 A millikelvin precision temperature control system designed for a low cost, portable and v"
"Xu, Jinxin",14.0,1,,"College of Metrology and Measurement Engineering, China Jiliang University 1 , Xueyuan Street, No. 258, 310018 Hangzhou, China","[10] 2023 doi:10.1063/5.0141788 A millikelvin precision temperature control system designed for a low cost, portable and v"
"Ochilov, Jamshid",14.0,1,,"Department of Aerospace Engineering and Mechanics, University of Minnesota , Minneapolis, Minnesota 55455,",[9] 2026 doi:10.1063/5.0311052 Supersonic microparticle impact experiments on targets at temperatures approaching 2000 °C
"Faith Nahmad, Isaac",14.0,1,,"Department of Aerospace Engineering and Mechanics, University of Minnesota , Minneapolis, Minnesota 55455,",[9] 2026 doi:10.1063/5.0311052 Supersonic microparticle impact experiments on targets at temperatures approaching 2000 °C
"Alam, Intekhab",14.0,1,,"Department of Aerospace Engineering and Mechanics, University of Minnesota , Minneapolis, Minnesota 55455,",[9] 2026 doi:10.1063/5.0311052 Supersonic microparticle impact experiments on targets at temperatures approaching 2000 °C
"Yip, Peter",14.0,1,,"Department of Aerospace Engineering and Mechanics, University of Minnesota , Minneapolis, Minnesota 55455,",[9] 2026 doi:10.1063/5.0311052 Supersonic microparticle impact experiments on targets at temperatures approaching 2000 °C
"Ravindran, Suraj",14.0,1,,"Department of Aerospace Engineering and Mechanics, University of Minnesota , Minneapolis, Minnesota 55455,",[9] 2026 doi:10.1063/5.0311052 Supersonic microparticle impact experiments on targets at temperatures approaching 2000 °C
"Mori, Yuki",14.0,1,,"Department of Life Science, Graduate School of Science, University of Hyogo 2 , 2167 Shosha, Himeji, Hyogo 671-2280, | Japan Synchrotron Radiation Research Institute 1 , 1-1-1 Kouto, Sayo-cho, Sayo-gu",[9] 2026 doi:10.1063/5.0285190 Compact high-pressure cell for in situ synchrotron powder x-ray diffraction featuring prec
"Kawaguchi, Shogo",14.0,1,,"Japan Synchrotron Radiation Research Institute 1 , 1-1-1 Kouto, Sayo-cho, Sayo-gun, Hyogo 679-5198,",[9] 2026 doi:10.1063/5.0285190 Compact high-pressure cell for in situ synchrotron powder x-ray diffraction featuring prec
"Kobayashi, Shintaro",14.0,1,,"Japan Synchrotron Radiation Research Institute 1 , 1-1-1 Kouto, Sayo-cho, Sayo-gun, Hyogo 679-5198,",[9] 2026 doi:10.1063/5.0285190 Compact high-pressure cell for in situ synchrotron powder x-ray diffraction featuring prec
"Kawaguchi-Imada, Saori",14.0,1,,"Faculty of Materials for Energy, Shimane University 3 , 1060 Nishikawazucho, Matsue, Shimane 690-8504, | Japan Synchrotron Radiation Research Institute 1 , 1-1-1 Kouto, Sayo-cho, Sayo-gun, Hyogo 679-5",[9] 2026 doi:10.1063/5.0285190 Compact high-pressure cell for in situ synchrotron powder x-ray diffraction featuring prec
"Takemoto, Michitaka",14.0,1,,"Japan Synchrotron Radiation Research Institute 1 , 1-1-1 Kouto, Sayo-cho, Sayo-gun, Hyogo 679-5198,",[9] 2026 doi:10.1063/5.0285190 Compact high-pressure cell for in situ synchrotron powder x-ray diffraction featuring prec
"Matsumoto, Masamitsu",14.0,1,,"Syn Corporation Ltd. 4 , 9-6 Kizugawadai, KICK 303, Kizugawa, Kyoto 619-0225,",[9] 2026 doi:10.1063/5.0285190 Compact high-pressure cell for in situ synchrotron powder x-ray diffraction featuring prec
"Khatoon, Najma",14.0,1,,"Department of Physics and Engineering Physics, Tulane University , New Orleans, Louisiana 70118,",[9] 2026 doi:10.1063/5.0300385 Pressure-controlled vacuum chamber for photothermal processing of thin films via photonic 
"Subedi, Binod",14.0,1,,"Department of Physics and Engineering Physics, Tulane University , New Orleans, Louisiana 70118,",[9] 2026 doi:10.1063/5.0300385 Pressure-controlled vacuum chamber for photothermal processing of thin films via photonic 
"Johnson, Michael",14.0,1,YES,"Department of Physics and Engineering Physics, Tulane University , New Orleans, Louisiana 70118,",[9] 2026 doi:10.1063/5.0300385 Pressure-controlled vacuum chamber for photothermal processing of thin films via photonic 
"Chrisey, Douglas B.",14.0,1,,"Department of Physics and Engineering Physics, Tulane University , New Orleans, Louisiana 70118,",[9] 2026 doi:10.1063/5.0300385 Pressure-controlled vacuum chamber for photothermal processing of thin films via photonic 
"Liu, Shenggang",13.8,1,,"National Key Laboratory of Shock Wave and Detonation Physics, Institute of Fluid Physics, China Academy of Engineering Physics , Mianyang, Sichuan 621900, China",[12] 2018 doi:10.1063/1.5007194 Simultaneous measurement of the dynamic emissivity and the radiance of the shocked Al/LiF 
"Li, Jiabo",13.8,1,,"National Key Laboratory of Shock Wave and Detonation Physics, Institute of Fluid Physics, China Academy of Engineering Physics , Mianyang, Sichuan 621900, China",[12] 2018 doi:10.1063/1.5007194 Simultaneous measurement of the dynamic emissivity and the radiance of the shocked Al/LiF 
"Xue, Tao",13.8,1,,"National Key Laboratory of Shock Wave and Detonation Physics, Institute of Fluid Physics, China Academy of Engineering Physics , Mianyang, Sichuan 621900, China",[12] 2018 doi:10.1063/1.5007194 Simultaneous measurement of the dynamic emissivity and the radiance of the shocked Al/LiF 
"Tao, Tianjiong",13.8,1,,"National Key Laboratory of Shock Wave and Detonation Physics, Institute of Fluid Physics, China Academy of Engineering Physics , Mianyang, Sichuan 621900, China",[12] 2018 doi:10.1063/1.5007194 Simultaneous measurement of the dynamic emissivity and the radiance of the shocked Al/LiF 
"Ma, Heli",13.8,1,,"National Key Laboratory of Shock Wave and Detonation Physics, Institute of Fluid Physics, China Academy of Engineering Physics , Mianyang, Sichuan 621900, China",[12] 2018 doi:10.1063/1.5007194 Simultaneous measurement of the dynamic emissivity and the radiance of the shocked Al/LiF 
"Wang, Xiang",13.8,1,,"National Key Laboratory of Shock Wave and Detonation Physics, Institute of Fluid Physics, China Academy of Engineering Physics , Mianyang, Sichuan 621900, China",[12] 2018 doi:10.1063/1.5007194 Simultaneous measurement of the dynamic emissivity and the radiance of the shocked Al/LiF 
"Weng, Jidong",13.8,1,,"National Key Laboratory of Shock Wave and Detonation Physics, Institute of Fluid Physics, China Academy of Engineering Physics , Mianyang, Sichuan 621900, China",[12] 2018 doi:10.1063/1.5007194 Simultaneous measurement of the dynamic emissivity and the radiance of the shocked Al/LiF 
"Li, Zeren",13.8,1,,"National Key Laboratory of Shock Wave and Detonation Physics, Institute of Fluid Physics, China Academy of Engineering Physics , Mianyang, Sichuan 621900, China",[12] 2018 doi:10.1063/1.5007194 Simultaneous measurement of the dynamic emissivity and the radiance of the shocked Al/LiF 
"Nagy, Richárd",13.8,1,,"Centre for Energy Research, Hungarian Academy of Sciences 1 , Konkoly-Thege Miklós út 29-33, 1121 Budapest, Hungary | Doctoral School on Material Sciences and Technologies, Óbuda University 2 , Bécsi ",[12] 2018 doi:10.1063/1.5045461 Optical measurement of the high temperature ballooning of nuclear fuel claddings
"Király, Márton",13.8,1,,"Centre for Energy Research, Hungarian Academy of Sciences 1 , Konkoly-Thege Miklós út 29-33, 1121 Budapest, Hungary",[12] 2018 doi:10.1063/1.5045461 Optical measurement of the high temperature ballooning of nuclear fuel claddings
"Szepesi, Tamás",13.8,1,,"Wigner Research Centre for Physics, Hungarian Academy of Sciences 3 , Konkoly-Thege Miklós út 29-33, 1121 Budapest, Hungary",[12] 2018 doi:10.1063/1.5045461 Optical measurement of the high temperature ballooning of nuclear fuel claddings
"Nagy, Attila G.",13.8,1,,"Centre for Energy Research, Hungarian Academy of Sciences 1 , Konkoly-Thege Miklós út 29-33, 1121 Budapest, Hungary",[12] 2018 doi:10.1063/1.5045461 Optical measurement of the high temperature ballooning of nuclear fuel claddings
"Almási, Ádám",13.8,1,,"Centre for Energy Research, Hungarian Academy of Sciences 1 , Konkoly-Thege Miklós út 29-33, 1121 Budapest, Hungary",[12] 2018 doi:10.1063/1.5045461 Optical measurement of the high temperature ballooning of nuclear fuel claddings
"Burla, R.",13.8,1,,"Aix Marseille University, CNRS, Centrale Marseille, Institute Fresnel 1 , Marseille, France",[12] 2018 doi:10.1063/1.4996611 An experimental platform for real-time measurement of the deformation of nuclear fuel rod 
"Volle, G.",13.8,1,,"CEA, DEN/CAD/DEC/SSA3C, Laboratoire d’Analyse de la Migration des Radioelements 2 , 13108 Saint-Paul-lez-Durance, France",[12] 2018 doi:10.1063/1.4996611 An experimental platform for real-time measurement of the deformation of nuclear fuel rod 
"Capdevila, H.",13.8,1,,"CEA, DEN/CAD/DEC/SSA3C, Laboratoire d’Analyse de la Migration des Radioelements 2 , 13108 Saint-Paul-lez-Durance, France",[12] 2018 doi:10.1063/1.4996611 An experimental platform for real-time measurement of the deformation of nuclear fuel rod 
"Stillman, C. R.",13.7,1,,"University of Rochester 1 Laboratory for Laser Energetics, , Rochester, New York 14623, USA",[13] 2016 doi:10.1063/1.4960757 Design of an extreme ultraviolet spectrometer suite to characterize rapidly heated solid m
"Nelson, D.",13.7,1,,"University of Rochester 1 Laboratory for Laser Energetics, , Rochester, New York 14623, USA",[13] 2016 doi:10.1063/1.4960757 Design of an extreme ultraviolet spectrometer suite to characterize rapidly heated solid m
"Begishev, I. A.",13.7,1,,"University of Rochester 1 Laboratory for Laser Energetics, , Rochester, New York 14623, USA",[13] 2016 doi:10.1063/1.4960757 Design of an extreme ultraviolet spectrometer suite to characterize rapidly heated solid m
"Nilson, P. M.",13.7,1,,"University of Rochester 1 Laboratory for Laser Energetics, , Rochester, New York 14623, USA",[13] 2016 doi:10.1063/1.4960757 Design of an extreme ultraviolet spectrometer suite to characterize rapidly heated solid m
"Vaught, Louis",13.5,1,,"J. Mike Walker ’66 Mechanical Engineering Department, Texas A & M University , College Station, Texas 77843, USA","[10] 2022 doi:10.1063/5.0102702 Development of a controlled-atmosphere, rapid-cooling cryogenic chamber for tribological a"
"Tsigkis, Vasilis",13.5,1,,"J. Mike Walker ’66 Mechanical Engineering Department, Texas A & M University , College Station, Texas 77843, USA","[10] 2022 doi:10.1063/5.0102702 Development of a controlled-atmosphere, rapid-cooling cryogenic chamber for tribological a"
"Polycarpou, Andreas A.",13.5,1,,"J. Mike Walker ’66 Mechanical Engineering Department, Texas A & M University , College Station, Texas 77843, USA","[10] 2022 doi:10.1063/5.0102702 Development of a controlled-atmosphere, rapid-cooling cryogenic chamber for tribological a"
"Lekkas, Ioannis",13.5,1,,"MIRIAM Beamline B22, Diamond Light Source Ltd., Harwell Science and Innovation Campus 1 , Oxon OX11 0DE Chilton, Didcot, United Kingdom","[10] 2022 doi:10.1063/5.0097279 Rapidly frequency-tuneable, in-vacuum, and magnetic levitation chopper for fast modulation"
"Frogley, Mark D.",13.5,1,,"MIRIAM Beamline B22, Diamond Light Source Ltd., Harwell Science and Innovation Campus 1 , Oxon OX11 0DE Chilton, Didcot, United Kingdom","[10] 2022 doi:10.1063/5.0097279 Rapidly frequency-tuneable, in-vacuum, and magnetic levitation chopper for fast modulation"
"Achtnich, Timon",13.5,1,,"Celeroton AG 2 , Industriestrasse 22, 8604 Volketswil, Switzerland","[10] 2022 doi:10.1063/5.0097279 Rapidly frequency-tuneable, in-vacuum, and magnetic levitation chopper for fast modulation"
"Cinque, Gianfelice",13.5,1,,"MIRIAM Beamline B22, Diamond Light Source Ltd., Harwell Science and Innovation Campus 1 , Oxon OX11 0DE Chilton, Didcot, United Kingdom","[10] 2022 doi:10.1063/5.0097279 Rapidly frequency-tuneable, in-vacuum, and magnetic levitation chopper for fast modulation"
"Harbord, C.",13.5,1,,"Department of Earth Sciences, University College London , Gower Place, London WC1E 6BT, United Kingdom","[10] 2022 doi:10.1063/5.0084477 A high pressure, high temperature gas medium apparatus to measure acoustic velocities duri"
"Brantut, N.",13.5,1,,"Department of Earth Sciences, University College London , Gower Place, London WC1E 6BT, United Kingdom","[10] 2022 doi:10.1063/5.0084477 A high pressure, high temperature gas medium apparatus to measure acoustic velocities duri"
"David, E. C.",13.5,1,,"Department of Earth Sciences, University College London , Gower Place, London WC1E 6BT, United Kingdom","[10] 2022 doi:10.1063/5.0084477 A high pressure, high temperature gas medium apparatus to measure acoustic velocities duri"
"Mitchell, T. M.",13.5,1,,"Department of Earth Sciences, University College London , Gower Place, London WC1E 6BT, United Kingdom","[10] 2022 doi:10.1063/5.0084477 A high pressure, high temperature gas medium apparatus to measure acoustic velocities duri"
"Atz, Emil",13.5,1,,"Center for Space Physics, College of Engineering, Boston University, Boston, Massachusetts 02215, USA",[10] 2022 doi:10.1063/5.0085534 The cusp plasma imaging detector (CuPID) cubesat observatory: Instrumentation
"Walsh, Brian",13.5,1,,"Center for Space Physics, College of Engineering, Boston University, Boston, Massachusetts 02215, USA",[10] 2022 doi:10.1063/5.0085534 The cusp plasma imaging detector (CuPID) cubesat observatory: Instrumentation
"O’Brien, Connor",13.5,1,,"Center for Space Physics, College of Engineering, Boston University, Boston, Massachusetts 02215, USA",[10] 2022 doi:10.1063/5.0085534 The cusp plasma imaging detector (CuPID) cubesat observatory: Instrumentation
"Collier, Michael",13.5,1,,"NASA Goddard Space Flight Center, Greenbelt, Maryland 20771, USA",[10] 2022 doi:10.1063/5.0085534 The cusp plasma imaging detector (CuPID) cubesat observatory: Instrumentation
"Berman, Ariel",13.5,1,,"The Aerospace Corporation, Los Angeles, California 90245, USA",[10] 2022 doi:10.1063/5.0085534 The cusp plasma imaging detector (CuPID) cubesat observatory: Instrumentation
"Billingsley, Lisa",13.5,1,,"NASA Goddard Space Flight Center, Greenbelt, Maryland 20771, USA",[10] 2022 doi:10.1063/5.0085534 The cusp plasma imaging detector (CuPID) cubesat observatory: Instrumentation
"Blake, J. Bernard",13.5,1,,"The Aerospace Corporation, Los Angeles, California 90245, USA",[10] 2022 doi:10.1063/5.0085534 The cusp plasma imaging detector (CuPID) cubesat observatory: Instrumentation
"Broll, Jeffery",13.5,1,,"Center for Space Physics, College of Engineering, Boston University, Boston, Massachusetts 02215, USA",[10] 2022 doi:10.1063/5.0085534 The cusp plasma imaging detector (CuPID) cubesat observatory: Instrumentation
"Chornay, Dennis",13.5,1,,"NASA Goddard Space Flight Center, Greenbelt, Maryland 20771, USA",[10] 2022 doi:10.1063/5.0085534 The cusp plasma imaging detector (CuPID) cubesat observatory: Instrumentation
"Crain, William",13.5,1,,"The Aerospace Corporation, Los Angeles, California 90245, USA",[10] 2022 doi:10.1063/5.0085534 The cusp plasma imaging detector (CuPID) cubesat observatory: Instrumentation
"Cragwell, Thompson",13.5,1,,"Center for Space Physics, College of Engineering, Boston University, Boston, Massachusetts 02215, USA",[10] 2022 doi:10.1063/5.0085534 The cusp plasma imaging detector (CuPID) cubesat observatory: Instrumentation
"Dobson, Norman",13.5,1,,"NASA Goddard Space Flight Center, Greenbelt, Maryland 20771, USA",[10] 2022 doi:10.1063/5.0085534 The cusp plasma imaging detector (CuPID) cubesat observatory: Instrumentation
"Kujawski, Joseph",13.5,1,,"Drexel University, Philadelphia, Pennsylvania 19104, USA",[10] 2022 doi:10.1063/5.0085534 The cusp plasma imaging detector (CuPID) cubesat observatory: Instrumentation
"Kuntz, Kip",13.5,1,,"The Henry A. Rowland Department of Physics and Astronomy, Johns Hopkins University, Baltimore, Maryland 21210, USA",[10] 2022 doi:10.1063/5.0085534 The cusp plasma imaging detector (CuPID) cubesat observatory: Instrumentation
"Naldoza, Van",13.5,1,,"Center for Space Physics, College of Engineering, Boston University, Boston, Massachusetts 02215, USA",[10] 2022 doi:10.1063/5.0085534 The cusp plasma imaging detector (CuPID) cubesat observatory: Instrumentation
"Nutter, Rousseau",13.5,1,,"Center for Space Physics, College of Engineering, Boston University, Boston, Massachusetts 02215, USA",[10] 2022 doi:10.1063/5.0085534 The cusp plasma imaging detector (CuPID) cubesat observatory: Instrumentation
"Porter, F. Scott",13.5,1,,"NASA Goddard Space Flight Center, Greenbelt, Maryland 20771, USA",[10] 2022 doi:10.1063/5.0085534 The cusp plasma imaging detector (CuPID) cubesat observatory: Instrumentation
"Sibeck, David",13.5,1,,"NASA Goddard Space Flight Center, Greenbelt, Maryland 20771, USA",[10] 2022 doi:10.1063/5.0085534 The cusp plasma imaging detector (CuPID) cubesat observatory: Instrumentation
"Simms, Kenneth",13.5,1,,"NASA Goddard Space Flight Center, Greenbelt, Maryland 20771, USA",[10] 2022 doi:10.1063/5.0085534 The cusp plasma imaging detector (CuPID) cubesat observatory: Instrumentation
"Thomas, Nicholas",13.5,1,,"NASA Goddard Space Flight Center, Greenbelt, Maryland 20771, USA",[10] 2022 doi:10.1063/5.0085534 The cusp plasma imaging detector (CuPID) cubesat observatory: Instrumentation
"Turner, Drew",13.5,1,,"Space Exploration Sector, Johns Hopkins Applied Physics Laboratory, Laurel, Maryland 20723, USA",[10] 2022 doi:10.1063/5.0085534 The cusp plasma imaging detector (CuPID) cubesat observatory: Instrumentation
"Weatherwax, Allan",13.5,1,,"Merrimack College, North Andover, Massachusetts 01845, USA",[10] 2022 doi:10.1063/5.0085534 The cusp plasma imaging detector (CuPID) cubesat observatory: Instrumentation
"Yousuff, Ajmal",13.5,1,,"Drexel University, Philadelphia, Pennsylvania 19104, USA",[10] 2022 doi:10.1063/5.0085534 The cusp plasma imaging detector (CuPID) cubesat observatory: Instrumentation
"Zosuls, Aleks",13.5,1,,"Center for Space Physics, College of Engineering, Boston University, Boston, Massachusetts 02215, USA",[10] 2022 doi:10.1063/5.0085534 The cusp plasma imaging detector (CuPID) cubesat observatory: Instrumentation
"Wang, Fei",13.5,1,,"Faculty of Robot Science and Engineering, Northeastern University 1 , NO. 195, Innovation Road, Hunnan District, Shenyang, People’s Republic of China",[10] 2022 doi:10.1063/5.0087561 Tracking moving target for 6 degree-of-freedom robot manipulator with adaptive visual serv
"Ren, Baiming",13.5,1,,"College of Information Science and Engineering, Northeastern University 2 , NO. 3-11, Wenhua Road, Heping District, Shenyang, People’s Republic of China",[10] 2022 doi:10.1063/5.0087561 Tracking moving target for 6 degree-of-freedom robot manipulator with adaptive visual serv
"Liu, Yue",13.5,1,,"Faculty of Robot Science and Engineering, Northeastern University 1 , NO. 195, Innovation Road, Hunnan District, Shenyang, People’s Republic of China",[10] 2022 doi:10.1063/5.0087561 Tracking moving target for 6 degree-of-freedom robot manipulator with adaptive visual serv
"Cui, Ben",13.5,1,,"Faculty of Robot Science and Engineering, Northeastern University 1 , NO. 195, Innovation Road, Hunnan District, Shenyang, People’s Republic of China",[10] 2022 doi:10.1063/5.0087561 Tracking moving target for 6 degree-of-freedom robot manipulator with adaptive visual serv
"Yamato, R.",13.5,1,,"Graduate School of Energy Science, Kyoto University 1 , Kyoto 606-8501,",[9] 2025 doi:10.1063/5.0231450 Measurement of x-ray bremsstrahlung radiation from high energy electrons by stochastic acc
"Fujita, T.",13.5,1,,"Graduate School of Energy Science, Kyoto University 1 , Kyoto 606-8501,",[9] 2025 doi:10.1063/5.0231450 Measurement of x-ray bremsstrahlung radiation from high energy electrons by stochastic acc
"Nagaoka, K.",13.5,1,,"Institute of Advanced Energy, Kyoto University 2 , Kyoto 606-8501,",[9] 2025 doi:10.1063/5.0231450 Measurement of x-ray bremsstrahlung radiation from high energy electrons by stochastic acc
"Nagasaki, K.",13.5,1,,"Institute of Advanced Energy, Kyoto University 2 , Kyoto 606-8501,",[9] 2025 doi:10.1063/5.0231450 Measurement of x-ray bremsstrahlung radiation from high energy electrons by stochastic acc
"Inagaki, S.",13.5,1,,"Institute of Advanced Energy, Kyoto University 2 , Kyoto 606-8501,",[9] 2025 doi:10.1063/5.0231450 Measurement of x-ray bremsstrahlung radiation from high energy electrons by stochastic acc
"Kawate, T.",13.5,1,,"National Institute for Fusion Science 3 , Gifu 509-5292,",[9] 2025 doi:10.1063/5.0231450 Measurement of x-ray bremsstrahlung radiation from high energy electrons by stochastic acc
"Ohgaki, H.",13.5,1,,"Institute of Advanced Energy, Kyoto University 2 , Kyoto 606-8501,",[9] 2025 doi:10.1063/5.0231450 Measurement of x-ray bremsstrahlung radiation from high energy electrons by stochastic acc
"Kii, T.",13.5,1,,"Institute of Advanced Energy, Kyoto University 2 , Kyoto 606-8501,",[9] 2025 doi:10.1063/5.0231450 Measurement of x-ray bremsstrahlung radiation from high energy electrons by stochastic acc
"Zen, H.",13.5,1,,"Institute of Advanced Energy, Kyoto University 2 , Kyoto 606-8501,",[9] 2025 doi:10.1063/5.0231450 Measurement of x-ray bremsstrahlung radiation from high energy electrons by stochastic acc
"Kado, S.",13.5,1,,"Graduate School of Energy Science, Kyoto University 1 , Kyoto 606-8501,",[9] 2025 doi:10.1063/5.0231450 Measurement of x-ray bremsstrahlung radiation from high energy electrons by stochastic acc
"Minami, T.",13.5,1,,"Institute of Advanced Energy, Kyoto University 2 , Kyoto 606-8501,",[9] 2025 doi:10.1063/5.0231450 Measurement of x-ray bremsstrahlung radiation from high energy electrons by stochastic acc
"Okada, H.",13.5,1,,"Institute of Advanced Energy, Kyoto University 2 , Kyoto 606-8501,",[9] 2025 doi:10.1063/5.0231450 Measurement of x-ray bremsstrahlung radiation from high energy electrons by stochastic acc
"Ohshima, S.",13.5,1,,"Institute of Advanced Energy, Kyoto University 2 , Kyoto 606-8501,",[9] 2025 doi:10.1063/5.0231450 Measurement of x-ray bremsstrahlung radiation from high energy electrons by stochastic acc
"Konoshima, S.",13.5,1,,"National Institute for Fusion Science 3 , Gifu 509-5292,",[9] 2025 doi:10.1063/5.0231450 Measurement of x-ray bremsstrahlung radiation from high energy electrons by stochastic acc
"Mizuuchi, T.",13.5,1,,"National Institute for Fusion Science 3 , Gifu 509-5292,",[9] 2025 doi:10.1063/5.0231450 Measurement of x-ray bremsstrahlung radiation from high energy electrons by stochastic acc
"Mototake, Y.",13.5,1,,"Hitotsubashi University 4 , Tokyo 186-8601,",[9] 2025 doi:10.1063/5.0231450 Measurement of x-ray bremsstrahlung radiation from high energy electrons by stochastic acc
"Sayeed Sujan, Md Abu",13.5,1,,"University of North Bengal , Siliguri 734013,",[9] 2025 doi:10.1063/5.0245623 Design and development of a novel device to identify the individual concentration of NO an
"Chatterjee, Suman",13.5,1,,"University of North Bengal , Siliguri 734013,",[9] 2025 doi:10.1063/5.0245623 Design and development of a novel device to identify the individual concentration of NO an
"Pan, Zhiliang",13.5,1,,"Department of Mechanical Engineering, Vanderbilt University , Nashville, Tennessee 37235,",[9] 2025 doi:10.1063/5.0294041 Differential calorimetric measurement of thermal emission from individual nanostructures
"Zhang, Xiaomeng",13.5,1,,"Department of Mechanical Engineering, Vanderbilt University , Nashville, Tennessee 37235,",[9] 2025 doi:10.1063/5.0294041 Differential calorimetric measurement of thermal emission from individual nanostructures
"Lai, Zitian",13.5,1,,"Department of Mechanical Engineering, Vanderbilt University , Nashville, Tennessee 37235,",[9] 2025 doi:10.1063/5.0294041 Differential calorimetric measurement of thermal emission from individual nanostructures
"Obst, Maximilian",13.5,1,,"Department of Mechanical Engineering, Vanderbilt University , Nashville, Tennessee 37235,",[9] 2025 doi:10.1063/5.0294041 Differential calorimetric measurement of thermal emission from individual nanostructures
"Caldwell, Joshua D.",13.5,1,,"Department of Mechanical Engineering, Vanderbilt University , Nashville, Tennessee 37235,",[9] 2025 doi:10.1063/5.0294041 Differential calorimetric measurement of thermal emission from individual nanostructures
"Li, Deyu",13.5,1,,"Department of Mechanical Engineering, Vanderbilt University , Nashville, Tennessee 37235,",[9] 2025 doi:10.1063/5.0294041 Differential calorimetric measurement of thermal emission from individual nanostructures
"Yang, Jialin",13.5,1,,"Institute of Electronic Engineering, China Academy of Engineering Physics 1 , Mianyang,",[9] 2025 doi:10.1063/5.0268085 A multi-spectral temperature measurement method based on color temperature difference
"Yang, Lin",13.5,1,,"Institute of Fundamental and Frontier Sciences, University of Electronic Science and Technology of China 2 , Chengdu,",[9] 2025 doi:10.1063/5.0268085 A multi-spectral temperature measurement method based on color temperature difference
"Wan, Xiang",13.5,1,,"Institute of Electronic Engineering, China Academy of Engineering Physics 1 , Mianyang,",[9] 2025 doi:10.1063/5.0268085 A multi-spectral temperature measurement method based on color temperature difference
"Zhang, Zhefeng",13.5,1,,"Institute of Electronic Engineering, China Academy of Engineering Physics 1 , Mianyang, | State Key Laboratory of Electrical Insulation and Power Equipment, Xi’an Jiaotong University 3 , Xi’an,",[9] 2025 doi:10.1063/5.0268085 A multi-spectral temperature measurement method based on color temperature difference
"Shi, Yuanjie",13.5,1,,"Institute of Electronic Engineering, China Academy of Engineering Physics 1 , Mianyang,",[9] 2025 doi:10.1063/5.0268085 A multi-spectral temperature measurement method based on color temperature difference
"Ma, Jingjing",13.5,1,,"Institute of High Energy Physics, Chinese Academy of Sciences 1 , Beijing 100049, | Spallation Neutron Source Science Center 2 , Dongguan 523803,",[9] 2025 doi:10.1063/5.0237249 Curved neutron beam window for large vacuum chamber of neutron diffractometer
"Ji, Wenhai",13.5,1,,"Institute of High Energy Physics, Chinese Academy of Sciences 1 , Beijing 100049, | Spallation Neutron Source Science Center 2 , Dongguan 523803,",[9] 2025 doi:10.1063/5.0237249 Curved neutron beam window for large vacuum chamber of neutron diffractometer
"Yu, Donghai",13.5,1,,"Beijing Advanced Innovation Center for Materials Genome Engineering, State Key Laboratory for Advanced Metals and Materials, University of Science and Technology Beijing 3 , Beijing 100083,",[9] 2025 doi:10.1063/5.0237249 Curved neutron beam window for large vacuum chamber of neutron diffractometer
"Tan, Zhenhong",13.5,1,,"Institute of High Energy Physics, Chinese Academy of Sciences 1 , Beijing 100049, | Spallation Neutron Source Science Center 2 , Dongguan 523803,",[9] 2025 doi:10.1063/5.0237249 Curved neutron beam window for large vacuum chamber of neutron diffractometer
"Xie, Wu",13.5,1,,"Institute of High Energy Physics, Chinese Academy of Sciences 1 , Beijing 100049, | Spallation Neutron Source Science Center 2 , Dongguan 523803,",[9] 2025 doi:10.1063/5.0237249 Curved neutron beam window for large vacuum chamber of neutron diffractometer
"Wu, Yanyan",13.5,1,,"Institute of High Energy Physics, Chinese Academy of Sciences 1 , Beijing 100049, | Spallation Neutron Source Science Center 2 , Dongguan 523803,",[9] 2025 doi:10.1063/5.0237249 Curved neutron beam window for large vacuum chamber of neutron diffractometer
"Yu, Yongji",13.5,1,,"Institute of High Energy Physics, Chinese Academy of Sciences 1 , Beijing 100049, | Spallation Neutron Source Science Center 2 , Dongguan 523803,",[9] 2025 doi:10.1063/5.0237249 Curved neutron beam window for large vacuum chamber of neutron diffractometer
"Li, Zhiduo",13.5,1,,"Institute of High Energy Physics, Chinese Academy of Sciences 1 , Beijing 100049, | National Synchrotron Radiation Laboratory, University of Science and Technology of China 4 , Hefei 230029, | Spallat",[9] 2025 doi:10.1063/5.0237249 Curved neutron beam window for large vacuum chamber of neutron diffractometer
"Ke, Zhiyong",13.5,1,,"Institute of High Energy Physics, Chinese Academy of Sciences 1 , Beijing 100049, | Spallation Neutron Source Science Center 2 , Dongguan 523803,",[9] 2025 doi:10.1063/5.0237249 Curved neutron beam window for large vacuum chamber of neutron diffractometer
"Yin, Wen",13.5,1,,"Institute of High Energy Physics, Chinese Academy of Sciences 1 , Beijing 100049, | Spallation Neutron Source Science Center 2 , Dongguan 523803,",[9] 2025 doi:10.1063/5.0237249 Curved neutron beam window for large vacuum chamber of neutron diffractometer
"Wang, Yandong",13.5,1,,"Beijing Advanced Innovation Center for Materials Genome Engineering, State Key Laboratory for Advanced Metals and Materials, University of Science and Technology Beijing 3 , Beijing 100083,",[9] 2025 doi:10.1063/5.0237249 Curved neutron beam window for large vacuum chamber of neutron diffractometer
"Kamiyama, Takashi",13.5,1,,"Institute of High Energy Physics, Chinese Academy of Sciences 1 , Beijing 100049, | Spallation Neutron Source Science Center 2 , Dongguan 523803,",[9] 2025 doi:10.1063/5.0237249 Curved neutron beam window for large vacuum chamber of neutron diffractometer
"Miao, Ping",13.5,1,,"Institute of High Energy Physics, Chinese Academy of Sciences 1 , Beijing 100049, | Spallation Neutron Source Science Center 2 , Dongguan 523803,",[9] 2025 doi:10.1063/5.0237249 Curved neutron beam window for large vacuum chamber of neutron diffractometer
"Angland, P.",13.2,1,,"Laboratory for Laser Energetics, University of Rochester , Rochester, New York 14636, USA",[12] 2017 doi:10.1063/1.4991511 Angular filter refractometry analysis using simulated annealing
"Haberberger, D.",13.2,1,,"Laboratory for Laser Energetics, University of Rochester , Rochester, New York 14636, USA",[12] 2017 doi:10.1063/1.4991511 Angular filter refractometry analysis using simulated annealing
"Le Maux, Dylan",13.2,1,,"Univ. Bretagne Sud, UMR CNRS 6027, IRDL , F-56100 Lorient, France",[11] 2019 doi:10.1063/1.5089620 Density measurement of liquid 22MnB5 by aerodynamic levitation
"Courtois, Mickaël",13.2,1,,"Univ. Bretagne Sud, UMR CNRS 6027, IRDL , F-56100 Lorient, France",[11] 2019 doi:10.1063/1.5089620 Density measurement of liquid 22MnB5 by aerodynamic levitation
"Pierre, Thomas",13.2,1,,"Univ. Bretagne Sud, UMR CNRS 6027, IRDL , F-56100 Lorient, France",[11] 2019 doi:10.1063/1.5089620 Density measurement of liquid 22MnB5 by aerodynamic levitation
"Lamien, Bernard",13.2,1,,"Univ. Bretagne Sud, UMR CNRS 6027, IRDL , F-56100 Lorient, France",[11] 2019 doi:10.1063/1.5089620 Density measurement of liquid 22MnB5 by aerodynamic levitation
"Le Masson, Philippe",13.2,1,,"Univ. Bretagne Sud, UMR CNRS 6027, IRDL , F-56100 Lorient, France",[11] 2019 doi:10.1063/1.5089620 Density measurement of liquid 22MnB5 by aerodynamic levitation
"Volponi, M.",13.0,1,,"Department of Physics, University of Trento 3 , via Sommarive 14, Povo, 38123 Trento, Italy | Physics Department, CERN 1 , 1211 Geneva 23, Switzerland | TIFPA/INFN Trento 2 , via Sommarive 14, Povo, 3",[9] 2024 doi:10.1063/5.0196806 TALOS (Total Automation of LabVIEW Operations for Science): A framework for autonomous con
"Zieliński, J.",13.0,1,,"Warsaw University of Technology, Faculty of Physics 4 , ul. Koszykowa 75, 00-662 Warsaw, Poland",[9] 2024 doi:10.1063/5.0196806 TALOS (Total Automation of LabVIEW Operations for Science): A framework for autonomous con
"Rauschendorfer, T.",13.0,1,,"Felix Bloch Institute for Solid State Physics, Universität Leipzig 5 , 04103 Leipzig, Germany | Physics Department, CERN 1 , 1211 Geneva 23, Switzerland",[9] 2024 doi:10.1063/5.0196806 TALOS (Total Automation of LabVIEW Operations for Science): A framework for autonomous con
"Huck, S.",13.0,1,,"Institute for Experimental Physics, Universität Hamburg 6 , 22607 Hamburg, Germany | Physics Department, CERN 1 , 1211 Geneva 23, Switzerland",[9] 2024 doi:10.1063/5.0196806 TALOS (Total Automation of LabVIEW Operations for Science): A framework for autonomous con
"Caravita, R.",13.0,1,,"Department of Physics, University of Trento 3 , via Sommarive 14, Povo, 38123 Trento, Italy | TIFPA/INFN Trento 2 , via Sommarive 14, Povo, 38123 Trento, Italy",[9] 2024 doi:10.1063/5.0196806 TALOS (Total Automation of LabVIEW Operations for Science): A framework for autonomous con
"Auzins, M.",13.0,1,,"Physics Department, CERN 1 , 1211 Geneva 23, Switzerland | University of Latvia, Department of Physics Raina boulevard 19 7 , LV-1586 Riga, Latvia",[9] 2024 doi:10.1063/5.0196806 TALOS (Total Automation of LabVIEW Operations for Science): A framework for autonomous con
"Bergmann, B.",13.0,1,,"Institute of Experimental and Applied Physics, Czech Technical University in Prague 8 , Husova 240/5, 11000 Prague 1, Czech Republic",[9] 2024 doi:10.1063/5.0196806 TALOS (Total Automation of LabVIEW Operations for Science): A framework for autonomous con
"Burian, P.",13.0,1,,"Institute of Experimental and Applied Physics, Czech Technical University in Prague 8 , Husova 240/5, 11000 Prague 1, Czech Republic",[9] 2024 doi:10.1063/5.0196806 TALOS (Total Automation of LabVIEW Operations for Science): A framework for autonomous con
"Brusa, R. S.",13.0,1,,"Department of Physics, University of Trento 3 , via Sommarive 14, Povo, 38123 Trento, Italy | TIFPA/INFN Trento 2 , via Sommarive 14, Povo, 38123 Trento, Italy",[9] 2024 doi:10.1063/5.0196806 TALOS (Total Automation of LabVIEW Operations for Science): A framework for autonomous con
"Camper, A.",13.0,1,,"Department of Physics, University of Oslo 9 , Sem Sælandsvei 24, 0371 Oslo, Norway",[9] 2024 doi:10.1063/5.0196806 TALOS (Total Automation of LabVIEW Operations for Science): A framework for autonomous con
"Castelli, F.",13.0,1,,"INFN Milano 10 , via Celoria 16, 20133 Milano, Italy | Physics Department, CERN 1 , 1211 Geneva 23, Switzerland",[9] 2024 doi:10.1063/5.0196806 TALOS (Total Automation of LabVIEW Operations for Science): A framework for autonomous con
"Cerchiari, G.",13.0,1,,"Physics Department, CERN 1 , 1211 Geneva 23, Switzerland",[9] 2024 doi:10.1063/5.0196806 TALOS (Total Automation of LabVIEW Operations for Science): A framework for autonomous con
"Ciuryło, R.",13.0,1,,"Institute of Physics, Faculty of Physics, Astronomy, and Informatics, Nicolaus Copernicus University in Toruń 14 , Grudziadzka 5, 87-100 Toruń, Poland",[9] 2024 doi:10.1063/5.0196806 TALOS (Total Automation of LabVIEW Operations for Science): A framework for autonomous con
"Consolati, G.",13.0,1,,"INFN Milano 10 , via Celoria 16, 20133 Milano, Italy | Physics Department, CERN 1 , 1211 Geneva 23, Switzerland",[9] 2024 doi:10.1063/5.0196806 TALOS (Total Automation of LabVIEW Operations for Science): A framework for autonomous con
"Doser, M.",13.0,1,,"Physics Department, CERN 1 , 1211 Geneva 23, Switzerland",[9] 2024 doi:10.1063/5.0196806 TALOS (Total Automation of LabVIEW Operations for Science): A framework for autonomous con
"Eliaszuk, K.",13.0,1,,"Warsaw University of Technology, Faculty of Physics 4 , ul. Koszykowa 75, 00-662 Warsaw, Poland",[9] 2024 doi:10.1063/5.0196806 TALOS (Total Automation of LabVIEW Operations for Science): A framework for autonomous con
"Giszczak, A.",13.0,1,,"Warsaw University of Technology, Faculty of Physics 4 , ul. Koszykowa 75, 00-662 Warsaw, Poland",[9] 2024 doi:10.1063/5.0196806 TALOS (Total Automation of LabVIEW Operations for Science): A framework for autonomous con
"Glöggler, L. T.",13.0,1,,"Physics Department, CERN 1 , 1211 Geneva 23, Switzerland",[9] 2024 doi:10.1063/5.0196806 TALOS (Total Automation of LabVIEW Operations for Science): A framework for autonomous con
"Graczykowski, Ł.",13.0,1,,"Warsaw University of Technology, Faculty of Physics 4 , ul. Koszykowa 75, 00-662 Warsaw, Poland",[9] 2024 doi:10.1063/5.0196806 TALOS (Total Automation of LabVIEW Operations for Science): A framework for autonomous con
"Grosbart, M.",13.0,1,,"Physics Department, CERN 1 , 1211 Geneva 23, Switzerland",[9] 2024 doi:10.1063/5.0196806 TALOS (Total Automation of LabVIEW Operations for Science): A framework for autonomous con
"Guatieri, F.",13.0,1,,"Department of Physics, University of Trento 3 , via Sommarive 14, Povo, 38123 Trento, Italy | TIFPA/INFN Trento 2 , via Sommarive 14, Povo, 38123 Trento, Italy",[9] 2024 doi:10.1063/5.0196806 TALOS (Total Automation of LabVIEW Operations for Science): A framework for autonomous con
"Gusakova, N.",13.0,1,,"Physics Department, CERN 1 , 1211 Geneva 23, Switzerland",[9] 2024 doi:10.1063/5.0196806 TALOS (Total Automation of LabVIEW Operations for Science): A framework for autonomous con
"Gustafsson, F.",13.0,1,,"Physics Department, CERN 1 , 1211 Geneva 23, Switzerland",[9] 2024 doi:10.1063/5.0196806 TALOS (Total Automation of LabVIEW Operations for Science): A framework for autonomous con
"Haider, S.",13.0,1,,"Physics Department, CERN 1 , 1211 Geneva 23, Switzerland",[9] 2024 doi:10.1063/5.0196806 TALOS (Total Automation of LabVIEW Operations for Science): A framework for autonomous con
"Janik, M. A.",13.0,1,,"Warsaw University of Technology, Faculty of Physics 4 , ul. Koszykowa 75, 00-662 Warsaw, Poland",[9] 2024 doi:10.1063/5.0196806 TALOS (Total Automation of LabVIEW Operations for Science): A framework for autonomous con
"Januszek, T.",13.0,1,,"Warsaw University of Technology, Faculty of Physics 4 , ul. Koszykowa 75, 00-662 Warsaw, Poland",[9] 2024 doi:10.1063/5.0196806 TALOS (Total Automation of LabVIEW Operations for Science): A framework for autonomous con
"Kasprowicz, G.",13.0,1,,"Warsaw University of Technology, Faculty of Electronics and Information Technology 17 , ul. Nowowiejska 15/19, 00-665 Warsaw, Poland",[9] 2024 doi:10.1063/5.0196806 TALOS (Total Automation of LabVIEW Operations for Science): A framework for autonomous con
"Khatri, G.",13.0,1,,"Physics Department, CERN 1 , 1211 Geneva 23, Switzerland",[9] 2024 doi:10.1063/5.0196806 TALOS (Total Automation of LabVIEW Operations for Science): A framework for autonomous con
"Kłosowski, Ł.",13.0,1,,"Institute of Physics, Faculty of Physics, Astronomy, and Informatics, Nicolaus Copernicus University in Toruń 14 , Grudziadzka 5, 87-100 Toruń, Poland",[9] 2024 doi:10.1063/5.0196806 TALOS (Total Automation of LabVIEW Operations for Science): A framework for autonomous con
"Kornakov, G.",13.0,1,,"Warsaw University of Technology, Faculty of Physics 4 , ul. Koszykowa 75, 00-662 Warsaw, Poland",[9] 2024 doi:10.1063/5.0196806 TALOS (Total Automation of LabVIEW Operations for Science): A framework for autonomous con
"Krumins, V.",13.0,1,,"Physics Department, CERN 1 , 1211 Geneva 23, Switzerland | University of Latvia, Department of Physics Raina boulevard 19 7 , LV-1586 Riga, Latvia",[9] 2024 doi:10.1063/5.0196806 TALOS (Total Automation of LabVIEW Operations for Science): A framework for autonomous con
"Lappo, L.",13.0,1,,"Warsaw University of Technology, Faculty of Physics 4 , ul. Koszykowa 75, 00-662 Warsaw, Poland",[9] 2024 doi:10.1063/5.0196806 TALOS (Total Automation of LabVIEW Operations for Science): A framework for autonomous con
"Linek, A.",13.0,1,,"Institute of Physics, Faculty of Physics, Astronomy, and Informatics, Nicolaus Copernicus University in Toruń 14 , Grudziadzka 5, 87-100 Toruń, Poland",[9] 2024 doi:10.1063/5.0196806 TALOS (Total Automation of LabVIEW Operations for Science): A framework for autonomous con
"Malamant, J.",13.0,1,,"Department of Physics, University of Oslo 9 , Sem Sælandsvei 24, 0371 Oslo, Norway | Physics Department, CERN 1 , 1211 Geneva 23, Switzerland",[9] 2024 doi:10.1063/5.0196806 TALOS (Total Automation of LabVIEW Operations for Science): A framework for autonomous con
"Mariazzi, S.",13.0,1,,"Department of Physics, University of Trento 3 , via Sommarive 14, Povo, 38123 Trento, Italy | TIFPA/INFN Trento 2 , via Sommarive 14, Povo, 38123 Trento, Italy",[9] 2024 doi:10.1063/5.0196806 TALOS (Total Automation of LabVIEW Operations for Science): A framework for autonomous con
"Penasa, L.",13.0,1,,"Department of Physics, University of Trento 3 , via Sommarive 14, Povo, 38123 Trento, Italy | TIFPA/INFN Trento 2 , via Sommarive 14, Povo, 38123 Trento, Italy",[9] 2024 doi:10.1063/5.0196806 TALOS (Total Automation of LabVIEW Operations for Science): A framework for autonomous con
"Petracek, V.",13.0,1,,"Czech Technical University 18 , Prague, Brehová 7, 11519 Prague 1, Czech Republic",[9] 2024 doi:10.1063/5.0196806 TALOS (Total Automation of LabVIEW Operations for Science): A framework for autonomous con
"Piwiński, M.",13.0,1,,"Institute of Physics, Faculty of Physics, Astronomy, and Informatics, Nicolaus Copernicus University in Toruń 14 , Grudziadzka 5, 87-100 Toruń, Poland",[9] 2024 doi:10.1063/5.0196806 TALOS (Total Automation of LabVIEW Operations for Science): A framework for autonomous con
"Pospisil, S.",13.0,1,,"Institute of Experimental and Applied Physics, Czech Technical University in Prague 8 , Husova 240/5, 11000 Prague 1, Czech Republic",[9] 2024 doi:10.1063/5.0196806 TALOS (Total Automation of LabVIEW Operations for Science): A framework for autonomous con
"Povolo, L.",13.0,1,,"Department of Physics, University of Trento 3 , via Sommarive 14, Povo, 38123 Trento, Italy | TIFPA/INFN Trento 2 , via Sommarive 14, Povo, 38123 Trento, Italy",[9] 2024 doi:10.1063/5.0196806 TALOS (Total Automation of LabVIEW Operations for Science): A framework for autonomous con
"Prelz, F.",13.0,1,,"INFN Milano 10 , via Celoria 16, 20133 Milano, Italy",[9] 2024 doi:10.1063/5.0196806 TALOS (Total Automation of LabVIEW Operations for Science): A framework for autonomous con
"Rangwala, S. A.",13.0,1,,"Raman Research Institute 19 , C. V. Raman Avenue, Sadashivanagar, Bangalore 560080, India",[9] 2024 doi:10.1063/5.0196806 TALOS (Total Automation of LabVIEW Operations for Science): A framework for autonomous con
"Rawat, B. S.",13.0,1,,"TIFPA/INFN Trento 2 , via Sommarive 14, Povo, 38123 Trento, Italy",[9] 2024 doi:10.1063/5.0196806 TALOS (Total Automation of LabVIEW Operations for Science): A framework for autonomous con
"Rienäcker, B.",13.0,1,,"Department of Physics, University of Liverpool 20 , Liverpool L69 3BX, United Kingdom",[9] 2024 doi:10.1063/5.0196806 TALOS (Total Automation of LabVIEW Operations for Science): A framework for autonomous con
"Rodin, V.",13.0,1,,"Department of Physics, University of Liverpool 20 , Liverpool L69 3BX, United Kingdom",[9] 2024 doi:10.1063/5.0196806 TALOS (Total Automation of LabVIEW Operations for Science): A framework for autonomous con
"Røhne, O. M.",13.0,1,,"Department of Physics, University of Oslo 9 , Sem Sælandsvei 24, 0371 Oslo, Norway",[9] 2024 doi:10.1063/5.0196806 TALOS (Total Automation of LabVIEW Operations for Science): A framework for autonomous con
"Sandaker, H.",13.0,1,,"Department of Physics, University of Oslo 9 , Sem Sælandsvei 24, 0371 Oslo, Norway",[9] 2024 doi:10.1063/5.0196806 TALOS (Total Automation of LabVIEW Operations for Science): A framework for autonomous con
"Smolyanskiy, P.",13.0,1,,"Institute of Experimental and Applied Physics, Czech Technical University in Prague 8 , Husova 240/5, 11000 Prague 1, Czech Republic",[9] 2024 doi:10.1063/5.0196806 TALOS (Total Automation of LabVIEW Operations for Science): A framework for autonomous con
"Sowiński, T.",13.0,1,,"Institute of Physics, Polish Academy of Sciences 22 , Aleja Lotnikow 32/46, PL-02668 Warsaw, Poland",[9] 2024 doi:10.1063/5.0196806 TALOS (Total Automation of LabVIEW Operations for Science): A framework for autonomous con
"Tefelski, D.",13.0,1,,"Warsaw University of Technology, Faculty of Physics 4 , ul. Koszykowa 75, 00-662 Warsaw, Poland",[9] 2024 doi:10.1063/5.0196806 TALOS (Total Automation of LabVIEW Operations for Science): A framework for autonomous con
"Vafeiadis, T.",13.0,1,,"Physics Department, CERN 1 , 1211 Geneva 23, Switzerland",[9] 2024 doi:10.1063/5.0196806 TALOS (Total Automation of LabVIEW Operations for Science): A framework for autonomous con
"Welsch, C. P.",13.0,1,,"TIFPA/INFN Trento 2 , via Sommarive 14, Povo, 38123 Trento, Italy",[9] 2024 doi:10.1063/5.0196806 TALOS (Total Automation of LabVIEW Operations for Science): A framework for autonomous con
"Wolz, T.",13.0,1,,"Physics Department, CERN 1 , 1211 Geneva 23, Switzerland",[9] 2024 doi:10.1063/5.0196806 TALOS (Total Automation of LabVIEW Operations for Science): A framework for autonomous con
"Zawada, M.",13.0,1,,"Institute of Physics, Faculty of Physics, Astronomy, and Informatics, Nicolaus Copernicus University in Toruń 14 , Grudziadzka 5, 87-100 Toruń, Poland",[9] 2024 doi:10.1063/5.0196806 TALOS (Total Automation of LabVIEW Operations for Science): A framework for autonomous con
"Zurlo, N.",13.0,1,,"TIFPA/INFN Trento 2 , via Sommarive 14, Povo, 38123 Trento, Italy",[9] 2024 doi:10.1063/5.0196806 TALOS (Total Automation of LabVIEW Operations for Science): A framework for autonomous con
"Hu, Shuang",13.0,1,,"MOE Key Laboratory of Fundamental Physical Quantities Measurement, Hubei Key Laboratory of Gravitation and Quantum Physics, PGMF, School of Physics, Huazhong University of Science and Technology 1 , W",[10] 2021 doi:10.1063/5.0042938 Noise investigation of an electrostatic accelerometer by a high-voltage levitation method 
"Pei, Shixun",13.0,1,,"MOE Key Laboratory of Fundamental Physical Quantities Measurement, Hubei Key Laboratory of Gravitation and Quantum Physics, PGMF, School of Physics, Huazhong University of Science and Technology 1 , W",[10] 2021 doi:10.1063/5.0042938 Noise investigation of an electrostatic accelerometer by a high-voltage levitation method 
"Hu, Ming",13.0,1,,"Institute of Geodesy and Geophysics, Chinese Academy of Sciences 2 , Wuhan 430077, China",[10] 2021 doi:10.1063/5.0042938 Noise investigation of an electrostatic accelerometer by a high-voltage levitation method 
"Bai, Yanzheng",13.0,1,,"MOE Key Laboratory of Fundamental Physical Quantities Measurement, Hubei Key Laboratory of Gravitation and Quantum Physics, PGMF, School of Physics, Huazhong University of Science and Technology 1 , W",[10] 2021 doi:10.1063/5.0042938 Noise investigation of an electrostatic accelerometer by a high-voltage levitation method 
"Li, Hongyin",13.0,1,,"MOE Key Laboratory of Fundamental Physical Quantities Measurement, Hubei Key Laboratory of Gravitation and Quantum Physics, PGMF, School of Physics, Huazhong University of Science and Technology 1 , W",[10] 2021 doi:10.1063/5.0042938 Noise investigation of an electrostatic accelerometer by a high-voltage levitation method 
"Liu, Li",13.0,1,,"MOE Key Laboratory of Fundamental Physical Quantities Measurement, Hubei Key Laboratory of Gravitation and Quantum Physics, PGMF, School of Physics, Huazhong University of Science and Technology 1 , W",[10] 2021 doi:10.1063/5.0042938 Noise investigation of an electrostatic accelerometer by a high-voltage levitation method 
"Yang, Boxiang",13.0,1,,"MOE Key Laboratory of Fundamental Physical Quantities Measurement, Hubei Key Laboratory of Gravitation and Quantum Physics, PGMF, School of Physics, Huazhong University of Science and Technology 1 , W",[10] 2021 doi:10.1063/5.0042938 Noise investigation of an electrostatic accelerometer by a high-voltage levitation method 
"Wu, Shuchao",13.0,1,,"MOE Key Laboratory of Fundamental Physical Quantities Measurement, Hubei Key Laboratory of Gravitation and Quantum Physics, PGMF, School of Physics, Huazhong University of Science and Technology 1 , W",[10] 2021 doi:10.1063/5.0042938 Noise investigation of an electrostatic accelerometer by a high-voltage levitation method 
"Zhou, Zebing",13.0,1,,"MOE Key Laboratory of Fundamental Physical Quantities Measurement, Hubei Key Laboratory of Gravitation and Quantum Physics, PGMF, School of Physics, Huazhong University of Science and Technology 1 , W",[10] 2021 doi:10.1063/5.0042938 Noise investigation of an electrostatic accelerometer by a high-voltage levitation method 
"Zhang, W. H.",13.0,1,,"Institute of Modern Physics, Chinese Academy of Sciences 1 , Lanzhou 73000, China",[10] 2021 doi:10.1063/5.0041671 Production of metallic ion beams by electron cyclotron resonance ion sources equipped with
"Ma, H. Y.",13.0,1,,"Institute of Modern Physics, Chinese Academy of Sciences 1 , Lanzhou 73000, China",[10] 2021 doi:10.1063/5.0041671 Production of metallic ion beams by electron cyclotron resonance ion sources equipped with
"Ma, J. D.",13.0,1,,"Institute of Modern Physics, Chinese Academy of Sciences 1 , Lanzhou 73000, China",[10] 2021 doi:10.1063/5.0041671 Production of metallic ion beams by electron cyclotron resonance ion sources equipped with
"Feng, Y. C.",13.0,1,,"Institute of Modern Physics, Chinese Academy of Sciences 1 , Lanzhou 73000, China",[10] 2021 doi:10.1063/5.0041671 Production of metallic ion beams by electron cyclotron resonance ion sources equipped with
"Li, L. X.",13.0,1,,"Institute of Modern Physics, Chinese Academy of Sciences 1 , Lanzhou 73000, China | University of Chinese Academy of Sciences 2 , Beijing 100049, China",[10] 2021 doi:10.1063/5.0041671 Production of metallic ion beams by electron cyclotron resonance ion sources equipped with
"Agnello, R.",13.0,1,,"Ecole Polytechnique Fédérale de Lausanne (EPFL), Swiss Plasma Center (SPC) 2 , CH-1015 Lausanne, Switzerland",[10] 2021 doi:10.1063/5.0043226 Development and first operation of a cavity ring down spectroscopy diagnostic in the negat
"Pilieci, M.",13.0,1,,"Università degli Studi di Padova 3 , Via 8 Febbraio, 2, 35122 Padova, Italy",[10] 2021 doi:10.1063/5.0043226 Development and first operation of a cavity ring down spectroscopy diagnostic in the negat
"Cervaro, V.",13.0,1,,"Consorzio RFX 1 , Corso Stati Uniti 4, 35127 Padova, Italy",[10] 2021 doi:10.1063/5.0043226 Development and first operation of a cavity ring down spectroscopy diagnostic in the negat
"Rossetto, F.",13.0,1,,"Consorzio RFX 1 , Corso Stati Uniti 4, 35127 Padova, Italy",[10] 2021 doi:10.1063/5.0043226 Development and first operation of a cavity ring down spectroscopy diagnostic in the negat
"Tiso, A.",13.0,1,,"Consorzio RFX 1 , Corso Stati Uniti 4, 35127 Padova, Italy",[10] 2021 doi:10.1063/5.0043226 Development and first operation of a cavity ring down spectroscopy diagnostic in the negat
"Xue, Shuqi",13.0,1,,"Key Laboratory of Space Utilization, Technology and Engineering Center for Space Utilization, Chinese Academy of Sciences 1 , No. 9 Dengzhuang South Road, Haidian District, Beijing 100094, China | Uni",[10] 2021 doi:10.1063/5.0026974 Analysis of electrostatic levitation control system and oscillation method for material pr
"Dong, Wenbo",13.0,1,,"Key Laboratory of Space Utilization, Technology and Engineering Center for Space Utilization, Chinese Academy of Sciences 1 , No. 9 Dengzhuang South Road, Haidian District, Beijing 100094, China | Uni",[10] 2021 doi:10.1063/5.0026974 Analysis of electrostatic levitation control system and oscillation method for material pr
"Chen, Dongyang",13.0,1,,"Key Laboratory of Space Utilization, Technology and Engineering Center for Space Utilization, Chinese Academy of Sciences 1 , No. 9 Dengzhuang South Road, Haidian District, Beijing 100094, China | Uni",[10] 2021 doi:10.1063/5.0026974 Analysis of electrostatic levitation control system and oscillation method for material pr
"Guo, Qingyuan",13.0,1,,"Key Laboratory of Space Utilization, Technology and Engineering Center for Space Utilization, Chinese Academy of Sciences 1 , No. 9 Dengzhuang South Road, Haidian District, Beijing 100094, China",[10] 2021 doi:10.1063/5.0026974 Analysis of electrostatic levitation control system and oscillation method for material pr
"He, Huan",13.0,1,,"State Key Laboratory of High-Performance Ceramics and Superfine Microstructure, Shanghai Institute of Ceramics, Chinese Academy of Sciences 3 , No. 1295 Dingxi Road, Changning District, Shanghai 20005",[10] 2021 doi:10.1063/5.0026974 Analysis of electrostatic levitation control system and oscillation method for material pr
"Yu, Jianding",13.0,1,,"State Key Laboratory of High-Performance Ceramics and Superfine Microstructure, Shanghai Institute of Ceramics, Chinese Academy of Sciences 3 , No. 1295 Dingxi Road, Changning District, Shanghai 20005",[10] 2021 doi:10.1063/5.0026974 Analysis of electrostatic levitation control system and oscillation method for material pr
"Hao, Xiaojian",12.6,1,,"Key Laboratory of Instrumentation Science & Dynamic Measurement, Ministry of Education, North University of China 2 , Taiyuan, Shanxi 030051, China | School of Instrument and Electronics, North Univer",[11] 2018 doi:10.1063/1.5019965 Blind system identification of two-thermocouple sensor based on cross-relation method
"Weber, J. K. R.",12.6,1,YES,"Argonne National Laboratory 2 Advanced Photon Source, , Argonne, Illinois 60439, USA | Materials Development, Inc. 1 , Arlington Heights, Illinois 60004, USA",[12] 2016 doi:10.1063/1.4955210 Aerodynamic levitator for in situ x-ray structure measurements on high temperature and mol
"Tamalonis, A.",12.6,1,,"Materials Development, Inc. 1 , Arlington Heights, Illinois 60004, USA",[12] 2016 doi:10.1063/1.4955210 Aerodynamic levitator for in situ x-ray structure measurements on high temperature and mol
"Benmore, C. J.",12.6,1,,"Argonne National Laboratory 2 Advanced Photon Source, , Argonne, Illinois 60439, USA",[12] 2016 doi:10.1063/1.4955210 Aerodynamic levitator for in situ x-ray structure measurements on high temperature and mol
"Alderman, O. L. G.",12.6,1,,"Argonne National Laboratory 2 Advanced Photon Source, , Argonne, Illinois 60439, USA | Materials Development, Inc. 1 , Arlington Heights, Illinois 60004, USA",[12] 2016 doi:10.1063/1.4955210 Aerodynamic levitator for in situ x-ray structure measurements on high temperature and mol
"Sendelbach, S.",12.6,1,,"Materials Development, Inc. 1 , Arlington Heights, Illinois 60004, USA",[12] 2016 doi:10.1063/1.4955210 Aerodynamic levitator for in situ x-ray structure measurements on high temperature and mol
"Hebden, A.",12.6,1,,"Argonne National Laboratory 3 Nuclear Engineering Division, , Argonne, Illinois 60439, USA",[12] 2016 doi:10.1063/1.4955210 Aerodynamic levitator for in situ x-ray structure measurements on high temperature and mol
"Williamson, M. A.",12.6,1,,"Argonne National Laboratory 3 Nuclear Engineering Division, , Argonne, Illinois 60439, USA",[12] 2016 doi:10.1063/1.4955210 Aerodynamic levitator for in situ x-ray structure measurements on high temperature and mol
"Gao, Yang",12.6,1,,"Center for High Pressure Science and Technology Advanced Research 2 , Beijing 10094, China | Shanghai Institute of Laser Plasma 3 , Shanghai 200000, China",[9] 2023 doi:10.1063/5.0137583 In situ temperature measurement in the pressure chamber of diamond anvil cell
"Rountree, Corey M.",12.5,1,,"Department of Mechanical and Industrial Engineering, University of Illinois at Chicago , Chicago, Illinois 60607, USA",[10] 2020 doi:10.1063/1.5126957 Novel imaging technique for non-destructive metrology and characterization of ultraviolet-
"Ramkumar, Pradeep Kumar",12.5,1,,"Department of Mechanical and Industrial Engineering, University of Illinois at Chicago , Chicago, Illinois 60607, USA",[10] 2020 doi:10.1063/1.5126957 Novel imaging technique for non-destructive metrology and characterization of ultraviolet-
"Saggere, Laxman",12.5,1,,"Department of Mechanical and Industrial Engineering, University of Illinois at Chicago , Chicago, Illinois 60607, USA",[10] 2020 doi:10.1063/1.5126957 Novel imaging technique for non-destructive metrology and characterization of ultraviolet-
"Zaniol, Barbara",12.5,1,,"Consorzio RFX 1 , Corso Stati Uniti 4, 35127 Padova, Italy",[10] 2020 doi:10.1063/1.5128900 First measurements of optical emission spectroscopy on SPIDER negative ion source
"Bruno, Domenico",12.5,1,,"Istituto per la Scienza e Tecnologia dei Plasmi (ISTP)-CNR 2 , via G. Amendola, 122/D, 70126 Bari, Italy",[10] 2020 doi:10.1063/1.5128900 First measurements of optical emission spectroscopy on SPIDER negative ion source
"Taliercio, Cesare",12.5,1,,"Consorzio RFX 1 , Corso Stati Uniti 4, 35127 Padova, Italy",[10] 2020 doi:10.1063/1.5128900 First measurements of optical emission spectroscopy on SPIDER negative ion source
"Ugoletti, Margherita",12.5,1,,"Consorzio RFX 1 , Corso Stati Uniti 4, 35127 Padova, Italy",[10] 2020 doi:10.1063/1.5128900 First measurements of optical emission spectroscopy on SPIDER negative ion source
"Vissa, Adriano",12.5,1,,"Department of Biochemistry, University of Toronto 1 , Toronto, Ontario M5S 1A8, Canada | Institute for Biomaterials and Biomedical Engineering, University of Toronto 2 , Toronto, Ontario M5S 3G9, Cana",[10] 2020 doi:10.1063/1.5143319 Hyperspectral super-resolution imaging with far-red emitting fluorophores using a thin-fil
"Giuliani, Maximiliano",12.5,1,,"Institute for Biomaterials and Biomedical Engineering, University of Toronto 2 , Toronto, Ontario M5S 3G9, Canada",[10] 2020 doi:10.1063/1.5143319 Hyperspectral super-resolution imaging with far-red emitting fluorophores using a thin-fil
"Kim, Peter K.",12.5,1,,"Department of Biochemistry, University of Toronto 1 , Toronto, Ontario M5S 1A8, Canada | Program in Cell Biology, Hospital for Sick Children 3 , Toronto, Ontario M5G 0A4, Canada",[10] 2020 doi:10.1063/1.5143319 Hyperspectral super-resolution imaging with far-red emitting fluorophores using a thin-fil
"Yip, Christopher M.",12.5,1,,"Department of Biochemistry, University of Toronto 1 , Toronto, Ontario M5S 1A8, Canada | Department of Chemical Engineering and Applied Chemistry, University of Toronto 4 , Toronto, Ontario M5S 1A4, C",[10] 2020 doi:10.1063/1.5143319 Hyperspectral super-resolution imaging with far-red emitting fluorophores using a thin-fil
"Méndez, A. S. J.",12.5,1,,"Bayerisches Geoinstitut BGI, University of Bayreuth 2 , 95440 Bayreuth, Germany | Photon Sciences, Deutsches Elektronen-Synchrotron (DESY) 1 , 22607 Hamburg, Germany",[10] 2020 doi:10.1063/5.0007557 A resistively-heated dynamic diamond anvil cell (RHdDAC) for fast compression x-ray diffra
"Marquardt, H.",12.5,1,,"Department of Earth Sciences, University of Oxford 3 , OX1 3AN Oxford, United Kingdom",[10] 2020 doi:10.1063/5.0007557 A resistively-heated dynamic diamond anvil cell (RHdDAC) for fast compression x-ray diffra
"Husband, R. J.",12.5,1,,"Photon Sciences, Deutsches Elektronen-Synchrotron (DESY) 1 , 22607 Hamburg, Germany",[10] 2020 doi:10.1063/5.0007557 A resistively-heated dynamic diamond anvil cell (RHdDAC) for fast compression x-ray diffra
"Schwark, I.",12.5,1,,"Photon Sciences, Deutsches Elektronen-Synchrotron (DESY) 1 , 22607 Hamburg, Germany",[10] 2020 doi:10.1063/5.0007557 A resistively-heated dynamic diamond anvil cell (RHdDAC) for fast compression x-ray diffra
"Mainberger, J.",12.5,1,,"Photon Sciences, Deutsches Elektronen-Synchrotron (DESY) 1 , 22607 Hamburg, Germany",[10] 2020 doi:10.1063/5.0007557 A resistively-heated dynamic diamond anvil cell (RHdDAC) for fast compression x-ray diffra
"Glazyrin, K.",12.5,1,,"Photon Sciences, Deutsches Elektronen-Synchrotron (DESY) 1 , 22607 Hamburg, Germany",[10] 2020 doi:10.1063/5.0007557 A resistively-heated dynamic diamond anvil cell (RHdDAC) for fast compression x-ray diffra
"Kurnosov, A.",12.5,1,,"Bayerisches Geoinstitut BGI, University of Bayreuth 2 , 95440 Bayreuth, Germany",[10] 2020 doi:10.1063/5.0007557 A resistively-heated dynamic diamond anvil cell (RHdDAC) for fast compression x-ray diffra
"Otzen, C.",12.5,1,,"Photon Sciences, Deutsches Elektronen-Synchrotron (DESY) 1 , 22607 Hamburg, Germany",[10] 2020 doi:10.1063/5.0007557 A resistively-heated dynamic diamond anvil cell (RHdDAC) for fast compression x-ray diffra
"Satta, N.",12.5,1,,"Bayerisches Geoinstitut BGI, University of Bayreuth 2 , 95440 Bayreuth, Germany",[10] 2020 doi:10.1063/5.0007557 A resistively-heated dynamic diamond anvil cell (RHdDAC) for fast compression x-ray diffra
"Bednarcik, J.",12.5,1,,"Department of Condensed Matter Physics, Institute of Physics, P.J. Šafárik University 4 , 041 54 Košice, Slovakia",[10] 2020 doi:10.1063/5.0007557 A resistively-heated dynamic diamond anvil cell (RHdDAC) for fast compression x-ray diffra
"Liermann, H.-P.",12.5,1,,"Photon Sciences, Deutsches Elektronen-Synchrotron (DESY) 1 , 22607 Hamburg, Germany",[10] 2020 doi:10.1063/5.0007557 A resistively-heated dynamic diamond anvil cell (RHdDAC) for fast compression x-ray diffra
"de Bernardis, Paolo",12.5,1,,"Dipartimento di Fisica, Sapienza Universitá di Roma 1 , P.le A. Moro 2, 00185 Roma, Italy | INFN, Sezione di Roma 2 , P.le A. Moro 2, 00185 Roma, Italy",[10] 2020 doi:10.1063/5.0005498 A simple method to measure the temperature and levitation height of devices rotating at cr
"Columbro, Fabio",12.5,1,,"Dipartimento di Fisica, Sapienza Universitá di Roma 1 , P.le A. Moro 2, 00185 Roma, Italy | INFN, Sezione di Roma 2 , P.le A. Moro 2, 00185 Roma, Italy",[10] 2020 doi:10.1063/5.0005498 A simple method to measure the temperature and levitation height of devices rotating at cr
"Masi, Silvia",12.5,1,,"Dipartimento di Fisica, Sapienza Universitá di Roma 1 , P.le A. Moro 2, 00185 Roma, Italy | INFN, Sezione di Roma 2 , P.le A. Moro 2, 00185 Roma, Italy",[10] 2020 doi:10.1063/5.0005498 A simple method to measure the temperature and levitation height of devices rotating at cr
"Paiella, Alessandro",12.5,1,,"Dipartimento di Fisica, Sapienza Universitá di Roma 1 , P.le A. Moro 2, 00185 Roma, Italy | INFN, Sezione di Roma 2 , P.le A. Moro 2, 00185 Roma, Italy",[10] 2020 doi:10.1063/5.0005498 A simple method to measure the temperature and levitation height of devices rotating at cr
"Romeo, Giovanni",12.5,1,,"Istituto Nazionale di Geofisica e Vulcanologia 3 , Via di Vigna Murata 605, 00143 Roma, Italy",[10] 2020 doi:10.1063/5.0005498 A simple method to measure the temperature and levitation height of devices rotating at cr
"Rossmann, Lin",12.5,1,,"Department of Materials Science and Engineering, University of Central Florida 1 , Orlando, Florida 32816, USA",[10] 2020 doi:10.1063/1.5124496 Method for conducting in situ high-temperature digital image correlation with simultaneous
"Sarley, Brooke",12.5,1,,"Department of Mechanical and Aerospace Engineering, University of Central Florida 2 , Orlando, Florida 32816, USA",[10] 2020 doi:10.1063/1.5124496 Method for conducting in situ high-temperature digital image correlation with simultaneous
"Hernandez, Johnathan",12.5,1,,"Department of Mechanical and Aerospace Engineering, University of Central Florida 2 , Orlando, Florida 32816, USA",[10] 2020 doi:10.1063/1.5124496 Method for conducting in situ high-temperature digital image correlation with simultaneous
"Kenesei, Peter",12.5,1,,"X-Ray Science Division, Advanced Photon Source, Argonne National Laboratory 3 , Argonne, Illinois 60439, USA",[10] 2020 doi:10.1063/1.5124496 Method for conducting in situ high-temperature digital image correlation with simultaneous
"Köster, Alain",12.5,1,,"MINES ParisTech, PSL Research University, MAT - Centre des Matériaux 4 , 91000 Évry, France",[10] 2020 doi:10.1063/1.5124496 Method for conducting in situ high-temperature digital image correlation with simultaneous
"Wischek, Janine",12.5,1,,"German Aerospace Center, Institute of Materials Research 5 , Linder Höhe, Köln 51147, Germany",[10] 2020 doi:10.1063/1.5124496 Method for conducting in situ high-temperature digital image correlation with simultaneous
"Almer, Jonathan",12.5,1,,"X-Ray Science Division, Advanced Photon Source, Argonne National Laboratory 3 , Argonne, Illinois 60439, USA",[10] 2020 doi:10.1063/1.5124496 Method for conducting in situ high-temperature digital image correlation with simultaneous
"Maurel, Vincent",12.5,1,,"MINES ParisTech, PSL Research University, MAT - Centre des Matériaux 4 , 91000 Évry, France",[10] 2020 doi:10.1063/1.5124496 Method for conducting in situ high-temperature digital image correlation with simultaneous
"Bartsch, Marion",12.5,1,,"German Aerospace Center, Institute of Materials Research 5 , Linder Höhe, Köln 51147, Germany",[10] 2020 doi:10.1063/1.5124496 Method for conducting in situ high-temperature digital image correlation with simultaneous
"Raghavan, Seetha",12.5,1,,"Department of Mechanical and Aerospace Engineering, University of Central Florida 2 , Orlando, Florida 32816, USA",[10] 2020 doi:10.1063/1.5124496 Method for conducting in situ high-temperature digital image correlation with simultaneous
"Sheets, Donal",12.5,1,,"Department of Physics, University of Connecticut 2 , Storrs, Connecticut 06269, USA | Institute of Material Science, University of Connecticut 1 , Storrs, Connecticut 06269, USA",[10] 2020 doi:10.1063/5.0015983 An apparatus for rapid and nondestructive comparison of masks and respirators
"Shaw, Jamie",12.5,1,,"Department of Physics, University of Connecticut 2 , Storrs, Connecticut 06269, USA",[10] 2020 doi:10.1063/5.0015983 An apparatus for rapid and nondestructive comparison of masks and respirators
"Baldwin, Michael",12.5,1,,"Department of Diagnostic Imaging, University of Connecticut Health Center 3 , Farmington, Connecticut 06030, USA",[10] 2020 doi:10.1063/5.0015983 An apparatus for rapid and nondestructive comparison of masks and respirators
"Daggett, David",12.5,1,,"Department of Molecular and Cell Biology, University of Connecticut 4 , Storrs, Connecticut 06269, USA",[10] 2020 doi:10.1063/5.0015983 An apparatus for rapid and nondestructive comparison of masks and respirators
"Elali, Ibrahim",12.5,1,,"Division of Nephrology, University of Connecticut Health Center 5 , Farmington, Connecticut 06030, USA",[10] 2020 doi:10.1063/5.0015983 An apparatus for rapid and nondestructive comparison of masks and respirators
"Curry, Erin B.",12.5,1,,"Department of Physics, University of Connecticut 2 , Storrs, Connecticut 06269, USA | Institute of Material Science, University of Connecticut 1 , Storrs, Connecticut 06269, USA",[10] 2020 doi:10.1063/5.0015983 An apparatus for rapid and nondestructive comparison of masks and respirators
"Sochnikov, Ilya",12.5,1,,"Department of Physics, University of Connecticut 2 , Storrs, Connecticut 06269, USA | Institute of Material Science, University of Connecticut 1 , Storrs, Connecticut 06269, USA",[10] 2020 doi:10.1063/5.0015983 An apparatus for rapid and nondestructive comparison of masks and respirators
"Hancock, Jason N.",12.5,1,,"Department of Physics, University of Connecticut 2 , Storrs, Connecticut 06269, USA | Institute of Material Science, University of Connecticut 1 , Storrs, Connecticut 06269, USA",[10] 2020 doi:10.1063/5.0015983 An apparatus for rapid and nondestructive comparison of masks and respirators
"Winkler, Philipp",12.5,1,,"Institute of Materials Chemistry, TU Wien , 1060 Vienna, Austria","[10] 2020 doi:10.1063/1.5126185 A novel wireless sample temperature control system for field ion, field electron, and atom"
"Zeininger, Johannes",12.5,1,,"Institute of Materials Chemistry, TU Wien , 1060 Vienna, Austria","[10] 2020 doi:10.1063/1.5126185 A novel wireless sample temperature control system for field ion, field electron, and atom"
"Raab, Maximilian",12.5,1,,"Institute of Materials Chemistry, TU Wien , 1060 Vienna, Austria","[10] 2020 doi:10.1063/1.5126185 A novel wireless sample temperature control system for field ion, field electron, and atom"
"Rupprechter, Günther",12.5,1,,"Institute of Materials Chemistry, TU Wien , 1060 Vienna, Austria","[10] 2020 doi:10.1063/1.5126185 A novel wireless sample temperature control system for field ion, field electron, and atom"
"Suchorski, Yuri",12.5,1,,"Institute of Materials Chemistry, TU Wien , 1060 Vienna, Austria","[10] 2020 doi:10.1063/1.5126185 A novel wireless sample temperature control system for field ion, field electron, and atom"
"Pimazzoni, Antonio",12.5,1,,"Consorzio RFX 2 , Corso Stati Uniti 4, 35127 Padova, Italy | INFN-LNL 1 , Viale dell’Università 2, 35020 Legnaro, Italy",[10] 2020 doi:10.1063/1.5128562 Assessment of the SPIDER beam features by diagnostic calorimetry and thermography
"Canocchi, Gloria",12.5,1,,"Università degli Studi di Padova 3 , Via 8 Febbraio 2, 35122 Padova, Italy",[10] 2020 doi:10.1063/1.5128562 Assessment of the SPIDER beam features by diagnostic calorimetry and thermography
"Delogu, Rita S.",12.5,1,,"Consorzio RFX 2 , Corso Stati Uniti 4, 35127 Padova, Italy",[10] 2020 doi:10.1063/1.5128562 Assessment of the SPIDER beam features by diagnostic calorimetry and thermography
"Fasolo, Daniele",12.5,1,,"Consorzio RFX 2 , Corso Stati Uniti 4, 35127 Padova, Italy",[10] 2020 doi:10.1063/1.5128562 Assessment of the SPIDER beam features by diagnostic calorimetry and thermography
"Franchin, Luca",12.5,1,,"Consorzio RFX 2 , Corso Stati Uniti 4, 35127 Padova, Italy",[10] 2020 doi:10.1063/1.5128562 Assessment of the SPIDER beam features by diagnostic calorimetry and thermography
"Laterza, Bruno",12.5,1,,"Consorzio RFX 2 , Corso Stati Uniti 4, 35127 Padova, Italy",[10] 2020 doi:10.1063/1.5128562 Assessment of the SPIDER beam features by diagnostic calorimetry and thermography
"Zou, Zhiyong",12.4,1,,"1 School of Mechanical and Electrical Engineering, Anhui University of Science and Technology, Huainan 232001, China | 2 Institute of Energy, Hefei Comprehensive National Science Center, Hefei 230031,",[8] 2026 doi:10.1063/5.0320955 Design and implementation of a thermoelectric cooler-based temperature control system for 
"Zhao, Jianhang",12.4,1,,"1 School of Mechanical and Electrical Engineering, Anhui University of Science and Technology, Huainan 232001, China | School of Electronic and Information Engineering, Anhui University 3 , Hefei 2300",[8] 2026 doi:10.1063/5.0320955 Design and implementation of a thermoelectric cooler-based temperature control system for 
"Xie, Jiaxing",12.4,1,,"2 Institute of Energy, Hefei Comprehensive National Science Center, Hefei 230031, Anhui, China | Institute of Plasma Physics, Hefei Institutes of Physical Science, Chinese Academy of Sciences 4 , Hefe",[8] 2026 doi:10.1063/5.0320955 Design and implementation of a thermoelectric cooler-based temperature control system for 
"Wu, Shuai",12.4,1,,"School of Electronic and Information Engineering, Anhui University 3 , Hefei 230039,",[8] 2026 doi:10.1063/5.0320955 Design and implementation of a thermoelectric cooler-based temperature control system for 
"Deng, Haishun",12.4,1,,"1 School of Mechanical and Electrical Engineering, Anhui University of Science and Technology, Huainan 232001, China",[8] 2026 doi:10.1063/5.0320955 Design and implementation of a thermoelectric cooler-based temperature control system for 
"Zhang, Nu",12.4,1,,"2 Institute of Energy, Hefei Comprehensive National Science Center, Hefei 230031, Anhui, China",[8] 2026 doi:10.1063/5.0320955 Design and implementation of a thermoelectric cooler-based temperature control system for 
"Huang, Anlan",12.4,1,,"2 Institute of Energy, Hefei Comprehensive National Science Center, Hefei 230031, Anhui, China",[8] 2026 doi:10.1063/5.0320955 Design and implementation of a thermoelectric cooler-based temperature control system for 
"Ma, Xiang",12.4,1,,"2 Institute of Energy, Hefei Comprehensive National Science Center, Hefei 230031, Anhui, China",[8] 2026 doi:10.1063/5.0320955 Design and implementation of a thermoelectric cooler-based temperature control system for 
"Tian, Huanhuan",12.4,1,,"2 Institute of Energy, Hefei Comprehensive National Science Center, Hefei 230031, Anhui, China",[8] 2026 doi:10.1063/5.0320955 Design and implementation of a thermoelectric cooler-based temperature control system for 
"Fu, Shibo",12.4,1,,"School of Mechatronics Engineering and Automation, Shanghai University 1 , Shanghai 200444, | Shanghai Collaborative Innovation Center of Intelligent Sensing Chip Technology 2 , Shanghai 200444,",[8] 2026 doi:10.1063/5.0313768 Vibration isolation and low-frequency tracking based on magnetic levitation with composite
"Zhang, Di",12.4,1,,"Beijing Xiaomi Mobile Software Co., Ltd. 4 , Beijing 100085,",[8] 2026 doi:10.1063/5.0313768 Vibration isolation and low-frequency tracking based on magnetic levitation with composite
"Xiao, Cai",12.4,1,,"Beijing Xiaomi Mobile Software Co., Ltd. 4 , Beijing 100085,",[8] 2026 doi:10.1063/5.0313768 Vibration isolation and low-frequency tracking based on magnetic levitation with composite
"Ding, Jiheng",12.4,1,,"School of Mechatronics Engineering and Automation, Shanghai University 1 , Shanghai 200444,",[8] 2026 doi:10.1063/5.0313768 Vibration isolation and low-frequency tracking based on magnetic levitation with composite
"Sun, Yi",12.4,1,,"School of Mechatronics Engineering and Automation, Shanghai University 1 , Shanghai 200444,",[8] 2026 doi:10.1063/5.0313768 Vibration isolation and low-frequency tracking based on magnetic levitation with composite
"Pu, Huayan",12.4,1,,"School of Mechatronics Engineering and Automation, Shanghai University 1 , Shanghai 200444, | State Key Laboratory of Mechanical Transmissions, Chongqing University 5 , Chongqing 400044,",[8] 2026 doi:10.1063/5.0313768 Vibration isolation and low-frequency tracking based on magnetic levitation with composite
"Liu, Wenzhao",12.4,1,,"Key Laboratory of Electromagnetic Processing of Materials (Ministry of Education), Northeastern University 1 , Shenyang 110819, | School of Materials Science and Engineering, Northeastern University 2",[8] 2026 doi:10.1063/5.0312611 An in situ measurement instrument for resistivity of molten metals at high temperature und
"Liu, Tie",12.4,1,,"Key Laboratory of Electromagnetic Processing of Materials (Ministry of Education), Northeastern University 1 , Shenyang 110819,",[8] 2026 doi:10.1063/5.0312611 An in situ measurement instrument for resistivity of molten metals at high temperature und
"Miao, Peng",12.4,1,,"Key Laboratory of Electromagnetic Processing of Materials (Ministry of Education), Northeastern University 1 , Shenyang 110819,",[8] 2026 doi:10.1063/5.0312611 An in situ measurement instrument for resistivity of molten metals at high temperature und
"Jiang, Shan",12.4,1,,"School of Metallurgy, Northeastern University 3 , Shenyang 110819,",[8] 2026 doi:10.1063/5.0312611 An in situ measurement instrument for resistivity of molten metals at high temperature und
"Yao, Xuefeng",12.4,1,,"School of Metallurgy, Northeastern University 3 , Shenyang 110819,",[8] 2026 doi:10.1063/5.0312611 An in situ measurement instrument for resistivity of molten metals at high temperature und
"Liu, Yanxin",12.4,1,,"School of Metallurgy, Northeastern University 3 , Shenyang 110819,",[8] 2026 doi:10.1063/5.0312611 An in situ measurement instrument for resistivity of molten metals at high temperature und
"Liu, Xiaoming",12.4,1,,"Key Laboratory of Electromagnetic Processing of Materials (Ministry of Education), Northeastern University 1 , Shenyang 110819,",[8] 2026 doi:10.1063/5.0312611 An in situ measurement instrument for resistivity of molten metals at high temperature und
"Liu, Yandong",12.4,1,,"School of Materials Science and Engineering, Northeastern University 2 , Shenyang 110819,",[8] 2026 doi:10.1063/5.0312611 An in situ measurement instrument for resistivity of molten metals at high temperature und
"Armstrong, K.",12.4,1,,"Advanced Light Source, Lawrence Berkeley National Laboratory 2 , Berkeley, California 94720, | Department of Earth and Planetary Sciences, University of California Santa Cruz 1 , Santa Cruz, Californi",[8] 2026 doi:10.1063/5.0293861 A simple wire-coil resistive heater for high temperature radial x-ray diffraction in a dia
"Hamilton, S. G.",12.4,1,,"Department of Chemistry & Biochemistry, University of California Los Angeles 3 , Los Angeles, California 90095,",[8] 2026 doi:10.1063/5.0293861 A simple wire-coil resistive heater for high temperature radial x-ray diffraction in a dia
"Keane, J.",12.4,1,,"Department of Chemistry & Biochemistry, University of California Los Angeles 3 , Los Angeles, California 90095,",[8] 2026 doi:10.1063/5.0293861 A simple wire-coil resistive heater for high temperature radial x-ray diffraction in a dia
"Gombart, J. S.",12.4,1,,"Department of Chemistry & Biochemistry, University of California Los Angeles 3 , Los Angeles, California 90095,",[8] 2026 doi:10.1063/5.0293861 A simple wire-coil resistive heater for high temperature radial x-ray diffraction in a dia
"Kunz, M.",12.4,1,,"Advanced Light Source, Lawrence Berkeley National Laboratory 2 , Berkeley, California 94720,",[8] 2026 doi:10.1063/5.0293861 A simple wire-coil resistive heater for high temperature radial x-ray diffraction in a dia
"Tolbert, S. H.",12.4,1,,"Department of Chemistry & Biochemistry, University of California Los Angeles 3 , Los Angeles, California 90095,",[8] 2026 doi:10.1063/5.0293861 A simple wire-coil resistive heater for high temperature radial x-ray diffraction in a dia
"Williams, Q.",12.4,1,,"Department of Earth and Planetary Sciences, University of California Santa Cruz 1 , Santa Cruz, California 95064,",[8] 2026 doi:10.1063/5.0293861 A simple wire-coil resistive heater for high temperature radial x-ray diffraction in a dia
"Kosiba, Konrad",12.2,1,,"Leibniz IFW Dresden, Institute for Complex Materials , Helmholtzstraße 20, 01069 Dresden, Germany",[9] 2022 doi:10.1063/5.0085044 Thermoplastic embossing device to probe rheological changes of supercooled metallic liquid
"Shin, Gi Won",12.2,1,,"Department of Electrical and Biological Physics, Kwangwoon University , 20 Kwangwoon-ro, Nowon-gu, Seoul 01897, South Korea",[9] 2022 doi:10.1063/5.0093263 Measurement of re-entry plasma density using microwave reflectometer in laboratory
"Kim, Jae Hyeon",12.2,1,,"Department of Electrical and Biological Physics, Kwangwoon University , 20 Kwangwoon-ro, Nowon-gu, Seoul 01897, South Korea",[9] 2022 doi:10.1063/5.0093263 Measurement of re-entry plasma density using microwave reflectometer in laboratory
"Lee, Sun Hee",12.2,1,,"Department of Electrical and Biological Physics, Kwangwoon University , 20 Kwangwoon-ro, Nowon-gu, Seoul 01897, South Korea",[9] 2022 doi:10.1063/5.0093263 Measurement of re-entry plasma density using microwave reflectometer in laboratory
"Bang, In Young",12.2,1,,"Department of Electrical and Biological Physics, Kwangwoon University , 20 Kwangwoon-ro, Nowon-gu, Seoul 01897, South Korea",[9] 2022 doi:10.1063/5.0093263 Measurement of re-entry plasma density using microwave reflectometer in laboratory
"Kim, Ji Hwan",12.2,1,,"Department of Electrical and Biological Physics, Kwangwoon University , 20 Kwangwoon-ro, Nowon-gu, Seoul 01897, South Korea",[9] 2022 doi:10.1063/5.0093263 Measurement of re-entry plasma density using microwave reflectometer in laboratory
"Park, Yeon Soo",12.2,1,,"Department of Electrical and Biological Physics, Kwangwoon University , 20 Kwangwoon-ro, Nowon-gu, Seoul 01897, South Korea",[9] 2022 doi:10.1063/5.0093263 Measurement of re-entry plasma density using microwave reflectometer in laboratory
"Kwon, Hee Tae",12.2,1,,"Department of Electrical and Biological Physics, Kwangwoon University , 20 Kwangwoon-ro, Nowon-gu, Seoul 01897, South Korea",[9] 2022 doi:10.1063/5.0093263 Measurement of re-entry plasma density using microwave reflectometer in laboratory
"Kim, Woo Jae",12.2,1,,"Department of Electrical and Biological Physics, Kwangwoon University , 20 Kwangwoon-ro, Nowon-gu, Seoul 01897, South Korea",[9] 2022 doi:10.1063/5.0093263 Measurement of re-entry plasma density using microwave reflectometer in laboratory
"Kwon, Gi-Chung",12.2,1,,"Department of Electrical and Biological Physics, Kwangwoon University , 20 Kwangwoon-ro, Nowon-gu, Seoul 01897, South Korea",[9] 2022 doi:10.1063/5.0093263 Measurement of re-entry plasma density using microwave reflectometer in laboratory
"Cazzaniga, C.",12.0,1,,"Consiglio Nazionale delle Ricerche 3 Istituto di Fisica del Plasma “P. Caldirola,” , Milano, Italy | Culham Science Centre 1 EUROfusion Consortium, JET, , Abingdon, OX14 3DB, United Kingdom | Rutherfo",[12] 2015 doi:10.1063/1.4931755 Fast ion energy distribution from third harmonic radio frequency heating measured with a s
"Binda, F.",12.0,1,,"Culham Science Centre 1 EUROfusion Consortium, JET, , Abingdon, OX14 3DB, United Kingdom | Uppsala University 5 Department of Physics and Astronomy, , Uppsala, Sweden",[12] 2015 doi:10.1063/1.4931755 Fast ion energy distribution from third harmonic radio frequency heating measured with a s
"Eriksson, J.",12.0,1,,"Culham Science Centre 1 EUROfusion Consortium, JET, , Abingdon, OX14 3DB, United Kingdom | Uppsala University 5 Department of Physics and Astronomy, , Uppsala, Sweden",[12] 2015 doi:10.1063/1.4931755 Fast ion energy distribution from third harmonic radio frequency heating measured with a s
"Giacomelli, L.",12.0,1,,"Consiglio Nazionale delle Ricerche 3 Istituto di Fisica del Plasma “P. Caldirola,” , Milano, Italy | Culham Science Centre 1 EUROfusion Consortium, JET, , Abingdon, OX14 3DB, United Kingdom",[12] 2015 doi:10.1063/1.4931755 Fast ion energy distribution from third harmonic radio frequency heating measured with a s
"Sharapov, S.",12.0,1,,"Culham Science Centre 1 EUROfusion Consortium, JET, , Abingdon, OX14 3DB, United Kingdom | Culham Science Centre 6 CCFE, , Abingdon, Oxfordshire OX14 3DB, United Kingdom",[12] 2015 doi:10.1063/1.4931755 Fast ion energy distribution from third harmonic radio frequency heating measured with a s
"Kim, K. L.",12.0,1,,"University of Oxford Department of Engineering Science, , Oxford OX1 3PJ, United Kingdom",[12] 2015 doi:10.1063/1.4905334 Mapping of ferroelectric domain structure using angle-resolved piezoresponse force microsc
"Huber, J. E.",12.0,1,,"University of Oxford Department of Engineering Science, , Oxford OX1 3PJ, United Kingdom",[12] 2015 doi:10.1063/1.4905334 Mapping of ferroelectric domain structure using angle-resolved piezoresponse force microsc
"Makowska, Małgorzata G.",12.0,1,,"European Spallation Source ESS AB 2 , P.O. Box 176, SE-221 00 Lund, Sweden | Technical University of Denmark 1 Department of Energy Conversion and Storage, , Roskilde 4000, Denmark",[12] 2015 doi:10.1063/1.4937615 Flexible sample environment for high resolution neutron imaging at high temperatures in co
"Theil Kuhn, Luise",12.0,1,,"Technical University of Denmark 1 Department of Energy Conversion and Storage, , Roskilde 4000, Denmark",[12] 2015 doi:10.1063/1.4937615 Flexible sample environment for high resolution neutron imaging at high temperatures in co
"Cleemann, Lars N.",12.0,1,,"Technical University of Denmark 1 Department of Energy Conversion and Storage, , Roskilde 4000, Denmark",[12] 2015 doi:10.1063/1.4937615 Flexible sample environment for high resolution neutron imaging at high temperatures in co
"Lauridsen, Erik M.",12.0,1,,"Xnovo Technology ApS 3 , Galoche Alle 15, Køge 4600, Denmark",[12] 2015 doi:10.1063/1.4937615 Flexible sample environment for high resolution neutron imaging at high temperatures in co
"Bilheux, Hassina Z.",12.0,1,,"Oak Ridge National Laboratory 4 , Oak Ridge, Tennessee 37831, USA",[12] 2015 doi:10.1063/1.4937615 Flexible sample environment for high resolution neutron imaging at high temperatures in co
"Molaison, Jamie J.",12.0,1,,"Oak Ridge National Laboratory 4 , Oak Ridge, Tennessee 37831, USA",[12] 2015 doi:10.1063/1.4937615 Flexible sample environment for high resolution neutron imaging at high temperatures in co
"Santodonato, Louis J.",12.0,1,,"Oak Ridge National Laboratory 4 , Oak Ridge, Tennessee 37831, USA",[12] 2015 doi:10.1063/1.4937615 Flexible sample environment for high resolution neutron imaging at high temperatures in co
"Tremsin, Anton S.",12.0,1,,"University of California at Berkeley 5 Space Sciences Laboratory, , Berkeley, California 94720, USA",[12] 2015 doi:10.1063/1.4937615 Flexible sample environment for high resolution neutron imaging at high temperatures in co
"Grosse, Mirco",12.0,1,,"Karlsruhe Institute of Technology 6 Institute for Applied Material Research, , Karlsruhe DE-76021, Germany",[12] 2015 doi:10.1063/1.4937615 Flexible sample environment for high resolution neutron imaging at high temperatures in co
"Morgano, Manuel",12.0,1,,"Paul Scherrer Institut 7 , Villigen PSI CH-5232, Switzerland",[12] 2015 doi:10.1063/1.4937615 Flexible sample environment for high resolution neutron imaging at high temperatures in co
"Kabra, Saurabh",12.0,1,,"ISIS, Rutherford Appleton Laboratory 8 , Chilton OX11 0QX, United Kingdom",[12] 2015 doi:10.1063/1.4937615 Flexible sample environment for high resolution neutron imaging at high temperatures in co
"Strobl, Markus",12.0,1,,"European Spallation Source ESS AB 2 , P.O. Box 176, SE-221 00 Lund, Sweden",[12] 2015 doi:10.1063/1.4937615 Flexible sample environment for high resolution neutron imaging at high temperatures in co
"Zheng, Fasong",12.0,1,,"Beijing University of Chemical Technology 2 Departments of Physics, College of Science, , Beijing 100029, China | Tsinghua University 1 The State Key Lab of Precision Measurement Technology and Instru",[12] 2015 doi:10.1063/1.4917554 Study of non-contact measurement of the thermal expansion coefficients of materials based 
"Tan, Yidong",12.0,1,,"Tsinghua University 1 The State Key Lab of Precision Measurement Technology and Instrument, Department of Precision Instruments, , Beijing 100084, China",[12] 2015 doi:10.1063/1.4917554 Study of non-contact measurement of the thermal expansion coefficients of materials based 
"Lin, Jing",12.0,1,,"Beijing University of Chemical Technology 2 Departments of Physics, College of Science, , Beijing 100029, China",[12] 2015 doi:10.1063/1.4917554 Study of non-contact measurement of the thermal expansion coefficients of materials based 
"Ding, Yingchun",12.0,1,,"Beijing University of Chemical Technology 2 Departments of Physics, College of Science, , Beijing 100029, China",[12] 2015 doi:10.1063/1.4917554 Study of non-contact measurement of the thermal expansion coefficients of materials based 
"Zhang, Shulian",12.0,1,,"Tsinghua University 1 The State Key Lab of Precision Measurement Technology and Instrument, Department of Precision Instruments, , Beijing 100084, China",[12] 2015 doi:10.1063/1.4917554 Study of non-contact measurement of the thermal expansion coefficients of materials based 
"Ren, Weili",12.0,1,,"Shanghai University 1 Laboratory of Metallurgy and Materials Processing, College of Materials Science and Engineering, , Shanghai 200072, People’s Republic of China",[12] 2015 doi:10.1063/1.4922855 Development and application of an apparatus for high-temperature measurement of magnetic s
"Liu, Bin",12.0,1,,"Shanghai University 1 Laboratory of Metallurgy and Materials Processing, College of Materials Science and Engineering, , Shanghai 200072, People’s Republic of China",[12] 2015 doi:10.1063/1.4922855 Development and application of an apparatus for high-temperature measurement of magnetic s
"Liu, Hongyu",12.0,1,,"Shanghai University 1 Laboratory of Metallurgy and Materials Processing, College of Materials Science and Engineering, , Shanghai 200072, People’s Republic of China",[12] 2015 doi:10.1063/1.4922855 Development and application of an apparatus for high-temperature measurement of magnetic s
"Zhong, Yunbo",12.0,1,,"Shanghai University 1 Laboratory of Metallurgy and Materials Processing, College of Materials Science and Engineering, , Shanghai 200072, People’s Republic of China",[12] 2015 doi:10.1063/1.4922855 Development and application of an apparatus for high-temperature measurement of magnetic s
"Yu, Jianbo",12.0,1,,"Shanghai University 1 Laboratory of Metallurgy and Materials Processing, College of Materials Science and Engineering, , Shanghai 200072, People’s Republic of China",[12] 2015 doi:10.1063/1.4922855 Development and application of an apparatus for high-temperature measurement of magnetic s
"Ren, Zhongming",12.0,1,,"Shanghai University 1 Laboratory of Metallurgy and Materials Processing, College of Materials Science and Engineering, , Shanghai 200072, People’s Republic of China",[12] 2015 doi:10.1063/1.4922855 Development and application of an apparatus for high-temperature measurement of magnetic s
"Yongchun, Liang",12.0,1,,"Electric Power Research Institute of Guangdong Power Grid Corporation 2 , Guangzhou 510080, People’s Republic of China",[12] 2015 doi:10.1063/1.4922855 Development and application of an apparatus for high-temperature measurement of magnetic s
"Zhong, Wanli",12.0,1,,"Electric Power Research Institute of Guangdong Power Grid Corporation 2 , Guangzhou 510080, People’s Republic of China",[12] 2015 doi:10.1063/1.4922855 Development and application of an apparatus for high-temperature measurement of magnetic s
"Liaw, Peter K.",12.0,1,,"The University of Tennessee 3 Department of Materials Science and Engineering, , Knoxville, Tennessee 37996, USA",[12] 2015 doi:10.1063/1.4922855 Development and application of an apparatus for high-temperature measurement of magnetic s
"Berntsen, P.",12.0,1,,"Australian Research Council Centre of Excellence in Advanced Molecular Imaging, Department of Chemistry and Physics, La Trobe Institute for Molecular Science, La Trobe University 1 , Melbourne 3086, A",[10] 2019 doi:10.1063/1.5104298 The serial millisecond crystallography instrument at the Australian Synchrotron incorporat
"Hadian Jazi, M.",12.0,1,,"Australian Research Council Centre of Excellence in Advanced Molecular Imaging, Department of Chemistry and Physics, La Trobe Institute for Molecular Science, La Trobe University 1 , Melbourne 3086, A",[10] 2019 doi:10.1063/1.5104298 The serial millisecond crystallography instrument at the Australian Synchrotron incorporat
"Kusel, M.",12.0,1,,"Kusel Design 2 , 12 Coghlan Street, Niddrie, VIC 3042, Australia",[10] 2019 doi:10.1063/1.5104298 The serial millisecond crystallography instrument at the Australian Synchrotron incorporat
"Martin, A. V.",12.0,1,,"School of Science, RMIT University 3 , Melbourne, VIC 3000, Australia",[10] 2019 doi:10.1063/1.5104298 The serial millisecond crystallography instrument at the Australian Synchrotron incorporat
"Ericsson, T.",12.0,1,,"Department of Mathematical Sciences, Chalmers University of Technology, and The University of Gothenburg 4 , 412 96 Göteborg, Sweden",[10] 2019 doi:10.1063/1.5104298 The serial millisecond crystallography instrument at the Australian Synchrotron incorporat
"Call, M. J.",12.0,1,,"Department of Medical Biology, University of Melbourne 6 , Parkville, Victoria 3010, Australias | Structural Biology Division, Walter and Eliza Hall Institute of Medical Research 5 , 1G Royal Parade, ",[10] 2019 doi:10.1063/1.5104298 The serial millisecond crystallography instrument at the Australian Synchrotron incorporat
"Trenker, R.",12.0,1,,"Department of Medical Biology, University of Melbourne 6 , Parkville, Victoria 3010, Australias | Structural Biology Division, Walter and Eliza Hall Institute of Medical Research 5 , 1G Royal Parade, ",[10] 2019 doi:10.1063/1.5104298 The serial millisecond crystallography instrument at the Australian Synchrotron incorporat
"Roque, F. G.",12.0,1,,"Australian Research Council Centre of Excellence in Advanced Molecular Imaging, Department of Chemistry and Physics, La Trobe Institute for Molecular Science, La Trobe University 1 , Melbourne 3086, A",[10] 2019 doi:10.1063/1.5104298 The serial millisecond crystallography instrument at the Australian Synchrotron incorporat
"Darmanin, C.",12.0,1,,"Australian Research Council Centre of Excellence in Advanced Molecular Imaging, Department of Chemistry and Physics, La Trobe Institute for Molecular Science, La Trobe University 1 , Melbourne 3086, A",[10] 2019 doi:10.1063/1.5104298 The serial millisecond crystallography instrument at the Australian Synchrotron incorporat
"Abbey, B.",12.0,1,,"Australian Research Council Centre of Excellence in Advanced Molecular Imaging, Department of Chemistry and Physics, La Trobe Institute for Molecular Science, La Trobe University 1 , Melbourne 3086, A",[10] 2019 doi:10.1063/1.5104298 The serial millisecond crystallography instrument at the Australian Synchrotron incorporat
"Benck, Jesse D.",12.0,1,,"Department of Materials Science and Engineering, Massachusetts Institute of Technology , 77 Massachusetts Ave., Cambridge, Massachusetts 02139, USA",[10] 2019 doi:10.1063/1.5050999 Apparatus for operando x-ray diffraction of fuel electrodes in high temperature solid oxid
"Rettenwander, Daniel",12.0,1,,"Department of Materials Science and Engineering, Massachusetts Institute of Technology , 77 Massachusetts Ave., Cambridge, Massachusetts 02139, USA",[10] 2019 doi:10.1063/1.5050999 Apparatus for operando x-ray diffraction of fuel electrodes in high temperature solid oxid
"Jackson, Ariel",12.0,1,,"Department of Materials Science and Engineering, Massachusetts Institute of Technology , 77 Massachusetts Ave., Cambridge, Massachusetts 02139, USA",[10] 2019 doi:10.1063/1.5050999 Apparatus for operando x-ray diffraction of fuel electrodes in high temperature solid oxid
"Young, David",12.0,1,,"Department of Materials Science and Engineering, Massachusetts Institute of Technology , 77 Massachusetts Ave., Cambridge, Massachusetts 02139, USA",[10] 2019 doi:10.1063/1.5050999 Apparatus for operando x-ray diffraction of fuel electrodes in high temperature solid oxid
"Chiang, Yet-Ming",12.0,1,,"Department of Materials Science and Engineering, Massachusetts Institute of Technology , 77 Massachusetts Ave., Cambridge, Massachusetts 02139, USA",[10] 2019 doi:10.1063/1.5050999 Apparatus for operando x-ray diffraction of fuel electrodes in high temperature solid oxid
"Hansen, Robert S.",12.0,1,,"Department of Mechanical and Aerospace Engineering, Utah State University , 4130 Old Main Hill, Logan, Utah 84322-4130, USA",[10] 2019 doi:10.1063/1.5081899 A high magnification UV lens for high temperature optical strain measurements
"Bird, Trevor J.",12.0,1,,"Department of Mechanical and Aerospace Engineering, Utah State University , 4130 Old Main Hill, Logan, Utah 84322-4130, USA",[10] 2019 doi:10.1063/1.5081899 A high magnification UV lens for high temperature optical strain measurements
"Voie, Ren",12.0,1,,"Department of Mechanical and Aerospace Engineering, Utah State University , 4130 Old Main Hill, Logan, Utah 84322-4130, USA",[10] 2019 doi:10.1063/1.5081899 A high magnification UV lens for high temperature optical strain measurements
"Burn, Katharine Z.",12.0,1,,"Department of Mechanical and Aerospace Engineering, Utah State University , 4130 Old Main Hill, Logan, Utah 84322-4130, USA",[10] 2019 doi:10.1063/1.5081899 A high magnification UV lens for high temperature optical strain measurements
"Berke, Ryan B.",12.0,1,,"Department of Mechanical and Aerospace Engineering, Utah State University , 4130 Old Main Hill, Logan, Utah 84322-4130, USA",[10] 2019 doi:10.1063/1.5081899 A high magnification UV lens for high temperature optical strain measurements
"Floyd, Richard",12.0,1,,"Department of Materials Science and Engineering, North Carolina State University 2 , Raleigh, North Carolina 27695, USA | Department of Materials Science and Engineering, The Pennsylvania State Univer",[10] 2019 doi:10.1063/1.5094040 Instrumentation for automated and quantitative low temperature compaction and sintering
"Lowum, Sarah",12.0,1,,"Department of Materials Science and Engineering, The Pennsylvania State University 1 , University Park, Pennsylvania 16802, USA",[10] 2019 doi:10.1063/1.5094040 Instrumentation for automated and quantitative low temperature compaction and sintering
"Maria, Jon-Paul",12.0,1,,"Department of Materials Science and Engineering, North Carolina State University 2 , Raleigh, North Carolina 27695, USA | Department of Materials Science and Engineering, The Pennsylvania State Univer",[10] 2019 doi:10.1063/1.5094040 Instrumentation for automated and quantitative low temperature compaction and sintering
"Hejmady, Prakhyat",12.0,1,,"Brightlands Materials Center 2 , 6167 RD, Geleen, The Netherlands | Polymer Technology, Department of Mechanical Engineering, Eindhoven University of Technology 1 , P.O. Box 513, 5600 MB Eindhoven, Th",[10] 2019 doi:10.1063/1.5106406 A novel experimental setup for in situ optical and X-ray imaging of laser sintering of pol
"Cleven, Lucien C.",12.0,1,,"Polymer Technology, Department of Mechanical Engineering, Eindhoven University of Technology 1 , P.O. Box 513, 5600 MB Eindhoven, The Netherlands",[10] 2019 doi:10.1063/1.5106406 A novel experimental setup for in situ optical and X-ray imaging of laser sintering of pol
"van Breemen, Lambèrt C. A.",12.0,1,,"Polymer Technology, Department of Mechanical Engineering, Eindhoven University of Technology 1 , P.O. Box 513, 5600 MB Eindhoven, The Netherlands",[10] 2019 doi:10.1063/1.5106406 A novel experimental setup for in situ optical and X-ray imaging of laser sintering of pol
"Anderson, Patrick D.",12.0,1,,"Polymer Technology, Department of Mechanical Engineering, Eindhoven University of Technology 1 , P.O. Box 513, 5600 MB Eindhoven, The Netherlands",[10] 2019 doi:10.1063/1.5106406 A novel experimental setup for in situ optical and X-ray imaging of laser sintering of pol
"Cardinaels, Ruth",12.0,1,,"Polymer Technology, Department of Mechanical Engineering, Eindhoven University of Technology 1 , P.O. Box 513, 5600 MB Eindhoven, The Netherlands",[10] 2019 doi:10.1063/1.5106406 A novel experimental setup for in situ optical and X-ray imaging of laser sintering of pol
"Conte, Marcello",12.0,1,,"Anton Paar TriTec SA 1 , Rue de la Gare 4, Peseux 2034, Switzerland",[10] 2019 doi:10.1063/1.5029873 Novel high temperature vacuum nanoindentation system with active surface referencing and n
"Mohanty, Gaurav",12.0,1,,"Laboratory for Mechanics of Materials and Nanostructures, Empa—Swiss Federal Laboratories for Materials Science and Engineering 2 , Feuerwerkerstrasse 39, Thun 3602, Switzerland | Materials Science an",[10] 2019 doi:10.1063/1.5029873 Novel high temperature vacuum nanoindentation system with active surface referencing and n
"Schwiedrzik, Jakob J.",12.0,1,,"Laboratory for Mechanics of Materials and Nanostructures, Empa—Swiss Federal Laboratories for Materials Science and Engineering 2 , Feuerwerkerstrasse 39, Thun 3602, Switzerland",[10] 2019 doi:10.1063/1.5029873 Novel high temperature vacuum nanoindentation system with active surface referencing and n
"Wheeler, Jeffrey M.",12.0,1,,"Laboratory for Nanometallurgy, ETH Zurich 4 , Zurich, Switzerland",[10] 2019 doi:10.1063/1.5029873 Novel high temperature vacuum nanoindentation system with active surface referencing and n
"Bellaton, Bertrand",12.0,1,,"Anton Paar TriTec SA 1 , Rue de la Gare 4, Peseux 2034, Switzerland",[10] 2019 doi:10.1063/1.5029873 Novel high temperature vacuum nanoindentation system with active surface referencing and n
"Michler, Johann",12.0,1,,"Laboratory for Mechanics of Materials and Nanostructures, Empa—Swiss Federal Laboratories for Materials Science and Engineering 2 , Feuerwerkerstrasse 39, Thun 3602, Switzerland",[10] 2019 doi:10.1063/1.5029873 Novel high temperature vacuum nanoindentation system with active surface referencing and n
"Randall, Nicholas X.",12.0,1,,"Anton Paar TriTec SA 1 , Rue de la Gare 4, Peseux 2034, Switzerland",[10] 2019 doi:10.1063/1.5029873 Novel high temperature vacuum nanoindentation system with active surface referencing and n
"Cristofaro, Sofia",12.0,1,,"Max-Planck-Institut für Plasmaphysik 1 , Boltzmannstr. 2, 85748 Garching, Germany",[10] 2019 doi:10.1063/1.5128620 Design and comparison of the Cs ovens for the test facilities ELISE and SPIDER
"Fröschle, Markus",12.0,1,,"Max-Planck-Institut für Plasmaphysik 1 , Boltzmannstr. 2, 85748 Garching, Germany",[10] 2019 doi:10.1063/1.5128620 Design and comparison of the Cs ovens for the test facilities ELISE and SPIDER
"Mimo, Alessandro",12.0,1,,"Max-Planck-Institut für Plasmaphysik 1 , Boltzmannstr. 2, 85748 Garching, Germany",[10] 2019 doi:10.1063/1.5128620 Design and comparison of the Cs ovens for the test facilities ELISE and SPIDER
"Rizzolo, Andrea",12.0,1,,"Consorzio RFX 2 , Corso Stati Uniti 4, 35127 Padova, Italy",[10] 2019 doi:10.1063/1.5128620 Design and comparison of the Cs ovens for the test facilities ELISE and SPIDER
"Fantz, Ursel",12.0,1,,"Max-Planck-Institut für Plasmaphysik 1 , Boltzmannstr. 2, 85748 Garching, Germany",[10] 2019 doi:10.1063/1.5128620 Design and comparison of the Cs ovens for the test facilities ELISE and SPIDER
"Maqbool, Syed Asad",12.0,1,,"Hefei National Laboratory for Physical Sciences at the Microscale, University of Science and Technology of China 1 , Hefei 230026, | High Magnetic Field Laboratory, Hefei Institutes of Physical Scienc",[8] 2025 doi:10.1063/5.0281187 Ultra-compact piezoelectric motor with simplified stick–slip design for 3D constrained env
"Touqeer, Muhammad",12.0,1,,"Hefei National Laboratory for Physical Sciences at the Microscale, University of Science and Technology of China 1 , Hefei 230026, | High Magnetic Field Laboratory, Hefei Institutes of Physical Scienc",[8] 2025 doi:10.1063/5.0281187 Ultra-compact piezoelectric motor with simplified stick–slip design for 3D constrained env
"Esmaeilzadeh, Behnam",12.0,1,,"Hefei National Laboratory for Physical Sciences at the Microscale, University of Science and Technology of China 1 , Hefei 230026, | High Magnetic Field Laboratory, Hefei Institutes of Physical Scienc",[8] 2025 doi:10.1063/5.0281187 Ultra-compact piezoelectric motor with simplified stick–slip design for 3D constrained env
"Yang, Shiwei",12.0,1,,"Hefei National Laboratory for Physical Sciences at the Microscale, University of Science and Technology of China 1 , Hefei 230026, | High Magnetic Field Laboratory, Hefei Institutes of Physical Scienc",[8] 2025 doi:10.1063/5.0281187 Ultra-compact piezoelectric motor with simplified stick–slip design for 3D constrained env
"Meng, Wenjie",12.0,1,,"Anhui Key Laboratory of Low-Energy Quantum Materials and Devices, High Magnetic Field Laboratory, Hefei Institutes of Physical Science, Chinese Academy of Sciences 3 , Hefei, Anhui 230031, | High Magn",[8] 2025 doi:10.1063/5.0281187 Ultra-compact piezoelectric motor with simplified stick–slip design for 3D constrained env
"Wang, Jihao",12.0,1,,"Anhui Key Laboratory of Low-Energy Quantum Materials and Devices, High Magnetic Field Laboratory, Hefei Institutes of Physical Science, Chinese Academy of Sciences 3 , Hefei, Anhui 230031, | High Magn",[8] 2025 doi:10.1063/5.0281187 Ultra-compact piezoelectric motor with simplified stick–slip design for 3D constrained env
"Hou, Yubin",12.0,1,,"Anhui Key Laboratory of Low-Energy Quantum Materials and Devices, High Magnetic Field Laboratory, Hefei Institutes of Physical Science, Chinese Academy of Sciences 3 , Hefei, Anhui 230031, | High Magn",[8] 2025 doi:10.1063/5.0281187 Ultra-compact piezoelectric motor with simplified stick–slip design for 3D constrained env
"Lu, Qingyou",12.0,1,,"Anhui Key Laboratory of Low-Energy Quantum Materials and Devices, High Magnetic Field Laboratory, Hefei Institutes of Physical Science, Chinese Academy of Sciences 3 , Hefei, Anhui 230031, | Anhui Lab",[8] 2025 doi:10.1063/5.0281187 Ultra-compact piezoelectric motor with simplified stick–slip design for 3D constrained env
"Sheng, Qiwen",12.0,1,,"Nusenics 1 , 4942 Dawn Ave., East Lansing, Michigan 48823,",[8] 2025 doi:10.1063/5.0273302 Fiber-optic bolometers with high-temperature tolerance and reduced time constants for fusi
"Wang, Xiaoli",12.0,1,,"Department of Electrical and Computer Engineering, Michigan State University 2 , East Lansing, Michigan 48824,",[8] 2025 doi:10.1063/5.0273302 Fiber-optic bolometers with high-temperature tolerance and reduced time constants for fusi
"Syed, Musaddeque",12.0,1,,"Department of Electrical and Computer Engineering, Michigan State University 2 , East Lansing, Michigan 48824,",[8] 2025 doi:10.1063/5.0273302 Fiber-optic bolometers with high-temperature tolerance and reduced time constants for fusi
"Chowdhury, Hasanur R.",12.0,1,,"Nusenics 1 , 4942 Dawn Ave., East Lansing, Michigan 48823,",[8] 2025 doi:10.1063/5.0273302 Fiber-optic bolometers with high-temperature tolerance and reduced time constants for fusi
"Lee, Seungsup",12.0,1,,"Oak Ridge National Laboratory 3 , Oak Ridge, Tennessee 37831,",[8] 2025 doi:10.1063/5.0273302 Fiber-optic bolometers with high-temperature tolerance and reduced time constants for fusi
"Dvorak, Andrew",12.0,1,,"Oak Ridge National Laboratory 3 , Oak Ridge, Tennessee 37831,",[8] 2025 doi:10.1063/5.0273302 Fiber-optic bolometers with high-temperature tolerance and reduced time constants for fusi
"Shafer, Morgan W.",12.0,1,,"Oak Ridge National Laboratory 3 , Oak Ridge, Tennessee 37831,",[8] 2025 doi:10.1063/5.0273302 Fiber-optic bolometers with high-temperature tolerance and reduced time constants for fusi
"Han, Ming",12.0,1,,"Department of Electrical and Computer Engineering, Michigan State University 2 , East Lansing, Michigan 48824, | Nusenics 1 , 4942 Dawn Ave., East Lansing, Michigan 48823,",[8] 2025 doi:10.1063/5.0273302 Fiber-optic bolometers with high-temperature tolerance and reduced time constants for fusi
"Nakasone, Kenneth",12.0,1,,,[8] 2025 doi:10.1063/5.0277104 Heatpipe-cooled in-vacuum electromagnet for quantum science experiments
"Luna, Paola",12.0,1,,"Wyant College of Optical Sciences, University of Arizona 1 , Tucson, Arizona 85721,",[8] 2025 doi:10.1063/5.0277104 Heatpipe-cooled in-vacuum electromagnet for quantum science experiments
"Zhukov, Andrei",12.0,1,,"Wyant College of Optical Sciences, University of Arizona 1 , Tucson, Arizona 85721,",[8] 2025 doi:10.1063/5.0277104 Heatpipe-cooled in-vacuum electromagnet for quantum science experiments
"Tao, Matthew",12.0,1,,"Department of Physics, University of California 2 , Berkeley, California 94720,",[8] 2025 doi:10.1063/5.0277104 Heatpipe-cooled in-vacuum electromagnet for quantum science experiments
"Louie, Garrett",12.0,1,,"Department of Physics, University of California 2 , Berkeley, California 94720,",[8] 2025 doi:10.1063/5.0277104 Heatpipe-cooled in-vacuum electromagnet for quantum science experiments
"Panda, Cristian D.",12.0,1,,"Wyant College of Optical Sciences, University of Arizona 1 , Tucson, Arizona 85721,",[8] 2025 doi:10.1063/5.0277104 Heatpipe-cooled in-vacuum electromagnet for quantum science experiments
"Golibrzuch, Kai",12.0,1,,"Department of Dynamics at Surfaces, Max Planck Institute for Multidisciplinary Sciences 2 , 37077 Göttingen, | Institute for Physical Chemistry, University of Göttingen 1 , 37077 Göttingen, | Internat",[8] 2025 doi:10.1063/5.0248517 A simple cavity-enhanced laser-based heater for reflective samples
"Wodtke, Alec M.",12.0,1,,"Department of Dynamics at Surfaces, Max Planck Institute for Multidisciplinary Sciences 2 , 37077 Göttingen, | Institute for Physical Chemistry, University of Göttingen 1 , 37077 Göttingen, | Internat",[8] 2025 doi:10.1063/5.0248517 A simple cavity-enhanced laser-based heater for reflective samples
"Zhang, Chunyu",12.0,1,,"National Key Lab of Multispectral Information Intelligent Processing Technology, Huazhong University of Science & Technology 1 , Wuhan 430074, | School of Artificial Intelligence & Automation, Huazhon",[8] 2025 doi:10.1063/5.0225689 Rapid depth estimation based on a key electrowetting liquid-lens with electrically adjuste
"Xu, Yuxiang",12.0,1,,"National Key Lab of Multispectral Information Intelligent Processing Technology, Huazhong University of Science & Technology 1 , Wuhan 430074, | School of Artificial Intelligence & Automation, Huazhon",[8] 2025 doi:10.1063/5.0225689 Rapid depth estimation based on a key electrowetting liquid-lens with electrically adjuste
"Zhang, Xinyu",12.0,1,,"National Key Lab of Multispectral Information Intelligent Processing Technology, Huazhong University of Science & Technology 1 , Wuhan 430074, | School of Artificial Intelligence & Automation, Huazhon",[8] 2025 doi:10.1063/5.0225689 Rapid depth estimation based on a key electrowetting liquid-lens with electrically adjuste
"Yuan, Bao",12.0,1,,"Guangdong Provincial Key Laboratory of Extreme Conditions 3 , Dongguan 523803, | Institute of High Energy Physics, Chinese Academy of Sciences (CAS) 2 , Beijing 100049, | National Key Laboratory of De",[8] 2025 doi:10.1063/5.0258135 Design and testing of high-temperature and high-pressure cell for SANS at CSNS
"Wang, Chenyang",12.0,1,,"Guangdong Provincial Key Laboratory of Extreme Conditions 3 , Dongguan 523803, | Institute of High Energy Physics, Chinese Academy of Sciences (CAS) 2 , Beijing 100049, | Spallation Neutron Source Sci",[8] 2025 doi:10.1063/5.0258135 Design and testing of high-temperature and high-pressure cell for SANS at CSNS
"Bai, Bo",12.0,1,,"Guangdong Provincial Key Laboratory of Extreme Conditions 3 , Dongguan 523803, | Institute of High Energy Physics, Chinese Academy of Sciences (CAS) 2 , Beijing 100049, | Spallation Neutron Source Sci",[8] 2025 doi:10.1063/5.0258135 Design and testing of high-temperature and high-pressure cell for SANS at CSNS
"Jiang, Hanqiu",12.0,1,,"Institute of High Energy Physics, Chinese Academy of Sciences (CAS) 2 , Beijing 100049, | Spallation Neutron Source Science Center 1 , Dongguan 523803,",[8] 2025 doi:10.1063/5.0258135 Design and testing of high-temperature and high-pressure cell for SANS at CSNS
"Ke, Yubin",12.0,1,,"Institute of High Energy Physics, Chinese Academy of Sciences (CAS) 2 , Beijing 100049, | Spallation Neutron Source Science Center 1 , Dongguan 523803,",[8] 2025 doi:10.1063/5.0258135 Design and testing of high-temperature and high-pressure cell for SANS at CSNS
"Hu, Qinhong",12.0,1,,"National Key Laboratory of Deep Oil and Gas, China University of Petroleum (East China) 4 , Qingdao 266580,",[8] 2025 doi:10.1063/5.0258135 Design and testing of high-temperature and high-pressure cell for SANS at CSNS
"Kang, Le",12.0,1,,"Institute of High Energy Physics, Chinese Academy of Sciences (CAS) 2 , Beijing 100049, | Spallation Neutron Source Science Center 1 , Dongguan 523803,",[8] 2025 doi:10.1063/5.0258135 Design and testing of high-temperature and high-pressure cell for SANS at CSNS
"Hu, Haitao",12.0,1,,"Guangdong Provincial Key Laboratory of Extreme Conditions 3 , Dongguan 523803, | Institute of High Energy Physics, Chinese Academy of Sciences (CAS) 2 , Beijing 100049, | Spallation Neutron Source Sci",[8] 2025 doi:10.1063/5.0258135 Design and testing of high-temperature and high-pressure cell for SANS at CSNS
"Tong, Xin",12.0,1,,"Guangdong Provincial Key Laboratory of Extreme Conditions 3 , Dongguan 523803, | Institute of High Energy Physics, Chinese Academy of Sciences (CAS) 2 , Beijing 100049, | Spallation Neutron Source Sci",[8] 2025 doi:10.1063/5.0258135 Design and testing of high-temperature and high-pressure cell for SANS at CSNS
"Kimura, K.",11.7,1,,"Department of Applied Quantum Physics and Nuclear Engineering, Kyushu University 1 , 744 Motooka, Fukuoka 819-0395, Japan",[9] 2021 doi:10.1063/5.0034683 Fast deuteron diagnostics using visible light spectra of 3He produced by deuteron–deuteron
"Matsuura, H.",11.7,1,,"Department of Applied Quantum Physics and Nuclear Engineering, Kyushu University 1 , 744 Motooka, Fukuoka 819-0395, Japan",[9] 2021 doi:10.1063/5.0034683 Fast deuteron diagnostics using visible light spectra of 3He produced by deuteron–deuteron
"Kawamoto, Y.",11.7,1,,"National Institute for Fusion Science, National Institutes of Natural Sciences 2 , 322-6 Oroshi-cho, Toki 509-5292, Japan",[9] 2021 doi:10.1063/5.0034683 Fast deuteron diagnostics using visible light spectra of 3He produced by deuteron–deuteron
"Oishi, T.",11.7,1,,"National Institute for Fusion Science, National Institutes of Natural Sciences 2 , 322-6 Oroshi-cho, Toki 509-5292, Japan | SOKENDAI (The Graduate University for Advanced Studies) 3 , 322-6 Oroshi-cho",[9] 2021 doi:10.1063/5.0034683 Fast deuteron diagnostics using visible light spectra of 3He produced by deuteron–deuteron
"Goto, M.",11.7,1,,"National Institute for Fusion Science, National Institutes of Natural Sciences 2 , 322-6 Oroshi-cho, Toki 509-5292, Japan | SOKENDAI (The Graduate University for Advanced Studies) 3 , 322-6 Oroshi-cho",[9] 2021 doi:10.1063/5.0034683 Fast deuteron diagnostics using visible light spectra of 3He produced by deuteron–deuteron
"Ogawa, K.",11.7,1,,"National Institute for Fusion Science, National Institutes of Natural Sciences 2 , 322-6 Oroshi-cho, Toki 509-5292, Japan | SOKENDAI (The Graduate University for Advanced Studies) 3 , 322-6 Oroshi-cho",[9] 2021 doi:10.1063/5.0034683 Fast deuteron diagnostics using visible light spectra of 3He produced by deuteron–deuteron
"Nishitani, T.",11.7,1,,"Graduate School of Engineering, Nagoya University 4 , Furo-cho, Chikusa-ku, Nagoya 464-8603, Japan",[9] 2021 doi:10.1063/5.0034683 Fast deuteron diagnostics using visible light spectra of 3He produced by deuteron–deuteron
"Isobe, M.",11.7,1,,"National Institute for Fusion Science, National Institutes of Natural Sciences 2 , 322-6 Oroshi-cho, Toki 509-5292, Japan | SOKENDAI (The Graduate University for Advanced Studies) 3 , 322-6 Oroshi-cho",[9] 2021 doi:10.1063/5.0034683 Fast deuteron diagnostics using visible light spectra of 3He produced by deuteron–deuteron
"Osakabe, M.",11.7,1,,"National Institute for Fusion Science, National Institutes of Natural Sciences 2 , 322-6 Oroshi-cho, Toki 509-5292, Japan | SOKENDAI (The Graduate University for Advanced Studies) 3 , 322-6 Oroshi-cho",[9] 2021 doi:10.1063/5.0034683 Fast deuteron diagnostics using visible light spectra of 3He produced by deuteron–deuteron
"Horlait, Denis",11.7,1,,"Université de Bordeaux, CNRS, CENBG-IN2P3 1 , F-33170 Gradignan, France",[9] 2021 doi:10.1063/5.0068858 A new thermo-desorption laser-heating setup for studying noble gas diffusion and release f
"Faure, Rémi",11.7,1,,"Université de Bordeaux, CNRS, CENBG-IN2P3 1 , F-33170 Gradignan, France",[9] 2021 doi:10.1063/5.0068858 A new thermo-desorption laser-heating setup for studying noble gas diffusion and release f
"Thomas, Bertrand A.",11.7,1,,"Université de Bordeaux, CNRS, CENBG-IN2P3 1 , F-33170 Gradignan, France",[9] 2021 doi:10.1063/5.0068858 A new thermo-desorption laser-heating setup for studying noble gas diffusion and release f
"Devert, Nicolas",11.7,1,,"Université de Bordeaux, CNRS, CENBG-IN2P3 1 , F-33170 Gradignan, France",[9] 2021 doi:10.1063/5.0068858 A new thermo-desorption laser-heating setup for studying noble gas diffusion and release f
"Amany, Marie-Lyne",11.7,1,,"CEMHTI, CNRS, UPR3079, University of Orléans 2 , F-45071 Orléans, France",[9] 2021 doi:10.1063/5.0068858 A new thermo-desorption laser-heating setup for studying noble gas diffusion and release f
"Carlot, Gaëlle",11.7,1,,"CEA, DEN, DEC 3 , F-13108 Saint Paul lez Durance Cedex, France",[9] 2021 doi:10.1063/5.0068858 A new thermo-desorption laser-heating setup for studying noble gas diffusion and release f
"Gilabert, Éric",11.7,1,,"Université de Bordeaux, CNRS, CENBG-IN2P3 1 , F-33170 Gradignan, France",[9] 2021 doi:10.1063/5.0068858 A new thermo-desorption laser-heating setup for studying noble gas diffusion and release f
"Heinen, Benedict J.",11.7,1,,"School of Earth Sciences, University of Bristol 1 , Wills Memorial Building, Queens Road, Bristol BS81RJ, United Kingdom",[9] 2021 doi:10.1063/5.0038917 Internal resistive heating of non-metallic samples to 3000 K and &gt;60 GPa in the diamond
"Walter, Michael J.",11.7,1,,"Earth and Planets Laboratory, Carnegie Institution for Science 3 , 5241 Broad Branch Road NW, Washington, DC 20015, USA",[9] 2021 doi:10.1063/5.0038917 Internal resistive heating of non-metallic samples to 3000 K and &gt;60 GPa in the diamond
"Clapham, Charles",11.7,1,,"School of Earth Sciences, University of Bristol 1 , Wills Memorial Building, Queens Road, Bristol BS81RJ, United Kingdom",[9] 2021 doi:10.1063/5.0038917 Internal resistive heating of non-metallic samples to 3000 K and &gt;60 GPa in the diamond
"Qin, Fei",11.7,1,,"School of Earth Sciences, University of Bristol 1 , Wills Memorial Building, Queens Road, Bristol BS81RJ, United Kingdom",[9] 2021 doi:10.1063/5.0038917 Internal resistive heating of non-metallic samples to 3000 K and &gt;60 GPa in the diamond
"Kleppe, Annette K.",11.7,1,,"Diamond Light Source Ltd., Diamond House, Harwell Science and Innovation Campus 4 , Didcot, Oxfordshire OX110DE, United Kingdom",[9] 2021 doi:10.1063/5.0038917 Internal resistive heating of non-metallic samples to 3000 K and &gt;60 GPa in the diamond
"Lord, Oliver T.",11.7,1,,"School of Earth Sciences, University of Bristol 1 , Wills Memorial Building, Queens Road, Bristol BS81RJ, United Kingdom",[9] 2021 doi:10.1063/5.0038917 Internal resistive heating of non-metallic samples to 3000 K and &gt;60 GPa in the diamond
"Mi, Zhuang",11.6,1,,"Beijing National Laboratory for Condensed Matter Physics, Institute of Physics, Chinese Academy of Sciences 1 , Beijing 100190, China | School of Physical Sciences, University of Chinese Academy of Sc",[8] 2024 doi:10.1063/5.0213543 High-precision high-speed nanopore ping-pong control system based on field programmable ga
"Chen, Xiaoyu",11.6,1,,"Beijing National Laboratory for Condensed Matter Physics, Institute of Physics, Chinese Academy of Sciences 1 , Beijing 100190, China | School of Physical Sciences, University of Chinese Academy of Sc",[8] 2024 doi:10.1063/5.0213543 High-precision high-speed nanopore ping-pong control system based on field programmable ga
"Zhao, Xinjia",11.6,1,,"State Key Laboratory of Medical Proteomics, National Chromatographic R. & A. Center, CAS Key Laboratory of Separation Science for Analytical Chemistry, Dalian Institute of Chemical Physics, Chinese Ac",[8] 2024 doi:10.1063/5.0213543 High-precision high-speed nanopore ping-pong control system based on field programmable ga
"Tang, Haitao",11.6,1,,"Beijing National Laboratory for Condensed Matter Physics, Institute of Physics, Chinese Academy of Sciences 1 , Beijing 100190, China | School of Physical Sciences, University of Chinese Academy of Sc",[8] 2024 doi:10.1063/5.0213543 High-precision high-speed nanopore ping-pong control system based on field programmable ga
"Wang, Wenyu",11.6,1,,"Beijing National Laboratory for Condensed Matter Physics, Institute of Physics, Chinese Academy of Sciences 1 , Beijing 100190, China | School of Physical Sciences, University of Chinese Academy of Sc",[8] 2024 doi:10.1063/5.0213543 High-precision high-speed nanopore ping-pong control system based on field programmable ga
"Shan, Xinyan",11.6,1,,"Beijing National Laboratory for Condensed Matter Physics, Institute of Physics, Chinese Academy of Sciences 1 , Beijing 100190, China | School of Physical Sciences, University of Chinese Academy of Sc",[8] 2024 doi:10.1063/5.0213543 High-precision high-speed nanopore ping-pong control system based on field programmable ga
"Lu, Xinghua",11.6,1,,"Beijing National Laboratory for Condensed Matter Physics, Institute of Physics, Chinese Academy of Sciences 1 , Beijing 100190, China | School of Physical Sciences, University of Chinese Academy of Sc",[8] 2024 doi:10.1063/5.0213543 High-precision high-speed nanopore ping-pong control system based on field programmable ga
"Brown, Nina M.",11.6,1,,"Department of Physics, University of Chicago 1 , Chicago, Illinois 60637, USA | James Franck Institute, University of Chicago 2 , Chicago, Illinois 60637, USA",[8] 2024 doi:10.1063/5.0225745 Direct measurement of forces in air-based acoustic levitation systems
"VanSaders, Bryan",11.6,1,,"James Franck Institute, University of Chicago 2 , Chicago, Illinois 60637, USA",[8] 2024 doi:10.1063/5.0225745 Direct measurement of forces in air-based acoustic levitation systems
"Kronenfeld, Jason M.",11.6,1,,"Department of Chemistry, Stanford University 3 , Stanford, California 94305, USA",[8] 2024 doi:10.1063/5.0225745 Direct measurement of forces in air-based acoustic levitation systems
"DeSimone, Joseph M.",11.6,1,,"Department of Chemical Engineering, Stanford University 4 , Stanford, California 94305, USA",[8] 2024 doi:10.1063/5.0225745 Direct measurement of forces in air-based acoustic levitation systems
"Jaeger, Heinrich M.",11.6,1,,"Department of Physics, University of Chicago 1 , Chicago, Illinois 60637, USA | James Franck Institute, University of Chicago 2 , Chicago, Illinois 60637, USA",[8] 2024 doi:10.1063/5.0225745 Direct measurement of forces in air-based acoustic levitation systems
"Meyer, H. J.",11.6,1,,"Lawrence Livermore National Laboratory 1 , 7000 East Ave., Livermore, California 94550, USA",[8] 2024 doi:10.1063/5.0219559 Rapid calibration plan for NIF’s Near Backscatter Imager (NBI)
"Bruulsema, C.",11.6,1,,"Lawrence Livermore National Laboratory 1 , 7000 East Ave., Livermore, California 94550, USA",[8] 2024 doi:10.1063/5.0219559 Rapid calibration plan for NIF’s Near Backscatter Imager (NBI)
"Tubman, E. R.",11.6,1,,"Department of Physics, Imperial College London 2 , Exhibition Rd., South Kensington, London SW7 2AZ, United Kingdom",[8] 2024 doi:10.1063/5.0219559 Rapid calibration plan for NIF’s Near Backscatter Imager (NBI)
"Swadling, G. F.",11.6,1,,"Lawrence Livermore National Laboratory 1 , 7000 East Ave., Livermore, California 94550, USA",[8] 2024 doi:10.1063/5.0219559 Rapid calibration plan for NIF’s Near Backscatter Imager (NBI)
"Moody, J. D.",11.6,1,,"Lawrence Livermore National Laboratory 1 , 7000 East Ave., Livermore, California 94550, USA",[8] 2024 doi:10.1063/5.0219559 Rapid calibration plan for NIF’s Near Backscatter Imager (NBI)
"Lemos, N.",11.6,1,,"Lawrence Livermore National Laboratory 1 , 7000 East Ave., Livermore, California 94550, USA",[8] 2024 doi:10.1063/5.0219559 Rapid calibration plan for NIF’s Near Backscatter Imager (NBI)
"Ross, J. S.",11.6,1,,"Lawrence Livermore National Laboratory 1 , 7000 East Ave., Livermore, California 94550, USA",[8] 2024 doi:10.1063/5.0219559 Rapid calibration plan for NIF’s Near Backscatter Imager (NBI)
"Juárez, R.",11.6,1,,"J. Mike Walker ’66 Department of Mechanical Engineering, Texas A&M University , College Station, Texas 77843, USA",[8] 2024 doi:10.1063/5.0172398 An experimental apparatus for the study of high-temperature degradation and solid-deposit 
"Petersen, E. L.",11.6,1,,"J. Mike Walker ’66 Department of Mechanical Engineering, Texas A&M University , College Station, Texas 77843, USA",[8] 2024 doi:10.1063/5.0172398 An experimental apparatus for the study of high-temperature degradation and solid-deposit 
"Fan, Bo",11.6,1,,"School of Mechanical Engineering, Jiangsu University of Science and Technology 1 , Zhenjiang 212100, China",[8] 2024 doi:10.1063/5.0178117 A hybrid energy harvester inspired by bionic flapping wing structure based on magnetic lev
"Fang, Jiwen",11.6,1,,"School of Mechanical Engineering, Jiangsu University of Science and Technology 1 , Zhenjiang 212100, China",[8] 2024 doi:10.1063/5.0178117 A hybrid energy harvester inspired by bionic flapping wing structure based on magnetic lev
"Jiang, Sirui",11.6,1,,"School of Mechanical Engineering, Jiangsu University of Science and Technology 1 , Zhenjiang 212100, China",[8] 2024 doi:10.1063/5.0178117 A hybrid energy harvester inspired by bionic flapping wing structure based on magnetic lev
"Li, Chong",11.6,1,,"School of Mechanical Engineering, Jiangsu University of Science and Technology 1 , Zhenjiang 212100, China",[8] 2024 doi:10.1063/5.0178117 A hybrid energy harvester inspired by bionic flapping wing structure based on magnetic lev
"Shao, Jiang",11.6,1,,"School of Mechanical Engineering, Jiangsu University of Science and Technology 1 , Zhenjiang 212100, China",[8] 2024 doi:10.1063/5.0178117 A hybrid energy harvester inspired by bionic flapping wing structure based on magnetic lev
"Luo, Zhengjie",11.6,1,,"State Key Laboratory of Dynamic Measurement Technology, Shanxi Key Laboratory of Quantum Sensing and Precision Measurement, North University of China 1 , Taiyuan 030051, China",[8] 2024 doi:10.1063/5.0196338 A bio-inspired two-stage bionic drag reduction method
"Jia, Xuguang",11.6,1,,"State Key Laboratory of Dynamic Measurement Technology, Shanxi Key Laboratory of Quantum Sensing and Precision Measurement, North University of China 1 , Taiyuan 030051, China",[8] 2024 doi:10.1063/5.0196338 A bio-inspired two-stage bionic drag reduction method
"Zhu, Shining",11.6,1,,"State Key Laboratory of Dynamic Measurement Technology, Shanxi Key Laboratory of Quantum Sensing and Precision Measurement, North University of China 1 , Taiyuan 030051, China",[8] 2024 doi:10.1063/5.0196338 A bio-inspired two-stage bionic drag reduction method
"Zhao, Pengfei",11.6,1,,"State Key Laboratory of Dynamic Measurement Technology, Shanxi Key Laboratory of Quantum Sensing and Precision Measurement, North University of China 1 , Taiyuan 030051, China",[8] 2024 doi:10.1063/5.0196338 A bio-inspired two-stage bionic drag reduction method
"Zhang, Kaisheng",11.6,1,,"Key Laboratory of Ocean Engineering of Shandong Province, College of Engineering, Ocean University of China 2 , Qingdao 266100, China",[8] 2024 doi:10.1063/5.0196338 A bio-inspired two-stage bionic drag reduction method
"Guo, Hao",11.6,1,,"State Key Laboratory of Dynamic Measurement Technology, Shanxi Key Laboratory of Quantum Sensing and Precision Measurement, North University of China 1 , Taiyuan 030051, China",[8] 2024 doi:10.1063/5.0196338 A bio-inspired two-stage bionic drag reduction method
"Conrad, Jacy K.",11.6,1,,"Idaho National Laboratory , 1955 N. Fremont Ave., Idaho Falls, Idaho 83415, USA",[8] 2024 doi:10.1063/5.0182535 Design of a high-temperature cell for cobalt-60 irradiations of aqueous solutions with in 
"Rollins, Harry W.",11.6,1,,"Idaho National Laboratory , 1955 N. Fremont Ave., Idaho Falls, Idaho 83415, USA",[8] 2024 doi:10.1063/5.0182535 Design of a high-temperature cell for cobalt-60 irradiations of aqueous solutions with in 
"Peterman, Dean R.",11.6,1,,"Idaho National Laboratory , 1955 N. Fremont Ave., Idaho Falls, Idaho 83415, USA",[8] 2024 doi:10.1063/5.0182535 Design of a high-temperature cell for cobalt-60 irradiations of aqueous solutions with in 
"Fox, Robert V.",11.6,1,,"Idaho National Laboratory , 1955 N. Fremont Ave., Idaho Falls, Idaho 83415, USA",[8] 2024 doi:10.1063/5.0182535 Design of a high-temperature cell for cobalt-60 irradiations of aqueous solutions with in 
"Lemaire, R.",11.6,1,,"Mines Douai , EI, F-59508 Douai, France",[11] 2016 doi:10.1063/1.4938542 Development and numerical/experimental characterization of a lab-scale flat flame reactor 
"Menanteau, S.",11.6,1,,"Mines Douai , EI, F-59508 Douai, France",[11] 2016 doi:10.1063/1.4938542 Development and numerical/experimental characterization of a lab-scale flat flame reactor 
"Odstrčil, T.",11.6,1,,"Max Planck Institute for Plasma Physics 1 , Boltzmannstr. 2, 85748 Garching, Germany | Technische Universität München 2 Physik-Department E28, , Garching, Germany",[11] 2016 doi:10.1063/1.4971367 Optimized tomography methods for plasma emissivity reconstruction at the ASDEX Upgrade tok
"Pütterich, T.",11.6,1,,"Max Planck Institute for Plasma Physics 1 , Boltzmannstr. 2, 85748 Garching, Germany",[11] 2016 doi:10.1063/1.4971367 Optimized tomography methods for plasma emissivity reconstruction at the ASDEX Upgrade tok
"Odstrčil, M.",11.6,1,,"University of Southampton 3 Optoelectronic Research Center, , Southampton, United Kingdom",[11] 2016 doi:10.1063/1.4971367 Optimized tomography methods for plasma emissivity reconstruction at the ASDEX Upgrade tok
"Gude, A.",11.6,1,,"Max Planck Institute for Plasma Physics 1 , Boltzmannstr. 2, 85748 Garching, Germany",[11] 2016 doi:10.1063/1.4971367 Optimized tomography methods for plasma emissivity reconstruction at the ASDEX Upgrade tok
"Igochine, V.",11.6,1,,"Max Planck Institute for Plasma Physics 1 , Boltzmannstr. 2, 85748 Garching, Germany",[11] 2016 doi:10.1063/1.4971367 Optimized tomography methods for plasma emissivity reconstruction at the ASDEX Upgrade tok
"Stroth, U.",11.6,1,,"Max Planck Institute for Plasma Physics 1 , Boltzmannstr. 2, 85748 Garching, Germany | Technische Universität München 2 Physik-Department E28, , Garching, Germany",[11] 2016 doi:10.1063/1.4971367 Optimized tomography methods for plasma emissivity reconstruction at the ASDEX Upgrade tok
"Street, Matthew G.",11.5,1,,"Division of Biology, Chemistry, and Materials Science, Office of Science and Engineering Laboratories, Center for Devices and Radiological Health, U.S. Food and Drug Administration, White Oak Federal ",[10] 2018 doi:10.1063/1.5024686 Automated reactive accelerated aging for rapid in vitro evaluation of neural implant perfo
"Welle, Cristin G.",11.5,1,,"Departments of Neurosurgery and Bioengineering, Anschutz Medical Center, University of Colorado 2 , Aurora, Colorado 80045, USA",[10] 2018 doi:10.1063/1.5024686 Automated reactive accelerated aging for rapid in vitro evaluation of neural implant perfo
"Takmakov, Pavel A.",11.5,1,,"Division of Biology, Chemistry, and Materials Science, Office of Science and Engineering Laboratories, Center for Devices and Radiological Health, U.S. Food and Drug Administration, White Oak Federal ",[10] 2018 doi:10.1063/1.5024686 Automated reactive accelerated aging for rapid in vitro evaluation of neural implant perfo
"Kunz, Martin",11.5,1,,"Advanced Light Source, Lawrence Berkeley National Laboratory 1 , Berkeley, California 94720, USA",[10] 2018 doi:10.1063/1.5028276 Implementation and application of the peak scaling method for temperature measurement in t
"Yan, Jinyuan",11.5,1,,"Advanced Light Source, Lawrence Berkeley National Laboratory 1 , Berkeley, California 94720, USA | Earth and Planetary Sciences Department, University of California 2 , Santa Cruz, California 95064, U",[10] 2018 doi:10.1063/1.5028276 Implementation and application of the peak scaling method for temperature measurement in t
"Cornell, Earl",11.5,1,,"Advanced Light Source, Lawrence Berkeley National Laboratory 1 , Berkeley, California 94720, USA",[10] 2018 doi:10.1063/1.5028276 Implementation and application of the peak scaling method for temperature measurement in t
"Domning, Edward E.",11.5,1,,"Advanced Light Source, Lawrence Berkeley National Laboratory 1 , Berkeley, California 94720, USA",[10] 2018 doi:10.1063/1.5028276 Implementation and application of the peak scaling method for temperature measurement in t
"Yen, C. Ethan",11.5,1,,"Advanced Light Source, Lawrence Berkeley National Laboratory 1 , Berkeley, California 94720, USA | Berkeley High School 3 , 1980 Allston Way, Berkeley, California 94704, USA | University of California",[10] 2018 doi:10.1063/1.5028276 Implementation and application of the peak scaling method for temperature measurement in t
"Beavers, Christine M.",11.5,1,,"Advanced Light Source, Lawrence Berkeley National Laboratory 1 , Berkeley, California 94720, USA | Earth and Planetary Sciences Department, University of California 2 , Santa Cruz, California 95064, U",[10] 2018 doi:10.1063/1.5028276 Implementation and application of the peak scaling method for temperature measurement in t
"Treger, Aaron",11.5,1,,"Advanced Light Source, Lawrence Berkeley National Laboratory 1 , Berkeley, California 94720, USA",[10] 2018 doi:10.1063/1.5028276 Implementation and application of the peak scaling method for temperature measurement in t
"Williams, Quentin",11.5,1,,"Earth and Planetary Sciences Department, University of California 2 , Santa Cruz, California 95064, USA",[10] 2018 doi:10.1063/1.5028276 Implementation and application of the peak scaling method for temperature measurement in t
"MacDowell, Alastair A.",11.5,1,,"Advanced Light Source, Lawrence Berkeley National Laboratory 1 , Berkeley, California 94720, USA",[10] 2018 doi:10.1063/1.5028276 Implementation and application of the peak scaling method for temperature measurement in t
"Gutierrez, M. G.",11.5,1,,"Department of Chemistry and Biochemistry, Baylor University , Waco, Texas 76798-7348, USA",[10] 2018 doi:10.1063/1.5024939 A molecular beam apparatus for performing single photon initiated dissociative rearrangeme
"Theis, Z.",11.5,1,,"Department of Chemistry and Biochemistry, Baylor University , Waco, Texas 76798-7348, USA",[10] 2018 doi:10.1063/1.5024939 A molecular beam apparatus for performing single photon initiated dissociative rearrangeme
"Lewis, T. W. R.",11.5,1,,"Department of Chemistry and Biochemistry, Baylor University , Waco, Texas 76798-7348, USA",[10] 2018 doi:10.1063/1.5024939 A molecular beam apparatus for performing single photon initiated dissociative rearrangeme
"Bellert, D. J.",11.5,1,,"Department of Chemistry and Biochemistry, Baylor University , Waco, Texas 76798-7348, USA",[10] 2018 doi:10.1063/1.5024939 A molecular beam apparatus for performing single photon initiated dissociative rearrangeme
"Feng, S.",11.5,1,,"Dipartimento di Fisica “G. Occhialini,” Università di Milano-Bicocca 1 , Milano, Italy",[10] 2018 doi:10.1063/1.5036823 Neutron measurements at the ELISE neutral beam test facility and implications for neutron 
"Wünderlich, D.",11.5,1,,"Max Planck Institut für Plasmaphysik 3 , Garching, Germany",[10] 2018 doi:10.1063/1.5036823 Neutron measurements at the ELISE neutral beam test facility and implications for neutron 
"Bonomo, F.",11.5,1,,"Max Planck Institut für Plasmaphysik 3 , Garching, Germany",[10] 2018 doi:10.1063/1.5036823 Neutron measurements at the ELISE neutral beam test facility and implications for neutron 
"Croci, G.",11.5,1,,"Dipartimento di Fisica “G. Occhialini,” Università di Milano-Bicocca 1 , Milano, Italy | Istituto di Fisica del Plasma “P. Caldirola,” Consiglio Nazionale delle Ricerche 2 , Milano, Italy",[10] 2018 doi:10.1063/1.5036823 Neutron measurements at the ELISE neutral beam test facility and implications for neutron 
"Mario, I.",11.5,1,,"Max Planck Institut für Plasmaphysik 3 , Garching, Germany",[10] 2018 doi:10.1063/1.5036823 Neutron measurements at the ELISE neutral beam test facility and implications for neutron 
"Glatz, Guenther",11.5,1,,"Department of Energy Resources Engineering, Stanford University , 367 Panama St., Stanford, California 94305, USA",[10] 2018 doi:10.1063/1.5030204 An experimental platform for triaxial high-pressure/high-temperature testing of rocks usin
"Lapene, Alexandre",11.5,1,,"Department of Energy Resources Engineering, Stanford University , 367 Panama St., Stanford, California 94305, USA",[10] 2018 doi:10.1063/1.5030204 An experimental platform for triaxial high-pressure/high-temperature testing of rocks usin
"Castanier, Louis M.",11.5,1,,"Department of Energy Resources Engineering, Stanford University , 367 Panama St., Stanford, California 94305, USA",[10] 2018 doi:10.1063/1.5030204 An experimental platform for triaxial high-pressure/high-temperature testing of rocks usin
"Kovscek, Anthony R.",11.5,1,,"Department of Energy Resources Engineering, Stanford University , 367 Panama St., Stanford, California 94305, USA",[10] 2018 doi:10.1063/1.5030204 An experimental platform for triaxial high-pressure/high-temperature testing of rocks usin
"Tao, Franklin (Feng)",11.5,1,,"Department of Chemical and Petroleum Engineering, University of Kansas 1 , Lawrence, Kansas 66045, USA | Department of Chemistry, University of Kansas 2 , Lawrence, Kansas 66045, USA",[10] 2018 doi:10.1063/1.5003184 Reactor for tracking catalyst nanoparticles in liquid at high temperature under a high-pre
"Gao, Bo",11.5,1,,"Key Laboratory of Cryogenics, Technical Institute of Physics and Chemistry, Chinese Academy of Sciences 1 , Beijing 100190, China",[10] 2018 doi:10.1063/1.5043206 Realization of an ultra-high precision temperature control in a cryogen-free cryostat
"Pan, Changzhao",11.5,1,,"LCM-LNE-Cnam 2 , 61 rue du Landy, 93210 La Plaine-Saint Denis, France",[10] 2018 doi:10.1063/1.5043206 Realization of an ultra-high precision temperature control in a cryogen-free cryostat
"Chen, Yanyan",11.5,1,,"Key Laboratory of Cryogenics, Technical Institute of Physics and Chemistry, Chinese Academy of Sciences 1 , Beijing 100190, China",[10] 2018 doi:10.1063/1.5043206 Realization of an ultra-high precision temperature control in a cryogen-free cryostat
"Song, Yaonan",11.5,1,,"Beijing Institute of Petrochemical Technology 3 , Beijing 102617, China",[10] 2018 doi:10.1063/1.5043206 Realization of an ultra-high precision temperature control in a cryogen-free cryostat
"Zhang, Haiyang",11.5,1,,"Key Laboratory of Cryogenics, Technical Institute of Physics and Chemistry, Chinese Academy of Sciences 1 , Beijing 100190, China",[10] 2018 doi:10.1063/1.5043206 Realization of an ultra-high precision temperature control in a cryogen-free cryostat
"Han, Dongxu",11.5,1,,"Beijing Institute of Petrochemical Technology 3 , Beijing 102617, China",[10] 2018 doi:10.1063/1.5043206 Realization of an ultra-high precision temperature control in a cryogen-free cryostat
"Liu, Wenjing",11.5,1,,"Beijing Institute of Petrochemical Technology 3 , Beijing 102617, China",[10] 2018 doi:10.1063/1.5043206 Realization of an ultra-high precision temperature control in a cryogen-free cryostat
"Chen, Hui",11.5,1,,"Xi’an Jiaotong University 4 , Xi’an 710049, China",[10] 2018 doi:10.1063/1.5043206 Realization of an ultra-high precision temperature control in a cryogen-free cryostat
"Luo, Ercang",11.5,1,,"Key Laboratory of Cryogenics, Technical Institute of Physics and Chemistry, Chinese Academy of Sciences 1 , Beijing 100190, China",[10] 2018 doi:10.1063/1.5043206 Realization of an ultra-high precision temperature control in a cryogen-free cryostat
"Pitre, Laurent",11.5,1,,"LCM-LNE-Cnam 2 , 61 rue du Landy, 93210 La Plaine-Saint Denis, France",[10] 2018 doi:10.1063/1.5043206 Realization of an ultra-high precision temperature control in a cryogen-free cryostat
"Mota, F. L.",11.2,1,,"Aix Marseille University, Université de Toulon, CNRS, IM2NP 1 , Marseille, France",[8] 2023 doi:10.1063/5.0150391 Solidification furnace for in situ observation of bulk transparent systems and image analy
"Medjkoune, M.",11.2,1,,"Aix Marseille University, Université de Toulon, CNRS, IM2NP 1 , Marseille, France",[8] 2023 doi:10.1063/5.0150391 Solidification furnace for in situ observation of bulk transparent systems and image analy
"Littles, L. Strutzenberg",11.2,1,,"Marshall Space Flight Center 2 , Alabama, Huntsville 35808, USA",[8] 2023 doi:10.1063/5.0150391 Solidification furnace for in situ observation of bulk transparent systems and image analy
"Karma, A.",11.2,1,,"Department of Physics and Center for Interdisciplinary Research on Complex Systems, Northeastern University 3 , Massachusetts, Boston 02115, USA",[8] 2023 doi:10.1063/5.0150391 Solidification furnace for in situ observation of bulk transparent systems and image analy
"Bergeon, N.",11.2,1,,"Aix Marseille University, Université de Toulon, CNRS, IM2NP 1 , Marseille, France",[8] 2023 doi:10.1063/5.0150391 Solidification furnace for in situ observation of bulk transparent systems and image analy
"Shi, Mingjiang",11.2,1,,"School of Mechatronic Engineering, Southwest Petroleum University 1 , Chengdu 610500, China",[8] 2023 doi:10.1063/5.0122436 Quantification method of tubing defects based on machine learning algorithm and magnetic f
"Ni, Mao",11.2,1,,"School of Mechatronic Engineering, Southwest Petroleum University 1 , Chengdu 610500, China",[8] 2023 doi:10.1063/5.0122436 Quantification method of tubing defects based on machine learning algorithm and magnetic f
"Qin, Liansheng",11.2,1,,"School of Electrical and Information Engineering, Southwest Petroleum University 2 , Chengdu 610500, China",[8] 2023 doi:10.1063/5.0122436 Quantification method of tubing defects based on machine learning algorithm and magnetic f
"Liang, Yanbing",11.2,1,,"School of Mechatronic Engineering, Southwest Petroleum University 1 , Chengdu 610500, China",[8] 2023 doi:10.1063/5.0122436 Quantification method of tubing defects based on machine learning algorithm and magnetic f
"Huang, Zhiqiang",11.2,1,,"School of Mechatronic Engineering, Southwest Petroleum University 1 , Chengdu 610500, China",[8] 2023 doi:10.1063/5.0122436 Quantification method of tubing defects based on machine learning algorithm and magnetic f
"Bowen, Michael S.",11.2,1,,"School of Mechanical, Industrial, and Manufacturing Engineering 1 , Oregon State University, 2000 NW Monroe Ave., Corvallis, Oregon 97331, USA",[8] 2023 doi:10.1063/5.0160938 Application of the van der Pauw method for electrical conductivity measurements at high te
"Cann, David P.",11.2,1,,"School of Mechanical, Industrial, and Manufacturing Engineering 1 , Oregon State University, 2000 NW Monroe Ave., Corvallis, Oregon 97331, USA",[8] 2023 doi:10.1063/5.0160938 Application of the van der Pauw method for electrical conductivity measurements at high te
"Woodside, C. Rigel",11.2,1,,"National Energy Technology Laboratory 2 , 1450 SW Queen Ave., Albany, Oregon 97321, USA | School of Mechanical, Industrial, and Manufacturing Engineering 1 , Oregon State University, 2000 NW Monroe Av",[8] 2023 doi:10.1063/5.0160938 Application of the van der Pauw method for electrical conductivity measurements at high te
"Kawaguchi, S.",11.2,1,,"Japan Synchrotron Radiation Research Institute , Sayo, Hyogo, Japan",[8] 2023 doi:10.1063/5.0150091 In situ high temperature powder x-ray diffraction technique using a sapphire single-crysta
"Yamada, H.",11.2,1,,"Japan Synchrotron Radiation Research Institute , Sayo, Hyogo, Japan",[8] 2023 doi:10.1063/5.0150091 In situ high temperature powder x-ray diffraction technique using a sapphire single-crysta
"Javor, Josh",11.2,1,,"Mechanical Engineering Department, Boston University 1 , Boston, Massachusetts 02215, USA",[8] 2023 doi:10.1063/5.0125097 Modal engineering of electromagnetic circuits to achieve rapid settling times
"Yao, Zhancheng",11.2,1,,"Division of Material Science and Engineering, Boston University 2 , Boston, Massachusetts 02215, USA",[8] 2023 doi:10.1063/5.0125097 Modal engineering of electromagnetic circuits to achieve rapid settling times
"Barrett, Lawrence",11.2,1,,"Division of Material Science and Engineering, Boston University 2 , Boston, Massachusetts 02215, USA",[8] 2023 doi:10.1063/5.0125097 Modal engineering of electromagnetic circuits to achieve rapid settling times
"Imboden, Matthias",11.2,1,,"STI-IMT LMTS, École Polytechnique Fédérale de Lausanne 3 , Neuchâtel 2000, Switzerland",[8] 2023 doi:10.1063/5.0125097 Modal engineering of electromagnetic circuits to achieve rapid settling times
"Apte, Sohm",11.2,1,,"Department of Physics, University of Texas 4 , Austin, Texas 78712, USA",[8] 2023 doi:10.1063/5.0125097 Modal engineering of electromagnetic circuits to achieve rapid settling times
"Giannetta, Russel W.",11.2,1,,"Department of Physics, University of Illonois 5 , Champaign, Illonois 61820, USA",[8] 2023 doi:10.1063/5.0125097 Modal engineering of electromagnetic circuits to achieve rapid settling times
"Campbell, David K.",11.2,1,,"Department of Physics, Boston University 6 , Boston, Massachusetts 02215, USA",[8] 2023 doi:10.1063/5.0125097 Modal engineering of electromagnetic circuits to achieve rapid settling times
"Bishop, David J.",11.2,1,,"Department of Biomedical Engineering, Boston University 8 , Boston, Massachusetts 02215, USA | Department of Electrical and Computer Engineering, Boston University 7 , Boston, Massachusetts 02215, USA",[8] 2023 doi:10.1063/5.0125097 Modal engineering of electromagnetic circuits to achieve rapid settling times
"Chen, XiaoHui",11.2,1,,"National Key Laboratory of Shock Wave and Detonation Physics 1 , Mianyang 621900, Sichuan, China | United Laboratory of High-Pressure Physics and Earthquake Science 2 , Mianyang 621900, Sichuan, China",[8] 2023 doi:10.1063/5.0172530 Time-resolved Raman spectroscopy for monitoring the structural evolution of materials duri
"Zhang, Yi",11.2,1,,"National Key Laboratory of Shock Wave and Detonation Physics 1 , Mianyang 621900, Sichuan, China",[8] 2023 doi:10.1063/5.0172530 Time-resolved Raman spectroscopy for monitoring the structural evolution of materials duri
"Ye, Shijia",11.2,1,,"National Key Laboratory of Shock Wave and Detonation Physics 1 , Mianyang 621900, Sichuan, China",[8] 2023 doi:10.1063/5.0172530 Time-resolved Raman spectroscopy for monitoring the structural evolution of materials duri
"Li, Shourui",11.2,1,,"National Key Laboratory of Shock Wave and Detonation Physics 1 , Mianyang 621900, Sichuan, China",[8] 2023 doi:10.1063/5.0172530 Time-resolved Raman spectroscopy for monitoring the structural evolution of materials duri
"Liu, Lei",11.2,1,,"National Key Laboratory of Shock Wave and Detonation Physics 1 , Mianyang 621900, Sichuan, China",[8] 2023 doi:10.1063/5.0172530 Time-resolved Raman spectroscopy for monitoring the structural evolution of materials duri
"Jing, Qiuming",11.2,1,,"National Key Laboratory of Shock Wave and Detonation Physics 1 , Mianyang 621900, Sichuan, China",[8] 2023 doi:10.1063/5.0172530 Time-resolved Raman spectroscopy for monitoring the structural evolution of materials duri
"Gao, Junjie",11.2,1,,"National Key Laboratory of Shock Wave and Detonation Physics 1 , Mianyang 621900, Sichuan, China",[8] 2023 doi:10.1063/5.0172530 Time-resolved Raman spectroscopy for monitoring the structural evolution of materials duri
"Kulevoy, Timur V.",11.0,1,,"National Research Nuclear University MEPhI (Moscow Engineering Physics Institute) 2 , Moscow, Russia | State Scientific Center of the Russian Federation 1 , Institute for Theoretical and Experimental ",[11] 2015 doi:10.1063/1.4932386 Surface modification of ferritic steels using MEVVA and duoplasmatron ion sources
"Chalyhk, Boris B.",11.0,1,,"State Scientific Center of the Russian Federation 1 , Institute for Theoretical and Experimental Physics of National Research Centre “Kurchatov Institute,” Moscow, Russia",[11] 2015 doi:10.1063/1.4932386 Surface modification of ferritic steels using MEVVA and duoplasmatron ion sources
"Fedin, Petr A.",11.0,1,,"State Scientific Center of the Russian Federation 1 , Institute for Theoretical and Experimental Physics of National Research Centre “Kurchatov Institute,” Moscow, Russia",[11] 2015 doi:10.1063/1.4932386 Surface modification of ferritic steels using MEVVA and duoplasmatron ion sources
"Sitnikov, Alexey L.",11.0,1,,"State Scientific Center of the Russian Federation 1 , Institute for Theoretical and Experimental Physics of National Research Centre “Kurchatov Institute,” Moscow, Russia",[11] 2015 doi:10.1063/1.4932386 Surface modification of ferritic steels using MEVVA and duoplasmatron ion sources
"Kozlov, Alexander V.",11.0,1,,"State Scientific Center of the Russian Federation 1 , Institute for Theoretical and Experimental Physics of National Research Centre “Kurchatov Institute,” Moscow, Russia",[11] 2015 doi:10.1063/1.4932386 Surface modification of ferritic steels using MEVVA and duoplasmatron ion sources
"Kuibeda, Rostislav P.",11.0,1,,"State Scientific Center of the Russian Federation 1 , Institute for Theoretical and Experimental Physics of National Research Centre “Kurchatov Institute,” Moscow, Russia",[11] 2015 doi:10.1063/1.4932386 Surface modification of ferritic steels using MEVVA and duoplasmatron ion sources
"Andrianov, Stanislav L.",11.0,1,,"State Scientific Center of the Russian Federation 1 , Institute for Theoretical and Experimental Physics of National Research Centre “Kurchatov Institute,” Moscow, Russia",[11] 2015 doi:10.1063/1.4932386 Surface modification of ferritic steels using MEVVA and duoplasmatron ion sources
"Orlov, Nikolay N.",11.0,1,,"National Research Nuclear University MEPhI (Moscow Engineering Physics Institute) 2 , Moscow, Russia | State Scientific Center of the Russian Federation 1 , Institute for Theoretical and Experimental ",[11] 2015 doi:10.1063/1.4932386 Surface modification of ferritic steels using MEVVA and duoplasmatron ion sources
"Kravchuk, Konstantin S.",11.0,1,,"Technological Institute for Superhard and Novel Carbon Materials 3 , Moscow, Russia",[11] 2015 doi:10.1063/1.4932386 Surface modification of ferritic steels using MEVVA and duoplasmatron ion sources
"Rogozhkin, Sergey V.",11.0,1,,"National Research Nuclear University MEPhI (Moscow Engineering Physics Institute) 2 , Moscow, Russia | State Scientific Center of the Russian Federation 1 , Institute for Theoretical and Experimental ",[11] 2015 doi:10.1063/1.4932386 Surface modification of ferritic steels using MEVVA and duoplasmatron ion sources
"Useinov, Alexey S.",11.0,1,,"Technological Institute for Superhard and Novel Carbon Materials 3 , Moscow, Russia",[11] 2015 doi:10.1063/1.4932386 Surface modification of ferritic steels using MEVVA and duoplasmatron ion sources
"Oks, Efim M.",11.0,1,,"Institute of High Current Electronics SB RAS 4 , Tomsk, Russia | Tomsk State University of Control System and Radioelectronics 5 , Tomsk, Russia",[11] 2015 doi:10.1063/1.4932386 Surface modification of ferritic steels using MEVVA and duoplasmatron ion sources
"Bogachev, Alexey A.",11.0,1,,"National Research Nuclear University MEPhI (Moscow Engineering Physics Institute) 2 , Moscow, Russia | State Scientific Center of the Russian Federation 1 , Institute for Theoretical and Experimental ",[11] 2015 doi:10.1063/1.4932386 Surface modification of ferritic steels using MEVVA and duoplasmatron ion sources
"Nikitin, Alexander A.",11.0,1,,"National Research Nuclear University MEPhI (Moscow Engineering Physics Institute) 2 , Moscow, Russia | State Scientific Center of the Russian Federation 1 , Institute for Theoretical and Experimental ",[11] 2015 doi:10.1063/1.4932386 Surface modification of ferritic steels using MEVVA and duoplasmatron ion sources
"Iskandarov, Nasib A.",11.0,1,,"National Research Nuclear University MEPhI (Moscow Engineering Physics Institute) 2 , Moscow, Russia | State Scientific Center of the Russian Federation 1 , Institute for Theoretical and Experimental ",[11] 2015 doi:10.1063/1.4932386 Surface modification of ferritic steels using MEVVA and duoplasmatron ion sources
"Golubev, Alexander A.",11.0,1,,"National Research Nuclear University MEPhI (Moscow Engineering Physics Institute) 2 , Moscow, Russia | State Scientific Center of the Russian Federation 1 , Institute for Theoretical and Experimental ",[11] 2015 doi:10.1063/1.4932386 Surface modification of ferritic steels using MEVVA and duoplasmatron ion sources
"Franz, Johannes",11.0,1,,"Max Planck Institute for Polymer Research 1 Molecular Spectroscopy Department, , Mainz 55128, Germany",[10] 2017 doi:10.1063/1.4982050 A trough for improved SFG spectroscopy of lipid monolayers
"van Zadel, Marc-Jan",11.0,1,,"Max Planck Institute for Polymer Research 1 Molecular Spectroscopy Department, , Mainz 55128, Germany",[10] 2017 doi:10.1063/1.4982050 A trough for improved SFG spectroscopy of lipid monolayers
"Weidner, Tobias",11.0,1,,"Aarhus University 2 Department of Chemistry, , 8000 Aarhus C, Denmark | Max Planck Institute for Polymer Research 1 Molecular Spectroscopy Department, , Mainz 55128, Germany",[10] 2017 doi:10.1063/1.4982050 A trough for improved SFG spectroscopy of lipid monolayers
"Jin, H.",11.0,1,,"The University of Edinburgh 1 School of Engineering and Centre for Science at Extreme Conditions, , Edinburgh EH9 3FD, United Kingdom",[10] 2017 doi:10.1063/1.4977486 A novel diamond anvil cell for x-ray diffraction at cryogenic temperatures manufactured by
"Woodall, C. H.",11.0,1,,"The University of Edinburgh 1 School of Engineering and Centre for Science at Extreme Conditions, , Edinburgh EH9 3FD, United Kingdom",[10] 2017 doi:10.1063/1.4977486 A novel diamond anvil cell for x-ray diffraction at cryogenic temperatures manufactured by
"Wang, X.",11.0,1,,"The University of Edinburgh 1 School of Engineering and Centre for Science at Extreme Conditions, , Edinburgh EH9 3FD, United Kingdom",[10] 2017 doi:10.1063/1.4977486 A novel diamond anvil cell for x-ray diffraction at cryogenic temperatures manufactured by
"Parsons, S.",11.0,1,,"The University of Edinburgh 2 School of Chemistry and Centre for Science at Extreme Conditions, , Edinburgh EH9 3FJ, United Kingdom",[10] 2017 doi:10.1063/1.4977486 A novel diamond anvil cell for x-ray diffraction at cryogenic temperatures manufactured by
"Kamenev, K. V.",11.0,1,,"The University of Edinburgh 1 School of Engineering and Centre for Science at Extreme Conditions, , Edinburgh EH9 3FD, United Kingdom",[10] 2017 doi:10.1063/1.4977486 A novel diamond anvil cell for x-ray diffraction at cryogenic temperatures manufactured by
"Koroglu, Batikan",11.0,1,,"Physical and Life Sciences Directorate, Lawrence Livermore National Laboratory 1 , Livermore, California 94550, USA",[10] 2017 doi:10.1063/1.5001346 Plasma flow reactor for steady state monitoring of physical and chemical processes at high
"Mehl, Marco",11.0,1,,"Physical and Life Sciences Directorate, Lawrence Livermore National Laboratory 1 , Livermore, California 94550, USA",[10] 2017 doi:10.1063/1.5001346 Plasma flow reactor for steady state monitoring of physical and chemical processes at high
"Armstrong, Michael R.",11.0,1,,"Physical and Life Sciences Directorate, Lawrence Livermore National Laboratory 1 , Livermore, California 94550, USA",[10] 2017 doi:10.1063/1.5001346 Plasma flow reactor for steady state monitoring of physical and chemical processes at high
"Crowhurst, Jonathan C.",11.0,1,,"Physical and Life Sciences Directorate, Lawrence Livermore National Laboratory 1 , Livermore, California 94550, USA",[10] 2017 doi:10.1063/1.5001346 Plasma flow reactor for steady state monitoring of physical and chemical processes at high
"Weisz, David G.",11.0,1,,"Physical and Life Sciences Directorate, Lawrence Livermore National Laboratory 1 , Livermore, California 94550, USA",[10] 2017 doi:10.1063/1.5001346 Plasma flow reactor for steady state monitoring of physical and chemical processes at high
"Zaug, Joseph M.",11.0,1,,"Physical and Life Sciences Directorate, Lawrence Livermore National Laboratory 1 , Livermore, California 94550, USA",[10] 2017 doi:10.1063/1.5001346 Plasma flow reactor for steady state monitoring of physical and chemical processes at high
"Dai, Zurong",11.0,1,,"Physical and Life Sciences Directorate, Lawrence Livermore National Laboratory 1 , Livermore, California 94550, USA",[10] 2017 doi:10.1063/1.5001346 Plasma flow reactor for steady state monitoring of physical and chemical processes at high
"Radousky, Harry B.",11.0,1,,"Physical and Life Sciences Directorate, Lawrence Livermore National Laboratory 1 , Livermore, California 94550, USA",[10] 2017 doi:10.1063/1.5001346 Plasma flow reactor for steady state monitoring of physical and chemical processes at high
"Chernov, Alex",11.0,1,,"Physical and Life Sciences Directorate, Lawrence Livermore National Laboratory 1 , Livermore, California 94550, USA",[10] 2017 doi:10.1063/1.5001346 Plasma flow reactor for steady state monitoring of physical and chemical processes at high
"Ramon, Erick",11.0,1,,"Physical and Life Sciences Directorate, Lawrence Livermore National Laboratory 1 , Livermore, California 94550, USA",[10] 2017 doi:10.1063/1.5001346 Plasma flow reactor for steady state monitoring of physical and chemical processes at high
"Stavrou, Elissaios",11.0,1,,"Physical and Life Sciences Directorate, Lawrence Livermore National Laboratory 1 , Livermore, California 94550, USA",[10] 2017 doi:10.1063/1.5001346 Plasma flow reactor for steady state monitoring of physical and chemical processes at high
"Knight, Kim",11.0,1,,"Physical and Life Sciences Directorate, Lawrence Livermore National Laboratory 1 , Livermore, California 94550, USA",[10] 2017 doi:10.1063/1.5001346 Plasma flow reactor for steady state monitoring of physical and chemical processes at high
"Fabris, Andrea L.",11.0,1,,"Department of Mechanical Engineering, Stanford University 2 , Stanford, California 94305, USA",[10] 2017 doi:10.1063/1.5001346 Plasma flow reactor for steady state monitoring of physical and chemical processes at high
"Cappelli, Mark A.",11.0,1,,"Department of Mechanical Engineering, Stanford University 2 , Stanford, California 94305, USA",[10] 2017 doi:10.1063/1.5001346 Plasma flow reactor for steady state monitoring of physical and chemical processes at high
"Rose, Timothy P.",11.0,1,,"Physical and Life Sciences Directorate, Lawrence Livermore National Laboratory 1 , Livermore, California 94550, USA",[10] 2017 doi:10.1063/1.5001346 Plasma flow reactor for steady state monitoring of physical and chemical processes at high
"Dukic, Maja",11.0,1,,"Laboratory for Bio- and Nano-Instrumentation, School of Engineering, Ecole Polytechnique Federale de Lausanne 1 , Lausanne 1015, Switzerland",[10] 2017 doi:10.1063/1.5010181 Digitally controlled analog proportional-integral-derivative (PID) controller for high-spe
"Todorov, Vencislav",11.0,1,,"Techproject EMC GmbH 2 , Vienna 1230, Austria",[10] 2017 doi:10.1063/1.5010181 Digitally controlled analog proportional-integral-derivative (PID) controller for high-spe
"Andany, Santiago",11.0,1,,"Laboratory for Bio- and Nano-Instrumentation, School of Engineering, Ecole Polytechnique Federale de Lausanne 1 , Lausanne 1015, Switzerland",[10] 2017 doi:10.1063/1.5010181 Digitally controlled analog proportional-integral-derivative (PID) controller for high-spe
"Nievergelt, Adrian P.",11.0,1,,"Laboratory for Bio- and Nano-Instrumentation, School of Engineering, Ecole Polytechnique Federale de Lausanne 1 , Lausanne 1015, Switzerland",[10] 2017 doi:10.1063/1.5010181 Digitally controlled analog proportional-integral-derivative (PID) controller for high-spe
"Yang, Chen",11.0,1,,"Laboratory for Bio- and Nano-Instrumentation, School of Engineering, Ecole Polytechnique Federale de Lausanne 1 , Lausanne 1015, Switzerland",[10] 2017 doi:10.1063/1.5010181 Digitally controlled analog proportional-integral-derivative (PID) controller for high-spe
"Hosseini, Nahid",11.0,1,,"Laboratory for Bio- and Nano-Instrumentation, School of Engineering, Ecole Polytechnique Federale de Lausanne 1 , Lausanne 1015, Switzerland",[10] 2017 doi:10.1063/1.5010181 Digitally controlled analog proportional-integral-derivative (PID) controller for high-spe
"Fantner, Georg E.",11.0,1,,"Laboratory for Bio- and Nano-Instrumentation, School of Engineering, Ecole Polytechnique Federale de Lausanne 1 , Lausanne 1015, Switzerland",[10] 2017 doi:10.1063/1.5010181 Digitally controlled analog proportional-integral-derivative (PID) controller for high-spe
"Sun, Yiming",10.8,1,,"Shanghai Frontier Science Center for Gravitational Wave Detection, School of Mechanical Engineering, Shanghai Jiao Tong University 1 , Shanghai 200240, People’s Republic of China",[8] 2022 doi:10.1063/5.0124438 Fabrication of tungsten tips with controllable shape by a two-step rapid reciprocating ele
"Deng, Hanwen",10.8,1,,"Shanghai Frontier Science Center for Gravitational Wave Detection, School of Mechanical Engineering, Shanghai Jiao Tong University 1 , Shanghai 200240, People’s Republic of China",[8] 2022 doi:10.1063/5.0124438 Fabrication of tungsten tips with controllable shape by a two-step rapid reciprocating ele
"Liu, Xinyu",10.8,1,,"Innovation Academy for Microsatellites, Chinese Academy of Sciences 2 , Shanghai 201210, People’s Republic of China | Shanghai Frontier Science Center for Gravitational Wave Detection, School of Mecha",[8] 2022 doi:10.1063/5.0124438 Fabrication of tungsten tips with controllable shape by a two-step rapid reciprocating ele
"Kang, Xiaoming",10.8,1,,"Shanghai Frontier Science Center for Gravitational Wave Detection, School of Mechanical Engineering, Shanghai Jiao Tong University 1 , Shanghai 200240, People’s Republic of China",[8] 2022 doi:10.1063/5.0124438 Fabrication of tungsten tips with controllable shape by a two-step rapid reciprocating ele
"Wang, Yutao",10.8,1,,"The State Key Laboratory of Fluid Power and Mechatronic Systems, School of Mechanical Engineering, Zhejiang University , Hangzhou 310027, China",[8] 2022 doi:10.1063/5.0076677 3D printing of multi-metallic microstructures by meniscus-confined electrodeposition
"Xiong, Xin",10.8,1,,"The State Key Laboratory of Fluid Power and Mechatronic Systems, School of Mechanical Engineering, Zhejiang University , Hangzhou 310027, China",[8] 2022 doi:10.1063/5.0076677 3D printing of multi-metallic microstructures by meniscus-confined electrodeposition
"Ju, Bing-Feng",10.8,1,,"The State Key Laboratory of Fluid Power and Mechatronic Systems, School of Mechanical Engineering, Zhejiang University , Hangzhou 310027, China",[8] 2022 doi:10.1063/5.0076677 3D printing of multi-metallic microstructures by meniscus-confined electrodeposition
"Chen, Yuan-Liu",10.8,1,,"The State Key Laboratory of Fluid Power and Mechatronic Systems, School of Mechanical Engineering, Zhejiang University , Hangzhou 310027, China",[8] 2022 doi:10.1063/5.0076677 3D printing of multi-metallic microstructures by meniscus-confined electrodeposition
"Schroer, Martin A.",10.8,1,,"Nanoparticle Process Technology (NPPT), Faculty of Engineering and CENIDE, University of Duisburg-Essen , Lotharstr. 1, 47057 Duisburg, Germany",[8] 2022 doi:10.1063/5.0122461 A versatile chemical vapor synthesis reactor for in situ x-ray scattering and spectroscopy
"Levish, Alexander",10.8,1,,"Nanoparticle Process Technology (NPPT), Faculty of Engineering and CENIDE, University of Duisburg-Essen , Lotharstr. 1, 47057 Duisburg, Germany",[8] 2022 doi:10.1063/5.0122461 A versatile chemical vapor synthesis reactor for in situ x-ray scattering and spectroscopy
"Yildizlar, Yasin",10.8,1,,"Nanoparticle Process Technology (NPPT), Faculty of Engineering and CENIDE, University of Duisburg-Essen , Lotharstr. 1, 47057 Duisburg, Germany",[8] 2022 doi:10.1063/5.0122461 A versatile chemical vapor synthesis reactor for in situ x-ray scattering and spectroscopy
"Stepponat, Maximilian",10.8,1,,"Nanoparticle Process Technology (NPPT), Faculty of Engineering and CENIDE, University of Duisburg-Essen , Lotharstr. 1, 47057 Duisburg, Germany",[8] 2022 doi:10.1063/5.0122461 A versatile chemical vapor synthesis reactor for in situ x-ray scattering and spectroscopy
"Winterer, Markus",10.8,1,,"Nanoparticle Process Technology (NPPT), Faculty of Engineering and CENIDE, University of Duisburg-Essen , Lotharstr. 1, 47057 Duisburg, Germany",[8] 2022 doi:10.1063/5.0122461 A versatile chemical vapor synthesis reactor for in situ x-ray scattering and spectroscopy
"Bramble, Michael S.",10.8,1,,"Department of Earth, Environmental, and Planetary Sciences, Brown University 1 , Providence, Rhode Island 02912, USA",[9] 2019 doi:10.1063/1.5096363 Radiometric calibration of thermal emission data from the Asteroid and Lunar Environment C
"Yang, Yazhou",10.8,1,,"Department of Earth, Environmental, and Planetary Sciences, Brown University 1 , Providence, Rhode Island 02912, USA | Planetary Science Institute, School of Earth Sciences, China University of Geosci",[9] 2019 doi:10.1063/1.5096363 Radiometric calibration of thermal emission data from the Asteroid and Lunar Environment C
"Patterson, William R.",10.8,1,,"School of Engineering, Brown University 3 , Providence, Rhode Island 02912, USA",[9] 2019 doi:10.1063/1.5096363 Radiometric calibration of thermal emission data from the Asteroid and Lunar Environment C
"Milliken, Ralph E.",10.8,1,,"Department of Earth, Environmental, and Planetary Sciences, Brown University 1 , Providence, Rhode Island 02912, USA",[9] 2019 doi:10.1063/1.5096363 Radiometric calibration of thermal emission data from the Asteroid and Lunar Environment C
"Mustard, John F.",10.8,1,,"Department of Earth, Environmental, and Planetary Sciences, Brown University 1 , Providence, Rhode Island 02912, USA",[9] 2019 doi:10.1063/1.5096363 Radiometric calibration of thermal emission data from the Asteroid and Lunar Environment C
"Donaldson Hanna, Kerri L.",10.8,1,,"Atmospheric, Oceanic, and Planetary Physics, University of Oxford 4 , Oxford OX1 3PU, United Kingdom | Department of Physics, University of Central Florida 5 , Orlando, Florida 32816, USA",[9] 2019 doi:10.1063/1.5096363 Radiometric calibration of thermal emission data from the Asteroid and Lunar Environment C
"Yu, X. J.",10.8,1,,"Singapore Synchrotron Light Source, National University of Singapore 1 , 5 Research Link, Singapore 117603, Singapore",[9] 2019 doi:10.1063/1.5096007 A scripting LabVIEW based program for experiment automation in synchrotron radiation appli
"Chi, X.",10.8,1,,"Department of Physics, National University of Singapore 2 , Singapore 117542, Singapore | Singapore Synchrotron Light Source, National University of Singapore 1 , 5 Research Link, Singapore 117603, Si",[9] 2019 doi:10.1063/1.5096007 A scripting LabVIEW based program for experiment automation in synchrotron radiation appli
"Wee, A. T. S.",10.8,1,,"Department of Physics, National University of Singapore 2 , Singapore 117542, Singapore",[9] 2019 doi:10.1063/1.5096007 A scripting LabVIEW based program for experiment automation in synchrotron radiation appli
"Rusydi, A.",10.8,1,,"Department of Physics, National University of Singapore 2 , Singapore 117542, Singapore | NUSSNI-NanoCore, National University of Singapore 3 , Singapore 117576, Singapore | National University of Sin",[9] 2019 doi:10.1063/1.5096007 A scripting LabVIEW based program for experiment automation in synchrotron radiation appli
"Breese, M. B. H.",10.8,1,,"Department of Physics, National University of Singapore 2 , Singapore 117542, Singapore | Singapore Synchrotron Light Source, National University of Singapore 1 , 5 Research Link, Singapore 117603, Si",[9] 2019 doi:10.1063/1.5096007 A scripting LabVIEW based program for experiment automation in synchrotron radiation appli
"Yuan, W. H.",10.8,1,,"MOE Key Laboratory of Fundamental Physical Quantities Measurement, Hubei Key Laboratory of Gravitation and Quantum Physics, PGMF and School of Physics, Huazhong University of Science and Technology , ",[9] 2019 doi:10.1063/1.5121568 A simple method for in situ measurement of vacuum window birefringence
"Liu, H. L.",10.8,1,,"MOE Key Laboratory of Fundamental Physical Quantities Measurement, Hubei Key Laboratory of Gravitation and Quantum Physics, PGMF and School of Physics, Huazhong University of Science and Technology , ",[9] 2019 doi:10.1063/1.5121568 A simple method for in situ measurement of vacuum window birefringence
"Wei, W. Z.",10.8,1,,"MOE Key Laboratory of Fundamental Physical Quantities Measurement, Hubei Key Laboratory of Gravitation and Quantum Physics, PGMF and School of Physics, Huazhong University of Science and Technology , ",[9] 2019 doi:10.1063/1.5121568 A simple method for in situ measurement of vacuum window birefringence
"Ma, Z. Y.",10.8,1,,"MOE Key Laboratory of Fundamental Physical Quantities Measurement, Hubei Key Laboratory of Gravitation and Quantum Physics, PGMF and School of Physics, Huazhong University of Science and Technology , ",[9] 2019 doi:10.1063/1.5121568 A simple method for in situ measurement of vacuum window birefringence
"Hao, P.",10.8,1,,"MOE Key Laboratory of Fundamental Physical Quantities Measurement, Hubei Key Laboratory of Gravitation and Quantum Physics, PGMF and School of Physics, Huazhong University of Science and Technology , ",[9] 2019 doi:10.1063/1.5121568 A simple method for in situ measurement of vacuum window birefringence
"Deng, Z.",10.8,1,,"MOE Key Laboratory of Fundamental Physical Quantities Measurement, Hubei Key Laboratory of Gravitation and Quantum Physics, PGMF and School of Physics, Huazhong University of Science and Technology , ",[9] 2019 doi:10.1063/1.5121568 A simple method for in situ measurement of vacuum window birefringence
"McCormack, Scott J.",10.8,1,,"Department of Materials Science and Engineering, University of Illinois at Urbana-Champaign 1 , Urbana, Illinois 61801, USA",[9] 2019 doi:10.1063/1.5055738 Temperature gradients for thermophysical and thermochemical property measurements to 3000 
"Tamalonis, Anthony",10.8,1,,"Materials Development, Inc. 2 , Evanston, Illinois 60202, USA",[9] 2019 doi:10.1063/1.5055738 Temperature gradients for thermophysical and thermochemical property measurements to 3000 
"Weber, Richard J. K.",10.8,1,YES,"Advanced Photon Source, Argonne National Laboratory 3 , Lemont, Illinois 60439, USA | Materials Development, Inc. 2 , Evanston, Illinois 60202, USA",[9] 2019 doi:10.1063/1.5055738 Temperature gradients for thermophysical and thermochemical property measurements to 3000 
"Kriven, Waltraud M.",10.8,1,,"Department of Materials Science and Engineering, University of Illinois at Urbana-Champaign 1 , Urbana, Illinois 61801, USA",[9] 2019 doi:10.1063/1.5055738 Temperature gradients for thermophysical and thermochemical property measurements to 3000 
"Zhang, Q.",10.5,1,,"Beijing Institute of Technology 2 School of Aerospace Engineering, , Beijing 100081, China | Tsinghua University 1 AML, School of Aerospace Engineering, , Beijing 100084, China",[10] 2016 doi:10.1063/1.4971876 Fabrication of thermal-resistant gratings for high-temperature measurements using geometri
"Liu, Z.",10.5,1,,"Beijing Institute of Technology 2 School of Aerospace Engineering, , Beijing 100081, China",[10] 2016 doi:10.1063/1.4971876 Fabrication of thermal-resistant gratings for high-temperature measurements using geometri
"Xie, H.",10.5,1,,"Tsinghua University 1 AML, School of Aerospace Engineering, , Beijing 100084, China",[10] 2016 doi:10.1063/1.4971876 Fabrication of thermal-resistant gratings for high-temperature measurements using geometri
"Ma, K.",10.5,1,,"Tsinghua University 1 AML, School of Aerospace Engineering, , Beijing 100084, China",[10] 2016 doi:10.1063/1.4971876 Fabrication of thermal-resistant gratings for high-temperature measurements using geometri
"Wu, L.",10.5,1,,"Tsinghua University 1 AML, School of Aerospace Engineering, , Beijing 100084, China",[10] 2016 doi:10.1063/1.4971876 Fabrication of thermal-resistant gratings for high-temperature measurements using geometri
"Crespillo, M. L.",10.5,1,,"University of Tennessee 1 Department of Materials Science and Engineering, , Knoxville, Tennessee 37996, USA",[10] 2016 doi:10.1063/1.4941720 Temperature measurements during high flux ion beam irradiations
"Graham, J. T.",10.5,1,,"Missouri University of Science and Technology 2 Department of Mining and Nuclear Engineering, , Rolla, Missouri 65409, USA | University of Tennessee 1 Department of Materials Science and Engineering, ",[10] 2016 doi:10.1063/1.4941720 Temperature measurements during high flux ion beam irradiations
"Zhang, Y.",10.5,1,,"Oak Ridge National Laboratory 3 Materials Science and Technology Division, , Oak Ridge, Tennessee 37831, USA | University of Tennessee 1 Department of Materials Science and Engineering, , Knoxville, T",[10] 2016 doi:10.1063/1.4941720 Temperature measurements during high flux ion beam irradiations
"Weber, W. J.",10.5,1,YES,"Oak Ridge National Laboratory 3 Materials Science and Technology Division, , Oak Ridge, Tennessee 37831, USA | University of Tennessee 1 Department of Materials Science and Engineering, , Knoxville, T",[10] 2016 doi:10.1063/1.4941720 Temperature measurements during high flux ion beam irradiations
"Moore, A. S.",10.5,1,,"Lawrence Livermore National Laboratory 1 , P.O. Box 808, Livermore, California 94551-0808, USA",[10] 2016 doi:10.1063/1.4960160 Two-color spatial and temporal temperature measurements using a streaked soft x-ray imager
"Benstead, J.",10.5,1,,"Directorate Science and Technology 2 , AWE Aldermaston, Reading RG7 4PR, United Kingdom",[10] 2016 doi:10.1063/1.4960160 Two-color spatial and temporal temperature measurements using a streaked soft x-ray imager
"Ahmed, M. F.",10.5,1,,"Lawrence Livermore National Laboratory 1 , P.O. Box 808, Livermore, California 94551-0808, USA",[10] 2016 doi:10.1063/1.4960160 Two-color spatial and temporal temperature measurements using a streaked soft x-ray imager
"Morton, J.",10.5,1,,"Directorate Science and Technology 2 , AWE Aldermaston, Reading RG7 4PR, United Kingdom",[10] 2016 doi:10.1063/1.4960160 Two-color spatial and temporal temperature measurements using a streaked soft x-ray imager
"Guymer, T. M.",10.5,1,,"Directorate Science and Technology 2 , AWE Aldermaston, Reading RG7 4PR, United Kingdom",[10] 2016 doi:10.1063/1.4960160 Two-color spatial and temporal temperature measurements using a streaked soft x-ray imager
"Soufli, R.",10.5,1,,"Lawrence Livermore National Laboratory 1 , P.O. Box 808, Livermore, California 94551-0808, USA",[10] 2016 doi:10.1063/1.4960160 Two-color spatial and temporal temperature measurements using a streaked soft x-ray imager
"Pardini, T.",10.5,1,,"Lawrence Livermore National Laboratory 1 , P.O. Box 808, Livermore, California 94551-0808, USA",[10] 2016 doi:10.1063/1.4960160 Two-color spatial and temporal temperature measurements using a streaked soft x-ray imager
"Hibbard, R. L.",10.5,1,,"Lawrence Livermore National Laboratory 1 , P.O. Box 808, Livermore, California 94551-0808, USA",[10] 2016 doi:10.1063/1.4960160 Two-color spatial and temporal temperature measurements using a streaked soft x-ray imager
"Bailey, C. G.",10.5,1,,"Lawrence Livermore National Laboratory 1 , P.O. Box 808, Livermore, California 94551-0808, USA",[10] 2016 doi:10.1063/1.4960160 Two-color spatial and temporal temperature measurements using a streaked soft x-ray imager
"Bell, P. M.",10.5,1,,"Lawrence Livermore National Laboratory 1 , P.O. Box 808, Livermore, California 94551-0808, USA",[10] 2016 doi:10.1063/1.4960160 Two-color spatial and temporal temperature measurements using a streaked soft x-ray imager
"Hau-Riege, S.",10.5,1,,"Lawrence Livermore National Laboratory 1 , P.O. Box 808, Livermore, California 94551-0808, USA",[10] 2016 doi:10.1063/1.4960160 Two-color spatial and temporal temperature measurements using a streaked soft x-ray imager
"Bedzyk, M.",10.5,1,,"University of Rochester 3 Laboratory for Laser Energetics, , Rochester, New York 14623, USA",[10] 2016 doi:10.1063/1.4960160 Two-color spatial and temporal temperature measurements using a streaked soft x-ray imager
"Shoup, M. J.",10.5,1,,"University of Rochester 3 Laboratory for Laser Energetics, , Rochester, New York 14623, USA",[10] 2016 doi:10.1063/1.4960160 Two-color spatial and temporal temperature measurements using a streaked soft x-ray imager
"Regan, S. P.",10.5,1,,"University of Rochester 3 Laboratory for Laser Energetics, , Rochester, New York 14623, USA",[10] 2016 doi:10.1063/1.4960160 Two-color spatial and temporal temperature measurements using a streaked soft x-ray imager
"Agliata, T.",10.5,1,,"University of Rochester 3 Laboratory for Laser Energetics, , Rochester, New York 14623, USA",[10] 2016 doi:10.1063/1.4960160 Two-color spatial and temporal temperature measurements using a streaked soft x-ray imager
"Jungquist, R.",10.5,1,,"University of Rochester 3 Laboratory for Laser Energetics, , Rochester, New York 14623, USA",[10] 2016 doi:10.1063/1.4960160 Two-color spatial and temporal temperature measurements using a streaked soft x-ray imager
"Schmidt, D. W.",10.5,1,,"Los Alamos National Laboratory 4 , Los Alamos, New Mexico 87545, USA",[10] 2016 doi:10.1063/1.4960160 Two-color spatial and temporal temperature measurements using a streaked soft x-ray imager
"Kot, L. B.",10.5,1,,"Los Alamos National Laboratory 4 , Los Alamos, New Mexico 87545, USA",[10] 2016 doi:10.1063/1.4960160 Two-color spatial and temporal temperature measurements using a streaked soft x-ray imager
"Garbett, W. J.",10.5,1,,"Directorate Science and Technology 2 , AWE Aldermaston, Reading RG7 4PR, United Kingdom",[10] 2016 doi:10.1063/1.4960160 Two-color spatial and temporal temperature measurements using a streaked soft x-ray imager
"Rubery, M. S.",10.5,1,,"Directorate Science and Technology 2 , AWE Aldermaston, Reading RG7 4PR, United Kingdom",[10] 2016 doi:10.1063/1.4960160 Two-color spatial and temporal temperature measurements using a streaked soft x-ray imager
"Skidmore, J. W.",10.5,1,,"Directorate Science and Technology 2 , AWE Aldermaston, Reading RG7 4PR, United Kingdom",[10] 2016 doi:10.1063/1.4960160 Two-color spatial and temporal temperature measurements using a streaked soft x-ray imager
"Gullikson, E.",10.5,1,,"Lawrence Berkeley National Laboratory 5 , Berkeley, California 94720, USA",[10] 2016 doi:10.1063/1.4960160 Two-color spatial and temporal temperature measurements using a streaked soft x-ray imager
"Salmassi, F.",10.5,1,,"Lawrence Berkeley National Laboratory 5 , Berkeley, California 94720, USA",[10] 2016 doi:10.1063/1.4960160 Two-color spatial and temporal temperature measurements using a streaked soft x-ray imager
"Eggart, Daniel",10.4,1,,"Institute for Chemical Technology and Polymer Chemistry (ITCP), Karlsruhe Institute of Technology (KIT) 1 , Engesserstraße 20, 76131 Karlsruhe, Germany",[8] 2021 doi:10.1063/5.0038428 Versatile and high temperature spectroscopic cell for operando fluorescence and transmissi
"Zimina, Anna",10.4,1,,"Institute of Catalysis Research and Technology (IKFT), Karlsruhe Institute of Technology (KIT) 2 , Hermann-von-Helmholtz-Platz 1, 76344 Eggenstein-Leopoldshafen, Germany",[8] 2021 doi:10.1063/5.0038428 Versatile and high temperature spectroscopic cell for operando fluorescence and transmissi
"Cavusoglu, Gülperi",10.4,1,,"Institute for Chemical Technology and Polymer Chemistry (ITCP), Karlsruhe Institute of Technology (KIT) 1 , Engesserstraße 20, 76131 Karlsruhe, Germany",[8] 2021 doi:10.1063/5.0038428 Versatile and high temperature spectroscopic cell for operando fluorescence and transmissi
"Casapu, Maria",10.4,1,,"Institute for Chemical Technology and Polymer Chemistry (ITCP), Karlsruhe Institute of Technology (KIT) 1 , Engesserstraße 20, 76131 Karlsruhe, Germany",[8] 2021 doi:10.1063/5.0038428 Versatile and high temperature spectroscopic cell for operando fluorescence and transmissi
"Doronkin, Dmitry E.",10.4,1,,"Institute for Chemical Technology and Polymer Chemistry (ITCP), Karlsruhe Institute of Technology (KIT) 1 , Engesserstraße 20, 76131 Karlsruhe, Germany | Institute of Catalysis Research and Technology",[8] 2021 doi:10.1063/5.0038428 Versatile and high temperature spectroscopic cell for operando fluorescence and transmissi
"Lomachenko, Kirill A.",10.4,1,,"European Synchrotron Radiation Facility 3 , 71 Avenue des Martyrs, CS 40220, 38043 Grenoble Cedex 9, France",[8] 2021 doi:10.1063/5.0038428 Versatile and high temperature spectroscopic cell for operando fluorescence and transmissi
"Grunwaldt, Jan-Dierk",10.4,1,,"Institute for Chemical Technology and Polymer Chemistry (ITCP), Karlsruhe Institute of Technology (KIT) 1 , Engesserstraße 20, 76131 Karlsruhe, Germany | Institute of Catalysis Research and Technology",[8] 2021 doi:10.1063/5.0038428 Versatile and high temperature spectroscopic cell for operando fluorescence and transmissi
"Irving, Daniel J. M.",10.4,1,,"School of Chemistry, University of Southampton 1 , Southampton SO17 1BJ, United Kingdom",[8] 2021 doi:10.1063/5.0040694 Advantages of a curved image plate for rapid laboratory-based x-ray total scattering measu
"Keen, David A.",10.4,1,,"ISIS Neutron and Muon Source, Science and Technology Facilities Council, Rutherford Appleton Laboratory, Harwell Campus 2 , Didcot, Oxfordshire OX11 0QX, United Kingdom",[8] 2021 doi:10.1063/5.0040694 Advantages of a curved image plate for rapid laboratory-based x-ray total scattering measu
"Light, Mark E.",10.4,1,,"School of Chemistry, University of Southampton 1 , Southampton SO17 1BJ, United Kingdom",[8] 2021 doi:10.1063/5.0040694 Advantages of a curved image plate for rapid laboratory-based x-ray total scattering measu
"Tamura, N.",10.4,1,,"National Institutes of Natural Sciences, National Institute for Fusion Science 1 , Toki, Gifu 509-5292, Japan | SOKENDAI (The Graduate University for Advanced Studies) 2 , Toki, Gifu 509-5292, Japan",[8] 2021 doi:10.1063/5.0043495 A new multi-tracer pellet injection for a simultaneous study of low- and mid/high-Z impuri
"Yoshinuma, M.",10.4,1,,"National Institutes of Natural Sciences, National Institute for Fusion Science 1 , Toki, Gifu 509-5292, Japan",[8] 2021 doi:10.1063/5.0043495 A new multi-tracer pellet injection for a simultaneous study of low- and mid/high-Z impuri
"Yin, X.",10.4,1,,"University of South China 3 , Hengyang, Hunan 421001, China",[8] 2021 doi:10.1063/5.0043495 A new multi-tracer pellet injection for a simultaneous study of low- and mid/high-Z impuri
"Ida, K.",10.4,1,,"National Institutes of Natural Sciences, National Institute for Fusion Science 1 , Toki, Gifu 509-5292, Japan | SOKENDAI (The Graduate University for Advanced Studies) 2 , Toki, Gifu 509-5292, Japan",[8] 2021 doi:10.1063/5.0043495 A new multi-tracer pellet injection for a simultaneous study of low- and mid/high-Z impuri
"Suzuki, C.",10.4,1,,"National Institutes of Natural Sciences, National Institute for Fusion Science 1 , Toki, Gifu 509-5292, Japan | SOKENDAI (The Graduate University for Advanced Studies) 2 , Toki, Gifu 509-5292, Japan",[8] 2021 doi:10.1063/5.0043495 A new multi-tracer pellet injection for a simultaneous study of low- and mid/high-Z impuri
"Shoji, M.",10.4,1,,"National Institutes of Natural Sciences, National Institute for Fusion Science 1 , Toki, Gifu 509-5292, Japan",[8] 2021 doi:10.1063/5.0043495 A new multi-tracer pellet injection for a simultaneous study of low- and mid/high-Z impuri
"Mukai, K.",10.4,1,,"National Institutes of Natural Sciences, National Institute for Fusion Science 1 , Toki, Gifu 509-5292, Japan | SOKENDAI (The Graduate University for Advanced Studies) 2 , Toki, Gifu 509-5292, Japan",[8] 2021 doi:10.1063/5.0043495 A new multi-tracer pellet injection for a simultaneous study of low- and mid/high-Z impuri
"Funaba, H.",10.4,1,,"National Institutes of Natural Sciences, National Institute for Fusion Science 1 , Toki, Gifu 509-5292, Japan",[8] 2021 doi:10.1063/5.0043495 A new multi-tracer pellet injection for a simultaneous study of low- and mid/high-Z impuri
"Ji, Yu-Hang",10.4,1,,"State Key Laboratory of Magnetic Resonance and Atomic and Molecular Physics, Innovation Academy for Precision Measurement Science and Technology, Chinese Academy of Sciences—Wuhan National Laboratory ",[8] 2021 doi:10.1063/5.0053971 An actively compensated 8 nT-level magnetic shielding system for 10-m atom interferometer
"Zhou, Lin",10.4,1,,"State Key Laboratory of Magnetic Resonance and Atomic and Molecular Physics, Innovation Academy for Precision Measurement Science and Technology, Chinese Academy of Sciences—Wuhan National Laboratory ",[8] 2021 doi:10.1063/5.0053971 An actively compensated 8 nT-level magnetic shielding system for 10-m atom interferometer
"Yan, Si-Tong",10.4,1,,"School of Physics, University of Chinese Academy of Sciences 2 , Beijing 100049, China | State Key Laboratory of Magnetic Resonance and Atomic and Molecular Physics, Innovation Academy for Precision M",[8] 2021 doi:10.1063/5.0053971 An actively compensated 8 nT-level magnetic shielding system for 10-m atom interferometer
"He, Chuan",10.4,1,,"School of Physics, University of Chinese Academy of Sciences 2 , Beijing 100049, China | State Key Laboratory of Magnetic Resonance and Atomic and Molecular Physics, Innovation Academy for Precision M",[8] 2021 doi:10.1063/5.0053971 An actively compensated 8 nT-level magnetic shielding system for 10-m atom interferometer
"Zhou, Chao",10.4,1,,"State Key Laboratory of Magnetic Resonance and Atomic and Molecular Physics, Innovation Academy for Precision Measurement Science and Technology, Chinese Academy of Sciences—Wuhan National Laboratory ",[8] 2021 doi:10.1063/5.0053971 An actively compensated 8 nT-level magnetic shielding system for 10-m atom interferometer
"Barthwal, Sachin",10.4,1,,"State Key Laboratory of Magnetic Resonance and Atomic and Molecular Physics, Innovation Academy for Precision Measurement Science and Technology, Chinese Academy of Sciences—Wuhan National Laboratory ",[8] 2021 doi:10.1063/5.0053971 An actively compensated 8 nT-level magnetic shielding system for 10-m atom interferometer
"Duan, Wei-Tao",10.4,1,,"School of Physics, University of Chinese Academy of Sciences 2 , Beijing 100049, China | State Key Laboratory of Magnetic Resonance and Atomic and Molecular Physics, Innovation Academy for Precision M",[8] 2021 doi:10.1063/5.0053971 An actively compensated 8 nT-level magnetic shielding system for 10-m atom interferometer
"Zhang, Wen-Dong",10.4,1,,"School of Science, Anhui Agricultural University 4 , Hefei 230036, China",[8] 2021 doi:10.1063/5.0053971 An actively compensated 8 nT-level magnetic shielding system for 10-m atom interferometer
"Xu, Run-Dong",10.4,1,,"School of Physics, University of Chinese Academy of Sciences 2 , Beijing 100049, China | State Key Laboratory of Magnetic Resonance and Atomic and Molecular Physics, Innovation Academy for Precision M",[8] 2021 doi:10.1063/5.0053971 An actively compensated 8 nT-level magnetic shielding system for 10-m atom interferometer
"Wang, Qi",10.4,1,,"School of Physics, University of Chinese Academy of Sciences 2 , Beijing 100049, China | State Key Laboratory of Magnetic Resonance and Atomic and Molecular Physics, Innovation Academy for Precision M",[8] 2021 doi:10.1063/5.0053971 An actively compensated 8 nT-level magnetic shielding system for 10-m atom interferometer
"Li, Dong-Xu",10.4,1,,"Beijing City Key Lab for Medical Physics and Engineering, Institute of Heavy Ion Physics, School of Physics, Peking University 5 , Beijing 100871, China",[8] 2021 doi:10.1063/5.0053971 An actively compensated 8 nT-level magnetic shielding system for 10-m atom interferometer
"Gao, Jia-Hong",10.4,1,,"Beijing City Key Lab for Medical Physics and Engineering, Institute of Heavy Ion Physics, School of Physics, Peking University 5 , Beijing 100871, China",[8] 2021 doi:10.1063/5.0053971 An actively compensated 8 nT-level magnetic shielding system for 10-m atom interferometer
"Chen, Xi",10.4,1,,"State Key Laboratory of Magnetic Resonance and Atomic and Molecular Physics, Innovation Academy for Precision Measurement Science and Technology, Chinese Academy of Sciences—Wuhan National Laboratory ",[8] 2021 doi:10.1063/5.0053971 An actively compensated 8 nT-level magnetic shielding system for 10-m atom interferometer
"Zhan, Ming-Sheng",10.4,1,,"State Key Laboratory of Magnetic Resonance and Atomic and Molecular Physics, Innovation Academy for Precision Measurement Science and Technology, Chinese Academy of Sciences—Wuhan National Laboratory ",[8] 2021 doi:10.1063/5.0053971 An actively compensated 8 nT-level magnetic shielding system for 10-m atom interferometer
"Shan, Shuangming",10.4,1,,"Key Laboratory for High-Temperature and High-Pressure Study of the Earth’s Interior, Institute of Geochemistry, Chinese Academy of Sciences 1 , Guiyang, Guizhou 550081, China",[8] 2021 doi:10.1063/5.0054892 In situ electrical conductivity measurements of porous water-containing rock materials und
"Xiao, Chaoyi",10.4,1,,"Key Laboratory for High-Temperature and High-Pressure Study of the Earth’s Interior, Institute of Geochemistry, Chinese Academy of Sciences 1 , Guiyang, Guizhou 550081, China | University of Chinese A",[8] 2021 doi:10.1063/5.0054892 In situ electrical conductivity measurements of porous water-containing rock materials und
"Li, Heping",10.4,1,,"Key Laboratory for High-Temperature and High-Pressure Study of the Earth’s Interior, Institute of Geochemistry, Chinese Academy of Sciences 1 , Guiyang, Guizhou 550081, China",[8] 2021 doi:10.1063/5.0054892 In situ electrical conductivity measurements of porous water-containing rock materials und
"Xu, Liping",10.4,1,,"Key Laboratory for High-Temperature and High-Pressure Study of the Earth’s Interior, Institute of Geochemistry, Chinese Academy of Sciences 1 , Guiyang, Guizhou 550081, China | Zhejiang Pharmaceutical",[8] 2021 doi:10.1063/5.0054892 In situ electrical conductivity measurements of porous water-containing rock materials und
"Lin, Sen",10.4,1,,"Key Laboratory for High-Temperature and High-Pressure Study of the Earth’s Interior, Institute of Geochemistry, Chinese Academy of Sciences 1 , Guiyang, Guizhou 550081, China",[8] 2021 doi:10.1063/5.0054892 In situ electrical conductivity measurements of porous water-containing rock materials und
"Li, Shengbin",10.4,1,,"Key Laboratory for High-Temperature and High-Pressure Study of the Earth’s Interior, Institute of Geochemistry, Chinese Academy of Sciences 1 , Guiyang, Guizhou 550081, China",[8] 2021 doi:10.1063/5.0054892 In situ electrical conductivity measurements of porous water-containing rock materials und
"Nishida, Keisuke",10.4,1,,"Bayerisches Geoinstitut, University of Bayreuth 1 , 95440 Bayreuth, Germany",[8] 2021 doi:10.1063/5.0059279 Simultaneous generation of ultrahigh pressure and temperature to 50 GPa and 3300 K in mult
"Chen, Zhen",10.4,1,,"Center for High Pressure Science and Technology Advanced Research 4 , Beijing 100094, China",[8] 2021 doi:10.1063/5.0059279 Simultaneous generation of ultrahigh pressure and temperature to 50 GPa and 3300 K in mult
"Bhat, Shrikant",10.4,1,,"Deutsches Elektronen-Synchrotron DESY 3 , 22607 Hamburg, Germany",[8] 2021 doi:10.1063/5.0059279 Simultaneous generation of ultrahigh pressure and temperature to 50 GPa and 3300 K in mult
"Farla, Robert",10.4,1,,"Deutsches Elektronen-Synchrotron DESY 3 , 22607 Hamburg, Germany",[8] 2021 doi:10.1063/5.0059279 Simultaneous generation of ultrahigh pressure and temperature to 50 GPa and 3300 K in mult
"Higo, Yuji",10.4,1,,"Japan Synchrotron Radiation Research Institute 5 , 1-1-1 Kouto, Sayo, Hyogo 689-5198, Japan",[8] 2021 doi:10.1063/5.0059279 Simultaneous generation of ultrahigh pressure and temperature to 50 GPa and 3300 K in mult
"Tange, Yoshinori",10.4,1,,"Japan Synchrotron Radiation Research Institute 5 , 1-1-1 Kouto, Sayo, Hyogo 689-5198, Japan",[8] 2021 doi:10.1063/5.0059279 Simultaneous generation of ultrahigh pressure and temperature to 50 GPa and 3300 K in mult
"Su, Xiaowan",10.4,1,,"School of Earth and Space Sciences, Peking University 6 , Beijing 100871, China",[8] 2021 doi:10.1063/5.0059279 Simultaneous generation of ultrahigh pressure and temperature to 50 GPa and 3300 K in mult
"Yan, BingMin",10.4,1,,"Center for High Pressure Science and Technology Advanced Research 4 , Beijing 100094, China",[8] 2021 doi:10.1063/5.0059279 Simultaneous generation of ultrahigh pressure and temperature to 50 GPa and 3300 K in mult
"Ma, Shuailin",10.4,1,,"Center for High Pressure Science and Technology Advanced Research 4 , Beijing 100094, China | Deutsches Elektronen-Synchrotron DESY 3 , 22607 Hamburg, Germany",[8] 2021 doi:10.1063/5.0059279 Simultaneous generation of ultrahigh pressure and temperature to 50 GPa and 3300 K in mult
"Morgan, Bryan William",10.4,1,,"Department of Nuclear Engineering and Radiological Sciences, The University of Michigan 1 , Ann Arbor, Michigan 48109, USA",[8] 2021 doi:10.1063/5.0066069 Post-irradiation examination of optical components for advanced fission reactor instrument
"Van Zile, Matthew",10.4,1,,"Nuclear Reactor Laboratory, The Ohio State University 2 , Columbus, Ohio 43212, USA",[8] 2021 doi:10.1063/5.0066069 Post-irradiation examination of optical components for advanced fission reactor instrument
"Sabharwall, Piyush",10.4,1,,"Idaho National Laboratory 3 , Idaho Falls, Idaho 83415, USA",[8] 2021 doi:10.1063/5.0066069 Post-irradiation examination of optical components for advanced fission reactor instrument
"Burger, Milos",10.4,1,,"Department of Nuclear Engineering and Radiological Sciences, The University of Michigan 1 , Ann Arbor, Michigan 48109, USA | Gérard Mourou Center for Ultrafast Optical Science 4 , University of Michig",[8] 2021 doi:10.1063/5.0066069 Post-irradiation examination of optical components for advanced fission reactor instrument
"Jovanovic, Igor",10.4,1,,"Department of Nuclear Engineering and Radiological Sciences, The University of Michigan 1 , Ann Arbor, Michigan 48109, USA | Gérard Mourou Center for Ultrafast Optical Science 4 , University of Michig",[8] 2021 doi:10.1063/5.0066069 Post-irradiation examination of optical components for advanced fission reactor instrument
"Thekkeppat, Reghu",10.4,1,,"Radio Frequency Systems Division, Raja Ramanna Centre for Advanced Technology 1 , Indore, M.P. 452013, India","[8] 2021 doi:10.1063/5.0064900 Design and development of a rapid, high voltage capacitor charging power supply based on t"
"Singh, Sonu K.",10.4,1,,"Department of Electrical Engineering, Shri G. S. Institute of Technology and Science 2 , Indore, M.P. 452003, India","[8] 2021 doi:10.1063/5.0064900 Design and development of a rapid, high voltage capacitor charging power supply based on t"
"Lad, Mahendra",10.4,1,,"Radio Frequency Systems Division, Raja Ramanna Centre for Advanced Technology 1 , Indore, M.P. 452013, India","[8] 2021 doi:10.1063/5.0064900 Design and development of a rapid, high voltage capacitor charging power supply based on t"
"Bhongade, Sandeep",10.4,1,,"Department of Electrical Engineering, Shri G. S. Institute of Technology and Science 2 , Indore, M.P. 452003, India","[8] 2021 doi:10.1063/5.0064900 Design and development of a rapid, high voltage capacitor charging power supply based on t"
"Shrivastava, Purushottam",10.4,1,,"Radio Frequency Systems Division, Raja Ramanna Centre for Advanced Technology 1 , Indore, M.P. 452013, India","[8] 2021 doi:10.1063/5.0064900 Design and development of a rapid, high voltage capacitor charging power supply based on t"
"Childs, Christian",10.3,1,,"Department of Physics and Astronomy and HiPSEC, University of Nevada Las Vegas 1 , Las Vegas, Nevada 89154, USA",[9] 2018 doi:10.1063/1.5040508 A CO2 laser heating system for in situ high pressure-temperature experiments at HPCAT
"Salamat, Ashkan",10.3,1,,"Department of Physics and Astronomy and HiPSEC, University of Nevada Las Vegas 1 , Las Vegas, Nevada 89154, USA",[9] 2018 doi:10.1063/1.5040508 A CO2 laser heating system for in situ high pressure-temperature experiments at HPCAT
"Lee, Mingu",10.3,1,,"Department of Mechanical Engineering, KAIST , Daejeon 305-701, Korea",[9] 2018 doi:10.1063/1.5037564 Note: Rotor design optimization for vacuum chamber-free ultracentrifuge
"Kim, Chan Seok",10.3,1,,"Department of Mechanical Engineering, KAIST , Daejeon 305-701, Korea",[9] 2018 doi:10.1063/1.5037564 Note: Rotor design optimization for vacuum chamber-free ultracentrifuge
"Kim, Soohyun",10.3,1,,"Department of Mechanical Engineering, KAIST , Daejeon 305-701, Korea",[9] 2018 doi:10.1063/1.5037564 Note: Rotor design optimization for vacuum chamber-free ultracentrifuge
"Men, Zhiwei",10.3,1,,"School of Chemical Sciences, University of Illinois at Urbana-Champaign , Urbana, Illinois 61801, USA",[9] 2018 doi:10.1063/1.5051357 Drop hammer with high-speed thermal imaging
"Suslick, Kenneth S.",10.3,1,,"School of Chemical Sciences, University of Illinois at Urbana-Champaign , Urbana, Illinois 61801, USA",[9] 2018 doi:10.1063/1.5051357 Drop hammer with high-speed thermal imaging
"Morgavi, D.",10.0,1,,"University of Perugia Department of Physics and Geology, Petro-Volcanology Research Group (PVRG), , Piazza Università, Perugia 06100, Italy",[10] 2015 doi:10.1063/1.4932610 High-temperature apparatus for chaotic mixing of natural silicate melts
"Petrelli, M.",10.0,1,,"University of Perugia Department of Physics and Geology, Petro-Volcanology Research Group (PVRG), , Piazza Università, Perugia 06100, Italy",[10] 2015 doi:10.1063/1.4932610 High-temperature apparatus for chaotic mixing of natural silicate melts
"Vetere, F. P.",10.0,1,,"University of Perugia Department of Physics and Geology, Petro-Volcanology Research Group (PVRG), , Piazza Università, Perugia 06100, Italy",[10] 2015 doi:10.1063/1.4932610 High-temperature apparatus for chaotic mixing of natural silicate melts
"González-García, D.",10.0,1,,"University of Perugia Department of Physics and Geology, Petro-Volcanology Research Group (PVRG), , Piazza Università, Perugia 06100, Italy",[10] 2015 doi:10.1063/1.4932610 High-temperature apparatus for chaotic mixing of natural silicate melts
"Perugini, D.",10.0,1,,"University of Perugia Department of Physics and Geology, Petro-Volcanology Research Group (PVRG), , Piazza Università, Perugia 06100, Italy",[10] 2015 doi:10.1063/1.4932610 High-temperature apparatus for chaotic mixing of natural silicate melts
"al-Wahish, Amal",10.0,1,,"The University of Tennessee 1 Department of Physics and Astronomy, , Knoxville, Tennessee 37996-1200, USA",[10] 2015 doi:10.1063/1.4929580 A new apparatus design for high temperature (up to 950 °C) quasi-elastic neutron scatterin
"al-Binni, U.",10.0,1,,"Berry College 3 Department of Physics, Astronomy and Geology, , Mount Berry, Georgia 30149, USA",[10] 2015 doi:10.1063/1.4929580 A new apparatus design for high temperature (up to 950 °C) quasi-elastic neutron scatterin
"Hill, B.",10.0,1,,"Oak Ridge National Laboratory 2 Instrument and Source Design Division, , Oak Ridge, Tennessee 37861-6475, USA",[10] 2015 doi:10.1063/1.4929580 A new apparatus design for high temperature (up to 950 °C) quasi-elastic neutron scatterin
"Jalarvo, N.",10.0,1,,"Jülich Centre for Neutron Science (JCNS), Outstation at Spallation Neutron Source (SNS), and Chemical and Engineering Materials Division 4 Forschungszentrum Jülich GmbH, , Neutron Sciences Directorate",[10] 2015 doi:10.1063/1.4929580 A new apparatus design for high temperature (up to 950 °C) quasi-elastic neutron scatterin
"Santodonato, L.",10.0,1,,"Oak Ridge National Laboratory 2 Instrument and Source Design Division, , Oak Ridge, Tennessee 37861-6475, USA",[10] 2015 doi:10.1063/1.4929580 A new apparatus design for high temperature (up to 950 °C) quasi-elastic neutron scatterin
"Herwig, K. W.",10.0,1,,"Oak Ridge National Laboratory 2 Instrument and Source Design Division, , Oak Ridge, Tennessee 37861-6475, USA",[10] 2015 doi:10.1063/1.4929580 A new apparatus design for high temperature (up to 950 °C) quasi-elastic neutron scatterin
"Mandrus, D.",10.0,1,,"Oak Ridge National Laboratory 6 Materials Science and Technology Division, , Oak Ridge, Tennessee 37831-6100, USA | The University of Tennessee 1 Department of Physics and Astronomy, , Knoxville, Tenn",[10] 2015 doi:10.1063/1.4929580 A new apparatus design for high temperature (up to 950 °C) quasi-elastic neutron scatterin
"Abid, Hassan Ali",10.0,1,,"Laboratory for Optics and Applied Mechanics, Department of Mechanical and Aerospace Engineering, Monash University 1 , 17 Alliance Lane, Clayton, Victoria3800, Australia",[8] 2020 doi:10.1063/5.0007879 Polymerase chain reaction thermal cycling using the programmed tilt displacements of capil
"Lin, Eric Shen",10.0,1,,"Laboratory for Optics and Applied Mechanics, Department of Mechanical and Aerospace Engineering, Monash University 1 , 17 Alliance Lane, Clayton, Victoria3800, Australia",[8] 2020 doi:10.1063/5.0007879 Polymerase chain reaction thermal cycling using the programmed tilt displacements of capil
"Ong, Jian Wern",10.0,1,,"Laboratory for Optics and Applied Mechanics, Department of Mechanical and Aerospace Engineering, Monash University 1 , 17 Alliance Lane, Clayton, Victoria3800, Australia",[8] 2020 doi:10.1063/5.0007879 Polymerase chain reaction thermal cycling using the programmed tilt displacements of capil
"Minifie, Tristan",10.0,1,,"Laboratory for Optics and Applied Mechanics, Department of Mechanical and Aerospace Engineering, Monash University 1 , 17 Alliance Lane, Clayton, Victoria3800, Australia",[8] 2020 doi:10.1063/5.0007879 Polymerase chain reaction thermal cycling using the programmed tilt displacements of capil
"Song, Zhixiong",10.0,1,,"Laboratory for Optics and Applied Mechanics, Department of Mechanical and Aerospace Engineering, Monash University 1 , 17 Alliance Lane, Clayton, Victoria3800, Australia",[8] 2020 doi:10.1063/5.0007879 Polymerase chain reaction thermal cycling using the programmed tilt displacements of capil
"Liew, Oi Wah",10.0,1,,"Centre for Translational Medicine, Cardiovascular Research Institute, Yong Loo Lin School of Medicine, National University of Singapore, National University Health System 2 , 14 Medical Drive, Singapo",[8] 2020 doi:10.1063/5.0007879 Polymerase chain reaction thermal cycling using the programmed tilt displacements of capil
"Ng, Tuck Wah",10.0,1,,"Laboratory for Optics and Applied Mechanics, Department of Mechanical and Aerospace Engineering, Monash University 1 , 17 Alliance Lane, Clayton, Victoria3800, Australia",[8] 2020 doi:10.1063/5.0007879 Polymerase chain reaction thermal cycling using the programmed tilt displacements of capil
"Bigi, M.",10.0,1,,"Consorzio RFX (CNR, ENEA, INFN, UNIPD, Acciaierie Venete SpA) 1 , Corso Stati Uniti 4, 35127 Padova, Italy",[8] 2020 doi:10.1063/1.5133076 First operation in SPIDER and the path to complete MITICA
"Boldrin, M.",10.0,1,,"Consorzio RFX (CNR, ENEA, INFN, UNIPD, Acciaierie Venete SpA) 1 , Corso Stati Uniti 4, 35127 Padova, Italy",[8] 2020 doi:10.1063/1.5133076 First operation in SPIDER and the path to complete MITICA
"Dal Bello, S.",10.0,1,,"Consorzio RFX (CNR, ENEA, INFN, UNIPD, Acciaierie Venete SpA) 1 , Corso Stati Uniti 4, 35127 Padova, Italy",[8] 2020 doi:10.1063/1.5133076 First operation in SPIDER and the path to complete MITICA
"Grando, L.",10.0,1,,"Consorzio RFX (CNR, ENEA, INFN, UNIPD, Acciaierie Venete SpA) 1 , Corso Stati Uniti 4, 35127 Padova, Italy",[8] 2020 doi:10.1063/1.5133076 First operation in SPIDER and the path to complete MITICA
"Luchetta, A.",10.0,1,,"Consorzio RFX (CNR, ENEA, INFN, UNIPD, Acciaierie Venete SpA) 1 , Corso Stati Uniti 4, 35127 Padova, Italy",[8] 2020 doi:10.1063/1.5133076 First operation in SPIDER and the path to complete MITICA
"Marcuzzi, D.",10.0,1,,"Consorzio RFX (CNR, ENEA, INFN, UNIPD, Acciaierie Venete SpA) 1 , Corso Stati Uniti 4, 35127 Padova, Italy",[8] 2020 doi:10.1063/1.5133076 First operation in SPIDER and the path to complete MITICA
"Zaccaria, P.",10.0,1,,"Consorzio RFX (CNR, ENEA, INFN, UNIPD, Acciaierie Venete SpA) 1 , Corso Stati Uniti 4, 35127 Padova, Italy",[8] 2020 doi:10.1063/1.5133076 First operation in SPIDER and the path to complete MITICA
"Zanotto, L.",10.0,1,,"Consorzio RFX (CNR, ENEA, INFN, UNIPD, Acciaierie Venete SpA) 1 , Corso Stati Uniti 4, 35127 Padova, Italy",[8] 2020 doi:10.1063/1.5133076 First operation in SPIDER and the path to complete MITICA
"Agostini, M.",10.0,1,,"Consorzio RFX (CNR, ENEA, INFN, UNIPD, Acciaierie Venete SpA) 1 , Corso Stati Uniti 4, 35127 Padova, Italy",[8] 2020 doi:10.1063/1.5133076 First operation in SPIDER and the path to complete MITICA
"Aprile, D.",10.0,1,,"Consorzio RFX (CNR, ENEA, INFN, UNIPD, Acciaierie Venete SpA) 1 , Corso Stati Uniti 4, 35127 Padova, Italy | INFN-Laboratori Nazionali di Legnaro (LNL) 3 , v.le dell’Università 2, I-35020 Legnaro, PD,",[8] 2020 doi:10.1063/1.5133076 First operation in SPIDER and the path to complete MITICA
"Battistella, M.",10.0,1,,"Consorzio RFX (CNR, ENEA, INFN, UNIPD, Acciaierie Venete SpA) 1 , Corso Stati Uniti 4, 35127 Padova, Italy",[8] 2020 doi:10.1063/1.5133076 First operation in SPIDER and the path to complete MITICA
"Canton, A.",10.0,1,,"Consorzio RFX (CNR, ENEA, INFN, UNIPD, Acciaierie Venete SpA) 1 , Corso Stati Uniti 4, 35127 Padova, Italy",[8] 2020 doi:10.1063/1.5133076 First operation in SPIDER and the path to complete MITICA
"Cavazzana, R.",10.0,1,,"Consorzio RFX (CNR, ENEA, INFN, UNIPD, Acciaierie Venete SpA) 1 , Corso Stati Uniti 4, 35127 Padova, Italy",[8] 2020 doi:10.1063/1.5133076 First operation in SPIDER and the path to complete MITICA
"Dan, M.",10.0,1,,"Consorzio RFX (CNR, ENEA, INFN, UNIPD, Acciaierie Venete SpA) 1 , Corso Stati Uniti 4, 35127 Padova, Italy",[8] 2020 doi:10.1063/1.5133076 First operation in SPIDER and the path to complete MITICA
"Delogu, R.",10.0,1,,"Consorzio RFX (CNR, ENEA, INFN, UNIPD, Acciaierie Venete SpA) 1 , Corso Stati Uniti 4, 35127 Padova, Italy",[8] 2020 doi:10.1063/1.5133076 First operation in SPIDER and the path to complete MITICA
"De Lorenzi, A.",10.0,1,,"Consorzio RFX (CNR, ENEA, INFN, UNIPD, Acciaierie Venete SpA) 1 , Corso Stati Uniti 4, 35127 Padova, Italy",[8] 2020 doi:10.1063/1.5133076 First operation in SPIDER and the path to complete MITICA
"De Muri, M.",10.0,1,,"Consorzio RFX (CNR, ENEA, INFN, UNIPD, Acciaierie Venete SpA) 1 , Corso Stati Uniti 4, 35127 Padova, Italy",[8] 2020 doi:10.1063/1.5133076 First operation in SPIDER and the path to complete MITICA
"Denizeau, S.",10.0,1,,"Consorzio RFX (CNR, ENEA, INFN, UNIPD, Acciaierie Venete SpA) 1 , Corso Stati Uniti 4, 35127 Padova, Italy",[8] 2020 doi:10.1063/1.5133076 First operation in SPIDER and the path to complete MITICA
"Fadone, M.",10.0,1,,"Consorzio RFX (CNR, ENEA, INFN, UNIPD, Acciaierie Venete SpA) 1 , Corso Stati Uniti 4, 35127 Padova, Italy",[8] 2020 doi:10.1063/1.5133076 First operation in SPIDER and the path to complete MITICA
"Fellin, F.",10.0,1,,"Consorzio RFX (CNR, ENEA, INFN, UNIPD, Acciaierie Venete SpA) 1 , Corso Stati Uniti 4, 35127 Padova, Italy",[8] 2020 doi:10.1063/1.5133076 First operation in SPIDER and the path to complete MITICA
"Ferro, A.",10.0,1,,"Consorzio RFX (CNR, ENEA, INFN, UNIPD, Acciaierie Venete SpA) 1 , Corso Stati Uniti 4, 35127 Padova, Italy",[8] 2020 doi:10.1063/1.5133076 First operation in SPIDER and the path to complete MITICA
"Gaio, E.",10.0,1,,"Consorzio RFX (CNR, ENEA, INFN, UNIPD, Acciaierie Venete SpA) 1 , Corso Stati Uniti 4, 35127 Padova, Italy",[8] 2020 doi:10.1063/1.5133076 First operation in SPIDER and the path to complete MITICA
"Gambetta, G.",10.0,1,,"Consorzio RFX (CNR, ENEA, INFN, UNIPD, Acciaierie Venete SpA) 1 , Corso Stati Uniti 4, 35127 Padova, Italy",[8] 2020 doi:10.1063/1.5133076 First operation in SPIDER and the path to complete MITICA
"Gasparini, F.",10.0,1,,"Consorzio RFX (CNR, ENEA, INFN, UNIPD, Acciaierie Venete SpA) 1 , Corso Stati Uniti 4, 35127 Padova, Italy",[8] 2020 doi:10.1063/1.5133076 First operation in SPIDER and the path to complete MITICA
"Gnesotto, F.",10.0,1,,"Consorzio RFX (CNR, ENEA, INFN, UNIPD, Acciaierie Venete SpA) 1 , Corso Stati Uniti 4, 35127 Padova, Italy",[8] 2020 doi:10.1063/1.5133076 First operation in SPIDER and the path to complete MITICA
"Jain, P.",10.0,1,,"Consorzio RFX (CNR, ENEA, INFN, UNIPD, Acciaierie Venete SpA) 1 , Corso Stati Uniti 4, 35127 Padova, Italy",[8] 2020 doi:10.1063/1.5133076 First operation in SPIDER and the path to complete MITICA
"Maistrello, A.",10.0,1,,"Consorzio RFX (CNR, ENEA, INFN, UNIPD, Acciaierie Venete SpA) 1 , Corso Stati Uniti 4, 35127 Padova, Italy",[8] 2020 doi:10.1063/1.5133076 First operation in SPIDER and the path to complete MITICA
"Manduchi, G.",10.0,1,,"Consorzio RFX (CNR, ENEA, INFN, UNIPD, Acciaierie Venete SpA) 1 , Corso Stati Uniti 4, 35127 Padova, Italy",[8] 2020 doi:10.1063/1.5133076 First operation in SPIDER and the path to complete MITICA
"Manfrin, S.",10.0,1,,"Consorzio RFX (CNR, ENEA, INFN, UNIPD, Acciaierie Venete SpA) 1 , Corso Stati Uniti 4, 35127 Padova, Italy",[8] 2020 doi:10.1063/1.5133076 First operation in SPIDER and the path to complete MITICA
"Marchiori, G.",10.0,1,,"Consorzio RFX (CNR, ENEA, INFN, UNIPD, Acciaierie Venete SpA) 1 , Corso Stati Uniti 4, 35127 Padova, Italy",[8] 2020 doi:10.1063/1.5133076 First operation in SPIDER and the path to complete MITICA
"Moresco, M.",10.0,1,,"Consorzio RFX (CNR, ENEA, INFN, UNIPD, Acciaierie Venete SpA) 1 , Corso Stati Uniti 4, 35127 Padova, Italy",[8] 2020 doi:10.1063/1.5133076 First operation in SPIDER and the path to complete MITICA
"Patton, T.",10.0,1,,"Consorzio RFX (CNR, ENEA, INFN, UNIPD, Acciaierie Venete SpA) 1 , Corso Stati Uniti 4, 35127 Padova, Italy",[8] 2020 doi:10.1063/1.5133076 First operation in SPIDER and the path to complete MITICA
"Pavei, M.",10.0,1,,"Consorzio RFX (CNR, ENEA, INFN, UNIPD, Acciaierie Venete SpA) 1 , Corso Stati Uniti 4, 35127 Padova, Italy",[8] 2020 doi:10.1063/1.5133076 First operation in SPIDER and the path to complete MITICA
"Peruzzo, S.",10.0,1,,"Consorzio RFX (CNR, ENEA, INFN, UNIPD, Acciaierie Venete SpA) 1 , Corso Stati Uniti 4, 35127 Padova, Italy",[8] 2020 doi:10.1063/1.5133076 First operation in SPIDER and the path to complete MITICA
"Pilan, N.",10.0,1,,"Consorzio RFX (CNR, ENEA, INFN, UNIPD, Acciaierie Venete SpA) 1 , Corso Stati Uniti 4, 35127 Padova, Italy",[8] 2020 doi:10.1063/1.5133076 First operation in SPIDER and the path to complete MITICA
"Pimazzoni, A.",10.0,1,,"Consorzio RFX (CNR, ENEA, INFN, UNIPD, Acciaierie Venete SpA) 1 , Corso Stati Uniti 4, 35127 Padova, Italy | INFN-Laboratori Nazionali di Legnaro (LNL) 3 , v.le dell’Università 2, I-35020 Legnaro, PD,",[8] 2020 doi:10.1063/1.5133076 First operation in SPIDER and the path to complete MITICA
"Piovan, R.",10.0,1,,"Consorzio RFX (CNR, ENEA, INFN, UNIPD, Acciaierie Venete SpA) 1 , Corso Stati Uniti 4, 35127 Padova, Italy",[8] 2020 doi:10.1063/1.5133076 First operation in SPIDER and the path to complete MITICA
"Poggi, C.",10.0,1,,"Consorzio RFX (CNR, ENEA, INFN, UNIPD, Acciaierie Venete SpA) 1 , Corso Stati Uniti 4, 35127 Padova, Italy",[8] 2020 doi:10.1063/1.5133076 First operation in SPIDER and the path to complete MITICA
"Recchia, M.",10.0,1,,"Consorzio RFX (CNR, ENEA, INFN, UNIPD, Acciaierie Venete SpA) 1 , Corso Stati Uniti 4, 35127 Padova, Italy",[8] 2020 doi:10.1063/1.5133076 First operation in SPIDER and the path to complete MITICA
"Rigoni, A.",10.0,1,,"Consorzio RFX (CNR, ENEA, INFN, UNIPD, Acciaierie Venete SpA) 1 , Corso Stati Uniti 4, 35127 Padova, Italy",[8] 2020 doi:10.1063/1.5133076 First operation in SPIDER and the path to complete MITICA
"Rizzolo, A.",10.0,1,,"Consorzio RFX (CNR, ENEA, INFN, UNIPD, Acciaierie Venete SpA) 1 , Corso Stati Uniti 4, 35127 Padova, Italy",[8] 2020 doi:10.1063/1.5133076 First operation in SPIDER and the path to complete MITICA
"Rostagni, G.",10.0,1,,"Consorzio RFX (CNR, ENEA, INFN, UNIPD, Acciaierie Venete SpA) 1 , Corso Stati Uniti 4, 35127 Padova, Italy",[8] 2020 doi:10.1063/1.5133076 First operation in SPIDER and the path to complete MITICA
"Siragusa, M.",10.0,1,,"Consorzio RFX (CNR, ENEA, INFN, UNIPD, Acciaierie Venete SpA) 1 , Corso Stati Uniti 4, 35127 Padova, Italy",[8] 2020 doi:10.1063/1.5133076 First operation in SPIDER and the path to complete MITICA
"Sonato, P.",10.0,1,,"Consorzio RFX (CNR, ENEA, INFN, UNIPD, Acciaierie Venete SpA) 1 , Corso Stati Uniti 4, 35127 Padova, Italy",[8] 2020 doi:10.1063/1.5133076 First operation in SPIDER and the path to complete MITICA
"Spada, E.",10.0,1,,"Consorzio RFX (CNR, ENEA, INFN, UNIPD, Acciaierie Venete SpA) 1 , Corso Stati Uniti 4, 35127 Padova, Italy",[8] 2020 doi:10.1063/1.5133076 First operation in SPIDER and the path to complete MITICA
"Spagnolo, S.",10.0,1,,"Consorzio RFX (CNR, ENEA, INFN, UNIPD, Acciaierie Venete SpA) 1 , Corso Stati Uniti 4, 35127 Padova, Italy",[8] 2020 doi:10.1063/1.5133076 First operation in SPIDER and the path to complete MITICA
"Spolaore, M.",10.0,1,,"Consorzio RFX (CNR, ENEA, INFN, UNIPD, Acciaierie Venete SpA) 1 , Corso Stati Uniti 4, 35127 Padova, Italy",[8] 2020 doi:10.1063/1.5133076 First operation in SPIDER and the path to complete MITICA
"Tinti, P.",10.0,1,,"Consorzio RFX (CNR, ENEA, INFN, UNIPD, Acciaierie Venete SpA) 1 , Corso Stati Uniti 4, 35127 Padova, Italy",[8] 2020 doi:10.1063/1.5133076 First operation in SPIDER and the path to complete MITICA
"Ugoletti, M.",10.0,1,,"Consorzio RFX (CNR, ENEA, INFN, UNIPD, Acciaierie Venete SpA) 1 , Corso Stati Uniti 4, 35127 Padova, Italy",[8] 2020 doi:10.1063/1.5133076 First operation in SPIDER and the path to complete MITICA
"Valente, M.",10.0,1,,"Consorzio RFX (CNR, ENEA, INFN, UNIPD, Acciaierie Venete SpA) 1 , Corso Stati Uniti 4, 35127 Padova, Italy",[8] 2020 doi:10.1063/1.5133076 First operation in SPIDER and the path to complete MITICA
"Zamengo, A.",10.0,1,,"Consorzio RFX (CNR, ENEA, INFN, UNIPD, Acciaierie Venete SpA) 1 , Corso Stati Uniti 4, 35127 Padova, Italy",[8] 2020 doi:10.1063/1.5133076 First operation in SPIDER and the path to complete MITICA
"Zaniol, B.",10.0,1,,"Consorzio RFX (CNR, ENEA, INFN, UNIPD, Acciaierie Venete SpA) 1 , Corso Stati Uniti 4, 35127 Padova, Italy",[8] 2020 doi:10.1063/1.5133076 First operation in SPIDER and the path to complete MITICA
"Zaupa, M.",10.0,1,,"Consorzio RFX (CNR, ENEA, INFN, UNIPD, Acciaierie Venete SpA) 1 , Corso Stati Uniti 4, 35127 Padova, Italy",[8] 2020 doi:10.1063/1.5133076 First operation in SPIDER and the path to complete MITICA
"Boilson, D.",10.0,1,,"ITER Organization, Route de Vinon-sur-Verdon 4 , CS 90 046, F-13067 St. Paul-lez-Durance, France",[8] 2020 doi:10.1063/1.5133076 First operation in SPIDER and the path to complete MITICA
"Rotti, C.",10.0,1,,"ITER Organization, Route de Vinon-sur-Verdon 4 , CS 90 046, F-13067 St. Paul-lez-Durance, France",[8] 2020 doi:10.1063/1.5133076 First operation in SPIDER and the path to complete MITICA
"Chareyre, J.",10.0,1,,"ITER Organization, Route de Vinon-sur-Verdon 4 , CS 90 046, F-13067 St. Paul-lez-Durance, France",[8] 2020 doi:10.1063/1.5133076 First operation in SPIDER and the path to complete MITICA
"Decamps, H.",10.0,1,,"ITER Organization, Route de Vinon-sur-Verdon 4 , CS 90 046, F-13067 St. Paul-lez-Durance, France",[8] 2020 doi:10.1063/1.5133076 First operation in SPIDER and the path to complete MITICA
"Dremel, M.",10.0,1,,"ITER Organization, Route de Vinon-sur-Verdon 4 , CS 90 046, F-13067 St. Paul-lez-Durance, France",[8] 2020 doi:10.1063/1.5133076 First operation in SPIDER and the path to complete MITICA
"Graceffa, J.",10.0,1,,"ITER Organization, Route de Vinon-sur-Verdon 4 , CS 90 046, F-13067 St. Paul-lez-Durance, France",[8] 2020 doi:10.1063/1.5133076 First operation in SPIDER and the path to complete MITICA
"Geli, F.",10.0,1,,"ITER Organization, Route de Vinon-sur-Verdon 4 , CS 90 046, F-13067 St. Paul-lez-Durance, France",[8] 2020 doi:10.1063/1.5133076 First operation in SPIDER and the path to complete MITICA
"Schunke, B.",10.0,1,,"ITER Organization, Route de Vinon-sur-Verdon 4 , CS 90 046, F-13067 St. Paul-lez-Durance, France",[8] 2020 doi:10.1063/1.5133076 First operation in SPIDER and the path to complete MITICA
"Svensson, L.",10.0,1,,"ITER Organization, Route de Vinon-sur-Verdon 4 , CS 90 046, F-13067 St. Paul-lez-Durance, France",[8] 2020 doi:10.1063/1.5133076 First operation in SPIDER and the path to complete MITICA
"Urbani, M.",10.0,1,,"ITER Organization, Route de Vinon-sur-Verdon 4 , CS 90 046, F-13067 St. Paul-lez-Durance, France",[8] 2020 doi:10.1063/1.5133076 First operation in SPIDER and the path to complete MITICA
"Bonicelli, T.",10.0,1,,"Fusion for Energy 5 , C/o Josep Pla 2, E-08019 Barcelona, Spain",[8] 2020 doi:10.1063/1.5133076 First operation in SPIDER and the path to complete MITICA
"Agarici, G.",10.0,1,,"Fusion for Energy 5 , C/o Josep Pla 2, E-08019 Barcelona, Spain",[8] 2020 doi:10.1063/1.5133076 First operation in SPIDER and the path to complete MITICA
"Garbuglia, A.",10.0,1,,"Fusion for Energy 5 , C/o Josep Pla 2, E-08019 Barcelona, Spain",[8] 2020 doi:10.1063/1.5133076 First operation in SPIDER and the path to complete MITICA
"Masiello, A.",10.0,1,,"Fusion for Energy 5 , C/o Josep Pla 2, E-08019 Barcelona, Spain",[8] 2020 doi:10.1063/1.5133076 First operation in SPIDER and the path to complete MITICA
"Paolucci, F.",10.0,1,,"Fusion for Energy 5 , C/o Josep Pla 2, E-08019 Barcelona, Spain",[8] 2020 doi:10.1063/1.5133076 First operation in SPIDER and the path to complete MITICA
"Simon, M.",10.0,1,,"Fusion for Energy 5 , C/o Josep Pla 2, E-08019 Barcelona, Spain",[8] 2020 doi:10.1063/1.5133076 First operation in SPIDER and the path to complete MITICA
"Bailly-Maitre, L.",10.0,1,,"Fusion for Energy 5 , C/o Josep Pla 2, E-08019 Barcelona, Spain",[8] 2020 doi:10.1063/1.5133076 First operation in SPIDER and the path to complete MITICA
"Bragulat, E.",10.0,1,,"Fusion for Energy 5 , C/o Josep Pla 2, E-08019 Barcelona, Spain",[8] 2020 doi:10.1063/1.5133076 First operation in SPIDER and the path to complete MITICA
"Gomez, G.",10.0,1,,"Fusion for Energy 5 , C/o Josep Pla 2, E-08019 Barcelona, Spain",[8] 2020 doi:10.1063/1.5133076 First operation in SPIDER and the path to complete MITICA
"Gutierrez, D.",10.0,1,,"Fusion for Energy 5 , C/o Josep Pla 2, E-08019 Barcelona, Spain",[8] 2020 doi:10.1063/1.5133076 First operation in SPIDER and the path to complete MITICA
"Labate, C.",10.0,1,,"Fusion for Energy 5 , C/o Josep Pla 2, E-08019 Barcelona, Spain",[8] 2020 doi:10.1063/1.5133076 First operation in SPIDER and the path to complete MITICA
"Mico, G.",10.0,1,,"Fusion for Energy 5 , C/o Josep Pla 2, E-08019 Barcelona, Spain",[8] 2020 doi:10.1063/1.5133076 First operation in SPIDER and the path to complete MITICA
"Moreno, J. F.",10.0,1,,"Fusion for Energy 5 , C/o Josep Pla 2, E-08019 Barcelona, Spain",[8] 2020 doi:10.1063/1.5133076 First operation in SPIDER and the path to complete MITICA
"Pilard, V.",10.0,1,,"Fusion for Energy 5 , C/o Josep Pla 2, E-08019 Barcelona, Spain",[8] 2020 doi:10.1063/1.5133076 First operation in SPIDER and the path to complete MITICA
"Kouzmenko, G.",10.0,1,,"Fusion for Energy 5 , C/o Josep Pla 2, E-08019 Barcelona, Spain",[8] 2020 doi:10.1063/1.5133076 First operation in SPIDER and the path to complete MITICA
"Rousseau, A.",10.0,1,,"Fusion for Energy 5 , C/o Josep Pla 2, E-08019 Barcelona, Spain",[8] 2020 doi:10.1063/1.5133076 First operation in SPIDER and the path to complete MITICA
"Chakraborty, A.",10.0,1,,"ITER-India, Institute for Plasma Research 6 , Nr. Indira Bridge, Bhat Village, Gandhinagar, Gujarat 382428, India",[8] 2020 doi:10.1063/1.5133076 First operation in SPIDER and the path to complete MITICA
"Baruah, U.",10.0,1,,"ITER-India, Institute for Plasma Research 6 , Nr. Indira Bridge, Bhat Village, Gandhinagar, Gujarat 382428, India",[8] 2020 doi:10.1063/1.5133076 First operation in SPIDER and the path to complete MITICA
"Patel, H.",10.0,1,,"ITER-India, Institute for Plasma Research 6 , Nr. Indira Bridge, Bhat Village, Gandhinagar, Gujarat 382428, India",[8] 2020 doi:10.1063/1.5133076 First operation in SPIDER and the path to complete MITICA
"Singh, N. P.",10.0,1,,"ITER-India, Institute for Plasma Research 6 , Nr. Indira Bridge, Bhat Village, Gandhinagar, Gujarat 382428, India",[8] 2020 doi:10.1063/1.5133076 First operation in SPIDER and the path to complete MITICA
"Patel, A.",10.0,1,,"ITER-India, Institute for Plasma Research 6 , Nr. Indira Bridge, Bhat Village, Gandhinagar, Gujarat 382428, India",[8] 2020 doi:10.1063/1.5133076 First operation in SPIDER and the path to complete MITICA
"Dhola, H.",10.0,1,,"ITER-India, Institute for Plasma Research 6 , Nr. Indira Bridge, Bhat Village, Gandhinagar, Gujarat 382428, India",[8] 2020 doi:10.1063/1.5133076 First operation in SPIDER and the path to complete MITICA
"Raval, B.",10.0,1,,"ITER-India, Institute for Plasma Research 6 , Nr. Indira Bridge, Bhat Village, Gandhinagar, Gujarat 382428, India",[8] 2020 doi:10.1063/1.5133076 First operation in SPIDER and the path to complete MITICA
"Cristofaro, S.",10.0,1,,"IPP, Max-Planck-Institut für Plasmaphysik 7 , Boltzmannstraße 2, D-85748 Garching bei München, Germany",[8] 2020 doi:10.1063/1.5133076 First operation in SPIDER and the path to complete MITICA
"Kashiwagi, M.",10.0,1,,"National Institutes for Quantum and Radiological Science and Technology 8 , 801-1 Mukoyama, Naka, Ibaraki-ken 311-0193, Japan",[8] 2020 doi:10.1063/1.5133076 First operation in SPIDER and the path to complete MITICA
"Tobari, H.",10.0,1,,"National Institutes for Quantum and Radiological Science and Technology 8 , 801-1 Mukoyama, Naka, Ibaraki-ken 311-0193, Japan",[8] 2020 doi:10.1063/1.5133076 First operation in SPIDER and the path to complete MITICA
"Saitoh, H.",10.0,1,,"Division E4, Max Planck Institute for Plasma Physics 2 , Greifswald 17491 and Garching 85748, Germany | Graduate School of Frontier Sciences, The University of Tokyo 1 , Kashiwa, Chiba 277-8561, Japan",[8] 2020 doi:10.1063/1.5142863 A levitated magnetic dipole configuration as a compact charged particle trap
"Stoneking, M. R.",10.0,1,,"Department of Physics, Lawrence University 3 , Appleton, Wisconsin 54911, USA | Division E4, Max Planck Institute for Plasma Physics 2 , Greifswald 17491 and Garching 85748, Germany",[8] 2020 doi:10.1063/1.5142863 A levitated magnetic dipole configuration as a compact charged particle trap
"Pedersen, T. Sunn",10.0,1,,"Division E4, Max Planck Institute for Plasma Physics 2 , Greifswald 17491 and Garching 85748, Germany | Institute of Physics, The University of Greifswald 4 , Greifswald 17489, Germany",[8] 2020 doi:10.1063/1.5142863 A levitated magnetic dipole configuration as a compact charged particle trap
"Alpert, H. S.",10.0,1,,"Department of Aeronautics and Astronautics, Stanford University 1 , Stanford, California 94305,",[8] 2020 doi:10.1063/1.5139911 Sensitivity of 2DEG-based Hall-effect sensors at high temperatures
"Chapin, C. A.",10.0,1,,"Department of Aeronautics and Astronautics, Stanford University 1 , Stanford, California 94305,",[8] 2020 doi:10.1063/1.5139911 Sensitivity of 2DEG-based Hall-effect sensors at high temperatures
"Dowling, K. M.",10.0,1,,"Department of Electrical Engineering, Stanford University 2 , Stanford, California 94305,",[8] 2020 doi:10.1063/1.5139911 Sensitivity of 2DEG-based Hall-effect sensors at high temperatures
"Benbrook, S. R.",10.0,1,,"Department of Electrical Engineering, Stanford University 2 , Stanford, California 94305,",[8] 2020 doi:10.1063/1.5139911 Sensitivity of 2DEG-based Hall-effect sensors at high temperatures
"Köck, H.",10.0,1,,"Infineon Technologies Austria AG 3 , Villach 9500,",[8] 2020 doi:10.1063/1.5139911 Sensitivity of 2DEG-based Hall-effect sensors at high temperatures
"Ausserlechner, U.",10.0,1,,"Infineon Technologies Austria AG 3 , Villach 9500,",[8] 2020 doi:10.1063/1.5139911 Sensitivity of 2DEG-based Hall-effect sensors at high temperatures
"Senesky, D. G.",10.0,1,,"Department of Aeronautics and Astronautics, Stanford University 1 , Stanford, California 94305,",[8] 2020 doi:10.1063/1.5139911 Sensitivity of 2DEG-based Hall-effect sensors at high temperatures
"Wingert, M. C.",10.0,1,,"Materials Science and Engineering Program, Mechanical and Aerospace Engineering Department, University of California 1 , San Diego, California 92093, USA",[8] 2020 doi:10.1063/1.5138915 Frequency-domain hot-wire sensor and 3D model for thermal conductivity measurements of rea
"Zhao, A. Z.",10.0,1,,"Materials Science and Engineering Program, Mechanical and Aerospace Engineering Department, University of California 1 , San Diego, California 92093, USA",[8] 2020 doi:10.1063/1.5138915 Frequency-domain hot-wire sensor and 3D model for thermal conductivity measurements of rea
"Kodera, Y.",10.0,1,,"Materials Science and Engineering Program, Mechanical and Aerospace Engineering Department, University of California 1 , San Diego, California 92093, USA",[8] 2020 doi:10.1063/1.5138915 Frequency-domain hot-wire sensor and 3D model for thermal conductivity measurements of rea
"Obrey, S. J.",10.0,1,,"Chemistry Division, Los Alamos National Laboratory 2 , Los Alamos, New Mexico 87545, USA",[8] 2020 doi:10.1063/1.5138915 Frequency-domain hot-wire sensor and 3D model for thermal conductivity measurements of rea
"Garay, J. E.",10.0,1,,"Materials Science and Engineering Program, Mechanical and Aerospace Engineering Department, University of California 1 , San Diego, California 92093, USA",[8] 2020 doi:10.1063/1.5138915 Frequency-domain hot-wire sensor and 3D model for thermal conductivity measurements of rea
"Gombola, C.",10.0,1,,"Karlsruhe Institute of Technology (KIT), Institute for Applied Materials (IAM-WK) 1 , Engelbert-Arnold-Str. 4, 76131 Karlsruhe, Germany",[8] 2020 doi:10.1063/5.0019020 A zone melting device for the in situ observation of directional solidification using high
"Hasemann, G.",10.0,1,,"Otto von Guericke University, Institute for Materials and Joining Technology 2 , Universitätsplatz 2, 39106 Magdeburg, Germany",[8] 2020 doi:10.1063/5.0019020 A zone melting device for the in situ observation of directional solidification using high
"Kauffmann, A.",10.0,1,,"Karlsruhe Institute of Technology (KIT), Institute for Applied Materials (IAM-WK) 1 , Engelbert-Arnold-Str. 4, 76131 Karlsruhe, Germany",[8] 2020 doi:10.1063/5.0019020 A zone melting device for the in situ observation of directional solidification using high
"Sprenger, I.",10.0,1,,"Karlsruhe Institute of Technology (KIT), Institute for Applied Materials (IAM-WK) 1 , Engelbert-Arnold-Str. 4, 76131 Karlsruhe, Germany",[8] 2020 doi:10.1063/5.0019020 A zone melting device for the in situ observation of directional solidification using high
"Laube, S.",10.0,1,,"Karlsruhe Institute of Technology (KIT), Institute for Applied Materials (IAM-WK) 1 , Engelbert-Arnold-Str. 4, 76131 Karlsruhe, Germany",[8] 2020 doi:10.1063/5.0019020 A zone melting device for the in situ observation of directional solidification using high
"Schmitt, A.",10.0,1,,"Karlsruhe Institute of Technology (KIT), Institute for Applied Materials (IAM-WK) 1 , Engelbert-Arnold-Str. 4, 76131 Karlsruhe, Germany",[8] 2020 doi:10.1063/5.0019020 A zone melting device for the in situ observation of directional solidification using high
"Gang, F.",10.0,1,,"Karlsruhe Institute of Technology (KIT), Institute for Applied Materials (IAM-WK) 1 , Engelbert-Arnold-Str. 4, 76131 Karlsruhe, Germany",[8] 2020 doi:10.1063/5.0019020 A zone melting device for the in situ observation of directional solidification using high
"Bolbut, V.",10.0,1,,"Otto von Guericke University, Institute for Materials and Joining Technology 2 , Universitätsplatz 2, 39106 Magdeburg, Germany",[8] 2020 doi:10.1063/5.0019020 A zone melting device for the in situ observation of directional solidification using high
"Oehring, M.",10.0,1,,"Helmholtz-Zentrum Geesthacht, Institute of Materials Research 3 , Max-Planck-Str. 1, 21502 Geesthacht, Germany",[8] 2020 doi:10.1063/5.0019020 A zone melting device for the in situ observation of directional solidification using high
"Blankenburg, M.",10.0,1,,"Helmholtz-Zentrum Geesthacht, Institute of Materials Research 3 , Max-Planck-Str. 1, 21502 Geesthacht, Germany",[8] 2020 doi:10.1063/5.0019020 A zone melting device for the in situ observation of directional solidification using high
"Schell, N.",10.0,1,,"Helmholtz-Zentrum Geesthacht, Institute of Materials Research 3 , Max-Planck-Str. 1, 21502 Geesthacht, Germany",[8] 2020 doi:10.1063/5.0019020 A zone melting device for the in situ observation of directional solidification using high
"Staron, P.",10.0,1,,"Helmholtz-Zentrum Geesthacht, Institute of Materials Research 3 , Max-Planck-Str. 1, 21502 Geesthacht, Germany",[8] 2020 doi:10.1063/5.0019020 A zone melting device for the in situ observation of directional solidification using high
"Pyczak, F.",10.0,1,,"Helmholtz-Zentrum Geesthacht, Institute of Materials Research 3 , Max-Planck-Str. 1, 21502 Geesthacht, Germany",[8] 2020 doi:10.1063/5.0019020 A zone melting device for the in situ observation of directional solidification using high
"Krüger, M.",10.0,1,,"Otto von Guericke University, Institute for Materials and Joining Technology 2 , Universitätsplatz 2, 39106 Magdeburg, Germany",[8] 2020 doi:10.1063/5.0019020 A zone melting device for the in situ observation of directional solidification using high
"Heilmaier, M.",10.0,1,,"Karlsruhe Institute of Technology (KIT), Institute for Applied Materials (IAM-WK) 1 , Engelbert-Arnold-Str. 4, 76131 Karlsruhe, Germany",[8] 2020 doi:10.1063/5.0019020 A zone melting device for the in situ observation of directional solidification using high
"Poggi, Carlo",10.0,1,,"Consorzio RFX (CNR, ENEA, INFN, Università di Padova, Acciaierie Venete S.p.A.) 1 , C. Stati Uniti 4, 35127 Padova, Italy | Università degli Studi di Padova 2 , Via 8 Febbraio 1848, 2, 35122 Padova PD",[8] 2020 doi:10.1063/1.5129650 Design and development of an Allison type emittance scanner for the SPIDER ion source
"Sartori, Emanuele",10.0,1,,"Consorzio RFX (CNR, ENEA, INFN, Università di Padova, Acciaierie Venete S.p.A.) 1 , C. Stati Uniti 4, 35127 Padova, Italy | Università degli Studi di Padova 2 , Via 8 Febbraio 1848, 2, 35122 Padova PD",[8] 2020 doi:10.1063/1.5129650 Design and development of an Allison type emittance scanner for the SPIDER ion source
"Zaupa, Matteo",10.0,1,,"Consorzio RFX (CNR, ENEA, INFN, Università di Padova, Acciaierie Venete S.p.A.) 1 , C. Stati Uniti 4, 35127 Padova, Italy",[8] 2020 doi:10.1063/1.5129650 Design and development of an Allison type emittance scanner for the SPIDER ion source
"Fagotti, Enrico",10.0,1,,"INFN-LNL, viale dell’Università 2 3 , 35020 Legnaro (PD), Italy",[8] 2020 doi:10.1063/1.5129650 Design and development of an Allison type emittance scanner for the SPIDER ion source
"Ovejero, M. C.",9.9,1,,"Universidad de Sevilla 1 Departamento de Física Atómica, Molecular y Nuclear, Facultad de Física, , Seville, Spain",[9] 2017 doi:10.1063/1.4974817 LabVIEW-based control and acquisition system for the dosimetric characterization of a sili
"Pérez Vega-Leal, A.",9.9,1,,"Universidad de Sevilla 2 Departamento de Tecnología Electrónica, Escuela de Ingenieros, , Seville, Spain",[9] 2017 doi:10.1063/1.4974817 LabVIEW-based control and acquisition system for the dosimetric characterization of a sili
"Gallardo, M. I.",9.9,1,,"Universidad de Sevilla 1 Departamento de Física Atómica, Molecular y Nuclear, Facultad de Física, , Seville, Spain",[9] 2017 doi:10.1063/1.4974817 LabVIEW-based control and acquisition system for the dosimetric characterization of a sili
"Espino, J. M.",9.9,1,,"Universidad de Sevilla 1 Departamento de Física Atómica, Molecular y Nuclear, Facultad de Física, , Seville, Spain",[9] 2017 doi:10.1063/1.4974817 LabVIEW-based control and acquisition system for the dosimetric characterization of a sili
"Selva, A.",9.9,1,,"Dipartimento di Fisica e Astronomia “Galileo Galilei” 3 , 35131 Padova, Italy",[9] 2017 doi:10.1063/1.4974817 LabVIEW-based control and acquisition system for the dosimetric characterization of a sili
"Cortés-Giraldo, M. A.",9.9,1,,"Universidad de Sevilla 1 Departamento de Física Atómica, Molecular y Nuclear, Facultad de Física, , Seville, Spain",[9] 2017 doi:10.1063/1.4974817 LabVIEW-based control and acquisition system for the dosimetric characterization of a sili
"Arráns, R.",9.9,1,,"Hospital Universitario Virgen Macarena 4 , 41007 Seville, Spain",[9] 2017 doi:10.1063/1.4974817 LabVIEW-based control and acquisition system for the dosimetric characterization of a sili
"Zhang, Chentao",9.9,1,,"Xiamen University 1 Department of Instrumental and Electrical Engineering, , Xiamen 361005, China",[9] 2017 doi:10.1063/1.4984004 Laser-assisted chemical vapor deposition setup for fast synthesis of graphene patterns
"Zhang, Jianhuan",9.9,1,,"Fujian Key Laboratory of Universities and Colleges for Transducer Technology 3 , Xiamen 361005, China | Xiamen Key Laboratory of Optoelectronic Transducer Technology 2 , Xiamen 361005, China | Xiamen ",[9] 2017 doi:10.1063/1.4984004 Laser-assisted chemical vapor deposition setup for fast synthesis of graphene patterns
"Lin, Kun",9.9,1,,"Xiamen University 1 Department of Instrumental and Electrical Engineering, , Xiamen 361005, China",[9] 2017 doi:10.1063/1.4984004 Laser-assisted chemical vapor deposition setup for fast synthesis of graphene patterns
"Huang, Yuanqing",9.9,1,,"Xiamen University 1 Department of Instrumental and Electrical Engineering, , Xiamen 361005, China",[9] 2017 doi:10.1063/1.4984004 Laser-assisted chemical vapor deposition setup for fast synthesis of graphene patterns
"McCrory, Duane J.",9.6,1,,"Engineering Science and Mechanics, Pennsylvania State University 2 , 101 EES Building, University Park, Pennsylvania 16801, USA | Nanoscale Device Characterization Division, National Institute of Stan",[8] 2019 doi:10.1063/1.5053665 Slow- and rapid-scan frequency-swept electrically detected magnetic resonance of MOSFETs w
"Anders, Mark A.",9.6,1,,"Engineering Science and Mechanics, Pennsylvania State University 2 , 101 EES Building, University Park, Pennsylvania 16801, USA | Nanoscale Device Characterization Division, National Institute of Stan",[8] 2019 doi:10.1063/1.5053665 Slow- and rapid-scan frequency-swept electrically detected magnetic resonance of MOSFETs w
"Ryan, Jason T.",9.6,1,,"Nanoscale Device Characterization Division, National Institute of Standards and Technology 1 , 100 Bureau Drive, MS 8120, Gaithersburg, Maryland 20899, USA",[8] 2019 doi:10.1063/1.5053665 Slow- and rapid-scan frequency-swept electrically detected magnetic resonance of MOSFETs w
"Shrestha, Pragya R.",9.6,1,,"Nanoscale Device Characterization Division, National Institute of Standards and Technology 1 , 100 Bureau Drive, MS 8120, Gaithersburg, Maryland 20899, USA | Theiss Research 3 , La Jolla, California 9",[8] 2019 doi:10.1063/1.5053665 Slow- and rapid-scan frequency-swept electrically detected magnetic resonance of MOSFETs w
"Cheung, Kin P.",9.6,1,,"Nanoscale Device Characterization Division, National Institute of Standards and Technology 1 , 100 Bureau Drive, MS 8120, Gaithersburg, Maryland 20899, USA",[8] 2019 doi:10.1063/1.5053665 Slow- and rapid-scan frequency-swept electrically detected magnetic resonance of MOSFETs w
"Lenahan, Patrick M.",9.6,1,,"Engineering Science and Mechanics, Pennsylvania State University 2 , 101 EES Building, University Park, Pennsylvania 16801, USA",[8] 2019 doi:10.1063/1.5053665 Slow- and rapid-scan frequency-swept electrically detected magnetic resonance of MOSFETs w
"Campbell, Jason P.",9.6,1,,"Nanoscale Device Characterization Division, National Institute of Standards and Technology 1 , 100 Bureau Drive, MS 8120, Gaithersburg, Maryland 20899, USA",[8] 2019 doi:10.1063/1.5053665 Slow- and rapid-scan frequency-swept electrically detected magnetic resonance of MOSFETs w
"Majdi, S.",9.6,1,,"Department of Engineering Sciences, Division of Electricity, Uppsala University 1 , Box 534, 751 21 Uppsala, Sweden",[8] 2019 doi:10.1063/1.5097755 High-temperature deep-level transient spectroscopy system for defect studies in wide-bandg
"Gabrysch, M.",9.6,1,,"Department of Engineering Sciences, Division of Electricity, Uppsala University 1 , Box 534, 751 21 Uppsala, Sweden",[8] 2019 doi:10.1063/1.5097755 High-temperature deep-level transient spectroscopy system for defect studies in wide-bandg
"Suntornwipat, N.",9.6,1,,"Department of Engineering Sciences, Division of Electricity, Uppsala University 1 , Box 534, 751 21 Uppsala, Sweden",[8] 2019 doi:10.1063/1.5097755 High-temperature deep-level transient spectroscopy system for defect studies in wide-bandg
"Burmeister, F.",9.6,1,,"Department of Engineering Sciences, Division of Electricity, Uppsala University 1 , Box 534, 751 21 Uppsala, Sweden",[8] 2019 doi:10.1063/1.5097755 High-temperature deep-level transient spectroscopy system for defect studies in wide-bandg
"Jonsson, R.",9.6,1,,"Department of Engineering Sciences, Division of Electricity, Uppsala University 1 , Box 534, 751 21 Uppsala, Sweden",[8] 2019 doi:10.1063/1.5097755 High-temperature deep-level transient spectroscopy system for defect studies in wide-bandg
"Kovi, K. K.",9.6,1,,"Center for Nanoscale Materials, Argonne National Laboratory 2 , Argonne, Illinois 60439, USA | Department of Engineering Sciences, Division of Electricity, Uppsala University 1 , Box 534, 751 21 Uppsa",[8] 2019 doi:10.1063/1.5097755 High-temperature deep-level transient spectroscopy system for defect studies in wide-bandg
"Hallén, A.",9.6,1,,"Department of Physics and Astronomy, Ion Physics, Uppsala University 4 , Box 516, 751 20 Uppsala, Sweden | Royal Institute of Technology, KTH-ICT 3 , Electrum 229, 164 40 Stockholm, Sweden",[8] 2019 doi:10.1063/1.5097755 High-temperature deep-level transient spectroscopy system for defect studies in wide-bandg
"Taylor, Abigail W.",9.6,1,,"School of Engineering, Brown University , Providence, Rhode Island 02912, USA",[8] 2019 doi:10.1063/1.5123130 Optimized commercial desktop cutter technique for rapid-prototyping of microfluidic device
"Harris, Daniel M.",9.6,1,,"School of Engineering, Brown University , Providence, Rhode Island 02912, USA",[8] 2019 doi:10.1063/1.5123130 Optimized commercial desktop cutter technique for rapid-prototyping of microfluidic device
"Dudek, J.",9.6,1,,"Smoluchowski Institute of Physics, Jagiellonian University , Łojasiewicza 11, 30-348 Krakow, Poland",[8] 2019 doi:10.1063/1.5127809 High-temperature continuous molecular beam source for aggressive elements: An example of z
"Puczka, K.",9.6,1,,"Smoluchowski Institute of Physics, Jagiellonian University , Łojasiewicza 11, 30-348 Krakow, Poland",[8] 2019 doi:10.1063/1.5127809 High-temperature continuous molecular beam source for aggressive elements: An example of z
"Urbańczyk, T.",9.6,1,,"Smoluchowski Institute of Physics, Jagiellonian University , Łojasiewicza 11, 30-348 Krakow, Poland",[8] 2019 doi:10.1063/1.5127809 High-temperature continuous molecular beam source for aggressive elements: An example of z
"Koperski, J.",9.6,1,,"Smoluchowski Institute of Physics, Jagiellonian University , Łojasiewicza 11, 30-348 Krakow, Poland",[8] 2019 doi:10.1063/1.5127809 High-temperature continuous molecular beam source for aggressive elements: An example of z
"Götsch, Thomas",9.6,1,,"Department of Heterogeneous Reactions, Max-Planck-Institute for Chemical Energy Conversion 2 , Stiftstraße 34–36, 45470 Mülheim an der Ruhr, Germany | Department of Inorganic Chemistry, Fritz-Haber In",[8] 2019 doi:10.1063/1.5065786 An ultra-flexible modular high vacuum setup for thin film deposition
"Wernig, Eva-Maria",9.6,1,,"Department of Physical Chemistry, University of Innsbruck 1 , Innrain 52c, A-6020 Innsbruck, Austria",[8] 2019 doi:10.1063/1.5065786 An ultra-flexible modular high vacuum setup for thin film deposition
"Klötzer, Bernhard",9.6,1,,"Department of Physical Chemistry, University of Innsbruck 1 , Innrain 52c, A-6020 Innsbruck, Austria",[8] 2019 doi:10.1063/1.5065786 An ultra-flexible modular high vacuum setup for thin film deposition
"Schachinger, Thomas",9.6,1,,"University Service Center for Transmission Electron Microscopy, TU Wien 4 , Wiedner Hauptstraße 8–10, A-1040 Vienna, Austria",[8] 2019 doi:10.1063/1.5065786 An ultra-flexible modular high vacuum setup for thin film deposition
"Kunze-Liebhäuser, Julia",9.6,1,,"Department of Physical Chemistry, University of Innsbruck 1 , Innrain 52c, A-6020 Innsbruck, Austria",[8] 2019 doi:10.1063/1.5065786 An ultra-flexible modular high vacuum setup for thin film deposition
"Fan, Qigao",9.6,1,,"College of Internet of Things Engineering, Jiangnan University 1 , Wuxi 214122, China",[8] 2019 doi:10.1063/1.5124111 Temperature field model and control strategy in gravity casting process
"Zhuang, Xiangpeng",9.6,1,,"College of Internet of Things Engineering, Jiangnan University 1 , Wuxi 214122, China",[8] 2019 doi:10.1063/1.5124111 Temperature field model and control strategy in gravity casting process
"Zhu, Yixing",9.6,1,,"College of Internet of Things Engineering, Jiangnan University 1 , Wuxi 214122, China",[8] 2019 doi:10.1063/1.5124111 Temperature field model and control strategy in gravity casting process
"Li, Yueyang",9.6,1,,"College of Internet of Things Engineering, Jiangnan University 1 , Wuxi 214122, China",[8] 2019 doi:10.1063/1.5124111 Temperature field model and control strategy in gravity casting process
"Xie, Linbo",9.6,1,,"College of Internet of Things Engineering, Jiangnan University 1 , Wuxi 214122, China",[8] 2019 doi:10.1063/1.5124111 Temperature field model and control strategy in gravity casting process
"Pan, Peng",9.6,1,,"Department of Mechanical Engineering, McGill University 2 , Montreal, Quebec H3A 0G4, Canada",[8] 2019 doi:10.1063/1.5124111 Temperature field model and control strategy in gravity casting process
"Peng, Ran",9.6,1,,"Department of Mechanical and Industrial Engineering, University of Toronto 3 , Toronto, Ontario M5S 3G8, Canada",[8] 2019 doi:10.1063/1.5124111 Temperature field model and control strategy in gravity casting process
"Zhang, Chi",9.6,1,,"College of Mechanical and Electrical Engineering, Nanjing University of Aeronautics and Astronautics , Nanjing 210016, China",[8] 2019 doi:10.1063/1.5119767 Research on one-dimensional motion control system and method of a magnetic levitation ball
"Lu, Yonghua",9.6,1,,"College of Mechanical and Electrical Engineering, Nanjing University of Aeronautics and Astronautics , Nanjing 210016, China",[8] 2019 doi:10.1063/1.5119767 Research on one-dimensional motion control system and method of a magnetic levitation ball
"Liu, Guancheng",9.6,1,,"College of Mechanical and Electrical Engineering, Nanjing University of Aeronautics and Astronautics , Nanjing 210016, China",[8] 2019 doi:10.1063/1.5119767 Research on one-dimensional motion control system and method of a magnetic levitation ball
"Ye, Zhibin",9.6,1,,"College of Mechanical and Electrical Engineering, Nanjing University of Aeronautics and Astronautics , Nanjing 210016, China",[8] 2019 doi:10.1063/1.5119767 Research on one-dimensional motion control system and method of a magnetic levitation ball
"Craciunescu, Teddy",9.5,1,,"National Institute for Laser, Plasma and Radiation Physics 1 , Magurele-Bucharest, Romania",[9] 2016 doi:10.1063/1.4939252 Evaluation of reconstruction errors and identification of artefacts for JET gamma and neut
"Murari, Andrea",9.5,1,,"Consorzio RFX 2 , Padova, Italy",[9] 2016 doi:10.1063/1.4939252 Evaluation of reconstruction errors and identification of artefacts for JET gamma and neut
"Kiptily, Vasily",9.5,1,,"CCFE Culham Science Centre 3 , Abingdon, Oxon OX14 3DB, United Kingdom",[9] 2016 doi:10.1063/1.4939252 Evaluation of reconstruction errors and identification of artefacts for JET gamma and neut
"Lupelli, Ivan",9.5,1,,"CCFE Culham Science Centre 3 , Abingdon, Oxon OX14 3DB, United Kingdom | University of Rome “Tor Vergata,” 4 Roma, Italy",[9] 2016 doi:10.1063/1.4939252 Evaluation of reconstruction errors and identification of artefacts for JET gamma and neut
"Fernandes, Ana",9.5,1,,"Universidade de Lisboa 5 Instituto de Plasmas e Fusão Nuclear, Instituto Superior Técnico, , Lisboa, Portugal",[9] 2016 doi:10.1063/1.4939252 Evaluation of reconstruction errors and identification of artefacts for JET gamma and neut
"Sharapov, Sergei",9.5,1,,"CCFE Culham Science Centre 3 , Abingdon, Oxon OX14 3DB, United Kingdom",[9] 2016 doi:10.1063/1.4939252 Evaluation of reconstruction errors and identification of artefacts for JET gamma and neut
"Tiseanu, Ion",9.5,1,,"National Institute for Laser, Plasma and Radiation Physics 1 , Magurele-Bucharest, Romania",[9] 2016 doi:10.1063/1.4939252 Evaluation of reconstruction errors and identification of artefacts for JET gamma and neut
"Zoita, Vasile",9.5,1,,"National Institute for Laser, Plasma and Radiation Physics 1 , Magurele-Bucharest, Romania",[9] 2016 doi:10.1063/1.4939252 Evaluation of reconstruction errors and identification of artefacts for JET gamma and neut
"Wu, W.",9.5,1,,"Huazhong University of Science and Technology MOE Key Laboratory of Fundamental Physical Quantities Measurement, School of Physics, , Wuhan 430074, China",[9] 2016 doi:10.1063/1.4941718 Design verification of large time constant thermal shields for optical reference cavities
"Shi, X. H.",9.5,1,,"Huazhong University of Science and Technology MOE Key Laboratory of Fundamental Physical Quantities Measurement, School of Physics, , Wuhan 430074, China",[9] 2016 doi:10.1063/1.4941718 Design verification of large time constant thermal shields for optical reference cavities
"Zeng, X. Y.",9.5,1,,"Huazhong University of Science and Technology MOE Key Laboratory of Fundamental Physical Quantities Measurement, School of Physics, , Wuhan 430074, China",[9] 2016 doi:10.1063/1.4941718 Design verification of large time constant thermal shields for optical reference cavities
"Kwolek, J. M.",9.5,1,,"University of Connecticut 1 Physics Department, , Storrs, Connecticut 06269, USA",[9] 2016 doi:10.1063/1.4948289 Simple locking of infrared and ultraviolet diode lasers to a visible laser using a LabVIEW
"Wells, J. E.",9.5,1,,"University of Connecticut 1 Physics Department, , Storrs, Connecticut 06269, USA",[9] 2016 doi:10.1063/1.4948289 Simple locking of infrared and ultraviolet diode lasers to a visible laser using a LabVIEW
"Goodman, D. S.",9.5,1,,"University of Connecticut 1 Physics Department, , Storrs, Connecticut 06269, USA | Wentworth Institute of Technology 2 Department of Sciences, , Boston, Massachusetts 02115, USA",[9] 2016 doi:10.1063/1.4948289 Simple locking of infrared and ultraviolet diode lasers to a visible laser using a LabVIEW
"Smith, W. W.",9.5,1,,"University of Connecticut 1 Physics Department, , Storrs, Connecticut 06269, USA",[9] 2016 doi:10.1063/1.4948289 Simple locking of infrared and ultraviolet diode lasers to a visible laser using a LabVIEW
"Tamtögl, A.",9.5,1,,"Cavendish Laboratory , J. J. Thompson Avenue, Cambridge CB3 0HE, United Kingdom",[9] 2016 doi:10.1063/1.4954728 Note: A simple sample transfer alignment for ultra-high vacuum systems
"Carter, E. A.",9.5,1,,"Cavendish Laboratory , J. J. Thompson Avenue, Cambridge CB3 0HE, United Kingdom",[9] 2016 doi:10.1063/1.4954728 Note: A simple sample transfer alignment for ultra-high vacuum systems
"Ward, D. J.",9.5,1,,"Cavendish Laboratory , J. J. Thompson Avenue, Cambridge CB3 0HE, United Kingdom",[9] 2016 doi:10.1063/1.4954728 Note: A simple sample transfer alignment for ultra-high vacuum systems
"Avidor, N.",9.5,1,,"Cavendish Laboratory , J. J. Thompson Avenue, Cambridge CB3 0HE, United Kingdom",[9] 2016 doi:10.1063/1.4954728 Note: A simple sample transfer alignment for ultra-high vacuum systems
"Kole, P. R.",9.5,1,,"Cavendish Laboratory , J. J. Thompson Avenue, Cambridge CB3 0HE, United Kingdom",[9] 2016 doi:10.1063/1.4954728 Note: A simple sample transfer alignment for ultra-high vacuum systems
"Jardine, A. P.",9.5,1,,"Cavendish Laboratory , J. J. Thompson Avenue, Cambridge CB3 0HE, United Kingdom",[9] 2016 doi:10.1063/1.4954728 Note: A simple sample transfer alignment for ultra-high vacuum systems
"Allison, W.",9.5,1,,"Cavendish Laboratory , J. J. Thompson Avenue, Cambridge CB3 0HE, United Kingdom",[9] 2016 doi:10.1063/1.4954728 Note: A simple sample transfer alignment for ultra-high vacuum systems
"Hammond, K. C.",9.5,1,,"Columbia University 1 Department of Applied Physics and Applied Mathematics, , New York, New York 10027, USA",[9] 2016 doi:10.1063/1.4960309 Onion-peeling inversion of stellarator images
"Diaz-Pacheco, R. R.",9.5,1,,"Columbia University 1 Department of Applied Physics and Applied Mathematics, , New York, New York 10027, USA",[9] 2016 doi:10.1063/1.4960309 Onion-peeling inversion of stellarator images
"Kornbluth, Y.",9.5,1,,"Yeshiva University 2 , New York, New York 10033, USA",[9] 2016 doi:10.1063/1.4960309 Onion-peeling inversion of stellarator images
"Volpe, F. A.",9.5,1,,"Columbia University 1 Department of Applied Physics and Applied Mathematics, , New York, New York 10027, USA",[9] 2016 doi:10.1063/1.4960309 Onion-peeling inversion of stellarator images
"Wei, Y.",9.5,1,,"Columbia University 1 Department of Applied Physics and Applied Mathematics, , New York, New York 10027, USA",[9] 2016 doi:10.1063/1.4960309 Onion-peeling inversion of stellarator images
"Salvador, C.",9.5,1,,"University of Huelva 1 Applied Electrochemistry Laboratory, Faculty of Experimental Sciences, , Av. 3 de Marzo s/n., 21007 Huelva, Spain",[9] 2016 doi:10.1063/1.4952419 Open ISEmeter: An open hardware high-impedance interface for potentiometric detection
"Mesa, M. S.",9.5,1,,"University of Huelva 2 Department of Electronics Engineering, Computers and Automatic, ETSI, , Campus de La Rabida, 21810 Huelva, Spain",[9] 2016 doi:10.1063/1.4952419 Open ISEmeter: An open hardware high-impedance interface for potentiometric detection
"Durán, E.",9.5,1,,"University of Huelva 2 Department of Electronics Engineering, Computers and Automatic, ETSI, , Campus de La Rabida, 21810 Huelva, Spain",[9] 2016 doi:10.1063/1.4952419 Open ISEmeter: An open hardware high-impedance interface for potentiometric detection
"Alvarez, J. L.",9.5,1,,"University of Huelva 3 Department of Information Technologies, ETSI, , Campus de La Rabida, 21810 Huelva, Spain",[9] 2016 doi:10.1063/1.4952419 Open ISEmeter: An open hardware high-impedance interface for potentiometric detection
"Carbajo, J.",9.5,1,,"University of Huelva 1 Applied Electrochemistry Laboratory, Faculty of Experimental Sciences, , Av. 3 de Marzo s/n., 21007 Huelva, Spain",[9] 2016 doi:10.1063/1.4952419 Open ISEmeter: An open hardware high-impedance interface for potentiometric detection
"Mozo, J. D.",9.5,1,,"University of Huelva 1 Applied Electrochemistry Laboratory, Faculty of Experimental Sciences, , Av. 3 de Marzo s/n., 21007 Huelva, Spain",[9] 2016 doi:10.1063/1.4952419 Open ISEmeter: An open hardware high-impedance interface for potentiometric detection
"Aguilar-Tapia, Antonio",9.2,1,,"Institut Néel, UPR 2940 CNRS–Université Grenoble Alpes 2 , F-38000 Grenoble, France | King Abdullah University of Science and Technology (KAUST), KAUST Catalysis Center (KCC) and Physical Sciences and",[8] 2018 doi:10.1063/1.4998929 A new high temperature reactor for operando XAS: Application for the dry reforming of meth
"Basset, Jean-Marie",9.2,1,,"King Abdullah University of Science and Technology (KAUST), KAUST Catalysis Center (KCC) and Physical Sciences and Engineering Division (PSE) 1 , 4700 KAUST, Thuwal 23955-6900, Saudi Arabia",[8] 2018 doi:10.1063/1.4998929 A new high temperature reactor for operando XAS: Application for the dry reforming of meth
"Takanabe, Kazuhiro",9.2,1,,"King Abdullah University of Science and Technology (KAUST), KAUST Catalysis Center (KCC) and Physical Sciences and Engineering Division (PSE) 1 , 4700 KAUST, Thuwal 23955-6900, Saudi Arabia",[8] 2018 doi:10.1063/1.4998929 A new high temperature reactor for operando XAS: Application for the dry reforming of meth
"Schlicker, Lukas",9.2,1,,"Fachgebiet Keramische Werkstoffe / Chair of Advanced Ceramic Materials, Institut für Werkstoffwissenschaften- und Technologien, Technische Universität Berlin 1 , Hardenbergstr. 40, D-10623 Berlin, Ger",[8] 2018 doi:10.1063/1.5001695 Transmission in situ and operando high temperature X-ray powder diffraction in variable ga
"Schneppmüller, Peter",9.2,1,,"Fachgebiet Keramische Werkstoffe / Chair of Advanced Ceramic Materials, Institut für Werkstoffwissenschaften- und Technologien, Technische Universität Berlin 1 , Hardenbergstr. 40, D-10623 Berlin, Ger",[8] 2018 doi:10.1063/1.5001695 Transmission in situ and operando high temperature X-ray powder diffraction in variable ga
"Gili, Albert",9.2,1,,"Fachgebiet Keramische Werkstoffe / Chair of Advanced Ceramic Materials, Institut für Werkstoffwissenschaften- und Technologien, Technische Universität Berlin 1 , Hardenbergstr. 40, D-10623 Berlin, Ger",[8] 2018 doi:10.1063/1.5001695 Transmission in situ and operando high temperature X-ray powder diffraction in variable ga
"Czasny, Mathias",9.2,1,,"Fachgebiet Keramische Werkstoffe / Chair of Advanced Ceramic Materials, Institut für Werkstoffwissenschaften- und Technologien, Technische Universität Berlin 1 , Hardenbergstr. 40, D-10623 Berlin, Ger",[8] 2018 doi:10.1063/1.5001695 Transmission in situ and operando high temperature X-ray powder diffraction in variable ga
"Gurlo, Aleksander",9.2,1,,"Fachgebiet Keramische Werkstoffe / Chair of Advanced Ceramic Materials, Institut für Werkstoffwissenschaften- und Technologien, Technische Universität Berlin 1 , Hardenbergstr. 40, D-10623 Berlin, Ger",[8] 2018 doi:10.1063/1.5001695 Transmission in situ and operando high temperature X-ray powder diffraction in variable ga
"Partner, Heather L.",9.2,1,,"AG Nanooptik, Institut für Physik, Humboldt Universität zu Berlin , Newtonstraße 15, 12489 Berlin, Germany",[8] 2018 doi:10.1063/1.5007924 Printed-circuit-board linear Paul trap for manipulating single nano- and microparticles
"Zoll, Joachim",9.2,1,,"AG Nanooptik, Institut für Physik, Humboldt Universität zu Berlin , Newtonstraße 15, 12489 Berlin, Germany",[8] 2018 doi:10.1063/1.5007924 Printed-circuit-board linear Paul trap for manipulating single nano- and microparticles
"Kuhlicke, Alexander",9.2,1,,"AG Nanooptik, Institut für Physik, Humboldt Universität zu Berlin , Newtonstraße 15, 12489 Berlin, Germany",[8] 2018 doi:10.1063/1.5007924 Printed-circuit-board linear Paul trap for manipulating single nano- and microparticles
"Benson, Oliver",9.2,1,,"AG Nanooptik, Institut für Physik, Humboldt Universität zu Berlin , Newtonstraße 15, 12489 Berlin, Germany",[8] 2018 doi:10.1063/1.5007924 Printed-circuit-board linear Paul trap for manipulating single nano- and microparticles
"Ma, Hongjun",9.2,1,,"Hefei Institutes of Physical Science, Chinese Academy of Sciences 1 , Hefei 230031, People’s Republic of China | University of Science and Technology of China 2 , Hefei 230026, People’s Republic of Ch",[8] 2018 doi:10.1063/1.4996057 Critical current measurements of high-temperature superconducting short samples at a wide 
"Liu, Huajun",9.2,1,,"Hefei Institutes of Physical Science, Chinese Academy of Sciences 1 , Hefei 230031, People’s Republic of China",[8] 2018 doi:10.1063/1.4996057 Critical current measurements of high-temperature superconducting short samples at a wide 
"Liu, Fang",9.2,1,,"Hefei Institutes of Physical Science, Chinese Academy of Sciences 1 , Hefei 230031, People’s Republic of China",[8] 2018 doi:10.1063/1.4996057 Critical current measurements of high-temperature superconducting short samples at a wide 
"Zhang, Huahui",9.2,1,,"Hefei Institutes of Physical Science, Chinese Academy of Sciences 1 , Hefei 230031, People’s Republic of China | University of Science and Technology of China 2 , Hefei 230026, People’s Republic of Ch",[8] 2018 doi:10.1063/1.4996057 Critical current measurements of high-temperature superconducting short samples at a wide 
"Ci, Lu",9.2,1,,"Hefei Institutes of Physical Science, Chinese Academy of Sciences 1 , Hefei 230031, People’s Republic of China | University of Science and Technology of China 2 , Hefei 230026, People’s Republic of Ch",[8] 2018 doi:10.1063/1.4996057 Critical current measurements of high-temperature superconducting short samples at a wide 
"Shi, Yi",9.2,1,,"Hefei Institutes of Physical Science, Chinese Academy of Sciences 1 , Hefei 230031, People’s Republic of China",[8] 2018 doi:10.1063/1.4996057 Critical current measurements of high-temperature superconducting short samples at a wide 
"Lei, Lei",9.2,1,,"Hefei Institutes of Physical Science, Chinese Academy of Sciences 1 , Hefei 230031, People’s Republic of China",[8] 2018 doi:10.1063/1.4996057 Critical current measurements of high-temperature superconducting short samples at a wide 
"Jager, Marieke F.",9.2,1,,"Department of Chemistry, University of California 1 , Berkeley, California 94720, USA",[8] 2018 doi:10.1063/1.4994041 Attosecond transient absorption instrumentation for thin film materials: Phase transitions
"Ott, Christian",9.2,1,,"Department of Chemistry, University of California 1 , Berkeley, California 94720, USA | Department of Physics, University of California 2 , Berkeley, California 94720, USA",[8] 2018 doi:10.1063/1.4994041 Attosecond transient absorption instrumentation for thin film materials: Phase transitions
"Kaplan, Christopher J.",9.2,1,,"Department of Chemistry, University of California 1 , Berkeley, California 94720, USA",[8] 2018 doi:10.1063/1.4994041 Attosecond transient absorption instrumentation for thin film materials: Phase transitions
"Kraus, Peter M.",9.2,1,,"Department of Chemistry, University of California 1 , Berkeley, California 94720, USA",[8] 2018 doi:10.1063/1.4994041 Attosecond transient absorption instrumentation for thin film materials: Phase transitions
"Neumark, Daniel M.",9.2,1,,"Chemical Sciences Division, Lawrence Berkeley National Laboratory 3 , Berkeley, California 94720, USA | Department of Chemistry, University of California 1 , Berkeley, California 94720, USA",[8] 2018 doi:10.1063/1.4994041 Attosecond transient absorption instrumentation for thin film materials: Phase transitions
"Leone, Stephen R.",9.2,1,,"Chemical Sciences Division, Lawrence Berkeley National Laboratory 3 , Berkeley, California 94720, USA | Department of Chemistry, University of California 1 , Berkeley, California 94720, USA | Departme",[8] 2018 doi:10.1063/1.4994041 Attosecond transient absorption instrumentation for thin film materials: Phase transitions
"Englund, Carl-Johan",9.0,1,,"Uppsala University Department of Physics and Astronomy, , P.O. Box 516, SE-751 20 Uppsala, Sweden",[9] 2015 doi:10.1063/1.4931041 An ultra-high vacuum chamber for scattering experiments featuring in-vacuum continuous in-
"Agåker, Marcus",9.0,1,,"Uppsala University Department of Physics and Astronomy, , P.O. Box 516, SE-751 20 Uppsala, Sweden",[9] 2015 doi:10.1063/1.4931041 An ultra-high vacuum chamber for scattering experiments featuring in-vacuum continuous in-
"Fredriksson, Pierre",9.0,1,,"Uppsala University Department of Physics and Astronomy, , P.O. Box 516, SE-751 20 Uppsala, Sweden",[9] 2015 doi:10.1063/1.4931041 An ultra-high vacuum chamber for scattering experiments featuring in-vacuum continuous in-
"Olsson, Anders",9.0,1,,"Uppsala University Department of Physics and Astronomy, , P.O. Box 516, SE-751 20 Uppsala, Sweden",[9] 2015 doi:10.1063/1.4931041 An ultra-high vacuum chamber for scattering experiments featuring in-vacuum continuous in-
"Johansson, Niklas",9.0,1,,"Uppsala University Department of Physics and Astronomy, , P.O. Box 516, SE-751 20 Uppsala, Sweden",[9] 2015 doi:10.1063/1.4931041 An ultra-high vacuum chamber for scattering experiments featuring in-vacuum continuous in-
"Rubensson, Jan-Erik",9.0,1,,"Uppsala University Department of Physics and Astronomy, , P.O. Box 516, SE-751 20 Uppsala, Sweden",[9] 2015 doi:10.1063/1.4931041 An ultra-high vacuum chamber for scattering experiments featuring in-vacuum continuous in-
"Nordgren, Joseph",9.0,1,,"Uppsala University Department of Physics and Astronomy, , P.O. Box 516, SE-751 20 Uppsala, Sweden",[9] 2015 doi:10.1063/1.4931041 An ultra-high vacuum chamber for scattering experiments featuring in-vacuum continuous in-
"Roy, Anindya",9.0,1,,"Variable Energy Cyclotron Centre , 1/AF Bidhan Nagar, Kolkata 700064, India","[9] 2015 doi:10.1063/1.4915318 Implementation of EPICS based vacuum control system for variable energy cyclotron centre, "
"Bhole, R. B.",9.0,1,,"Variable Energy Cyclotron Centre , 1/AF Bidhan Nagar, Kolkata 700064, India","[9] 2015 doi:10.1063/1.4915318 Implementation of EPICS based vacuum control system for variable energy cyclotron centre, "
"Nandy, Partha P.",9.0,1,,"Variable Energy Cyclotron Centre , 1/AF Bidhan Nagar, Kolkata 700064, India","[9] 2015 doi:10.1063/1.4915318 Implementation of EPICS based vacuum control system for variable energy cyclotron centre, "
"Yadav, R. C.",9.0,1,,"Variable Energy Cyclotron Centre , 1/AF Bidhan Nagar, Kolkata 700064, India","[9] 2015 doi:10.1063/1.4915318 Implementation of EPICS based vacuum control system for variable energy cyclotron centre, "
"Pal, Sarbajit",9.0,1,,"Variable Energy Cyclotron Centre , 1/AF Bidhan Nagar, Kolkata 700064, India","[9] 2015 doi:10.1063/1.4915318 Implementation of EPICS based vacuum control system for variable energy cyclotron centre, "
"Zhang, Xiao-Dong",9.0,1,,"Huazhong University of Science and Technology Laboratory of Solid State Ionics, School of Materials Science and Engineering, , Wuhan 430074, People’s Republic of China",[9] 2015 doi:10.1063/1.4934860 Oxygen pump based on stabilized zirconia
"Li, Jian-Jun",9.0,1,,"Huazhong University of Science and Technology Laboratory of Solid State Ionics, School of Materials Science and Engineering, , Wuhan 430074, People’s Republic of China",[9] 2015 doi:10.1063/1.4934860 Oxygen pump based on stabilized zirconia
"Guo, Xin",9.0,1,,"Huazhong University of Science and Technology Laboratory of Solid State Ionics, School of Materials Science and Engineering, , Wuhan 430074, People’s Republic of China",[9] 2015 doi:10.1063/1.4934860 Oxygen pump based on stabilized zirconia
"Pavei, Mauro",9.0,1,,"Consorzio RFX 2 , Corso Stati Uniti, 4, I-35127 Padova, Italy",[9] 2015 doi:10.1063/1.4933017 Design optimization of RF lines in vacuum environment for the MITICA experiment
"Rossetto, Federico",9.0,1,,"Consorzio RFX 2 , Corso Stati Uniti, 4, I-35127 Padova, Italy",[9] 2015 doi:10.1063/1.4933017 Design optimization of RF lines in vacuum environment for the MITICA experiment
"Marcuzzi, Diego",9.0,1,,"Consorzio RFX 2 , Corso Stati Uniti, 4, I-35127 Padova, Italy",[9] 2015 doi:10.1063/1.4933017 Design optimization of RF lines in vacuum environment for the MITICA experiment
"Miorin, Enrico",9.0,1,,"IENI-CNR 3 , Corso Stati Uniti, 4, I-35127 Padova, Italy",[9] 2015 doi:10.1063/1.4933017 Design optimization of RF lines in vacuum environment for the MITICA experiment
"Deambrosis, Silvia M.",9.0,1,,"IENI-CNR 3 , Corso Stati Uniti, 4, I-35127 Padova, Italy",[9] 2015 doi:10.1063/1.4933017 Design optimization of RF lines in vacuum environment for the MITICA experiment
"Zhang, Kejun",9.0,1,,"Chinese Academy of Sciences 1 Key Laboratory of Materials Physics, Institute of Solid State Physics, , Hefei 230031, People’s Republic of China",[9] 2015 doi:10.1063/1.4930180 Development of a high magnetic field assisted pulsed laser deposition system
"Dai, Jianming",9.0,1,,"Chinese Academy of Sciences 1 Key Laboratory of Materials Physics, Institute of Solid State Physics, , Hefei 230031, People’s Republic of China",[9] 2015 doi:10.1063/1.4930180 Development of a high magnetic field assisted pulsed laser deposition system
"Wu, Wenbin",9.0,1,,"Chinese Academy of Sciences 3 High Magnetic Field Laboratory, , Hefei 230031, People’s Republic of China | University of Science and Technology of China 2 Hefei National Laboratory for Physical Scienc",[9] 2015 doi:10.1063/1.4930180 Development of a high magnetic field assisted pulsed laser deposition system
"Zhang, Peng",9.0,1,,"Chinese Academy of Sciences 1 Key Laboratory of Materials Physics, Institute of Solid State Physics, , Hefei 230031, People’s Republic of China | University of Science and Technology of China 2 Hefei ",[9] 2015 doi:10.1063/1.4930180 Development of a high magnetic field assisted pulsed laser deposition system
"Zuo, Xuzhong",9.0,1,,"Chinese Academy of Sciences 1 Key Laboratory of Materials Physics, Institute of Solid State Physics, , Hefei 230031, People’s Republic of China",[9] 2015 doi:10.1063/1.4930180 Development of a high magnetic field assisted pulsed laser deposition system
"Zhou, Shu",9.0,1,,"Chinese Academy of Sciences 4 Anhui Institute of Optics and Fine Mechanics, , Hefei 230031, People’s Republic of China",[9] 2015 doi:10.1063/1.4930180 Development of a high magnetic field assisted pulsed laser deposition system
"Zhu, Xuebin",9.0,1,,"Chinese Academy of Sciences 1 Key Laboratory of Materials Physics, Institute of Solid State Physics, , Hefei 230031, People’s Republic of China",[9] 2015 doi:10.1063/1.4930180 Development of a high magnetic field assisted pulsed laser deposition system
"Sheng, Zhigao",9.0,1,,"Chinese Academy of Sciences 3 High Magnetic Field Laboratory, , Hefei 230031, People’s Republic of China",[9] 2015 doi:10.1063/1.4930180 Development of a high magnetic field assisted pulsed laser deposition system
"Liang, Changhao",9.0,1,,"Chinese Academy of Sciences 1 Key Laboratory of Materials Physics, Institute of Solid State Physics, , Hefei 230031, People’s Republic of China",[9] 2015 doi:10.1063/1.4930180 Development of a high magnetic field assisted pulsed laser deposition system
"Sun, Yuping",9.0,1,,"Chinese Academy of Sciences 1 Key Laboratory of Materials Physics, Institute of Solid State Physics, , Hefei 230031, People’s Republic of China | Chinese Academy of Sciences 3 High Magnetic Field Labo",[9] 2015 doi:10.1063/1.4930180 Development of a high magnetic field assisted pulsed laser deposition system
"Faurie, D.",8.8,1,,"Sorbonne Paris Cité 1 LSPM-CNRS, Université Paris 13, , 93430 Villetaneuse, France",[8] 2017 doi:10.1063/1.4975637 Setup for high-temperature surface Brillouin light scattering: Application to opaque thin 
"Girodon-Boulandet, N.",8.8,1,,"Sorbonne Paris Cité 1 LSPM-CNRS, Université Paris 13, , 93430 Villetaneuse, France",[8] 2017 doi:10.1063/1.4975637 Setup for high-temperature surface Brillouin light scattering: Application to opaque thin 
"Kaladjian, A.",8.8,1,,"Sorbonne Paris Cité 2 LPL, UMR7538, Université Paris 13, , 93430 Villetaneuse, France",[8] 2017 doi:10.1063/1.4975637 Setup for high-temperature surface Brillouin light scattering: Application to opaque thin 
"Challali, F.",8.8,1,,"Sorbonne Paris Cité 1 LSPM-CNRS, Université Paris 13, , 93430 Villetaneuse, France",[8] 2017 doi:10.1063/1.4975637 Setup for high-temperature surface Brillouin light scattering: Application to opaque thin 
"Abadias, G.",8.8,1,,"Université de Poitiers 3 Institut Pprime, CNRS, Département de Physique et Mécanique des Matériaux, , UPR 3346, BP 30179, 86962 Futuroscope, France",[8] 2017 doi:10.1063/1.4975637 Setup for high-temperature surface Brillouin light scattering: Application to opaque thin 
"Djemia, P.",8.8,1,,"Sorbonne Paris Cité 1 LSPM-CNRS, Université Paris 13, , 93430 Villetaneuse, France",[8] 2017 doi:10.1063/1.4975637 Setup for high-temperature surface Brillouin light scattering: Application to opaque thin 
"Nicklin, Chris",8.8,1,,"Diamond Light Source, Ltd 1 ., Harwell Science and Innovation Campus, Chilton OX11 0DE, United Kingdom",[8] 2017 doi:10.1063/1.4989761 MINERVA: A facility to study Microstructure and INterface Evolution in Realtime under VAcu
"Martinez-Hardigree, Josue",8.8,1,,"Clarendon Laboratory, University of Oxford 2 , Oxford OX1 3PU, United Kingdom",[8] 2017 doi:10.1063/1.4989761 MINERVA: A facility to study Microstructure and INterface Evolution in Realtime under VAcu
"Warne, Adam",8.8,1,,"Diamond Light Source, Ltd 1 ., Harwell Science and Innovation Campus, Chilton OX11 0DE, United Kingdom",[8] 2017 doi:10.1063/1.4989761 MINERVA: A facility to study Microstructure and INterface Evolution in Realtime under VAcu
"Green, Stephen",8.8,1,,"Diamond Light Source, Ltd 1 ., Harwell Science and Innovation Campus, Chilton OX11 0DE, United Kingdom",[8] 2017 doi:10.1063/1.4989761 MINERVA: A facility to study Microstructure and INterface Evolution in Realtime under VAcu
"Burt, Martin",8.8,1,,"Diamond Light Source, Ltd 1 ., Harwell Science and Innovation Campus, Chilton OX11 0DE, United Kingdom",[8] 2017 doi:10.1063/1.4989761 MINERVA: A facility to study Microstructure and INterface Evolution in Realtime under VAcu
"Naylor, John",8.8,1,,"Kurt J. Lesker Company 3 , Hastings TN35 4NR, United Kingdom",[8] 2017 doi:10.1063/1.4989761 MINERVA: A facility to study Microstructure and INterface Evolution in Realtime under VAcu
"Dorman, Adam",8.8,1,,"Kurt J. Lesker Company 3 , Hastings TN35 4NR, United Kingdom",[8] 2017 doi:10.1063/1.4989761 MINERVA: A facility to study Microstructure and INterface Evolution in Realtime under VAcu
"Wicks, Dean",8.8,1,,"Kurt J. Lesker Company 3 , Hastings TN35 4NR, United Kingdom",[8] 2017 doi:10.1063/1.4989761 MINERVA: A facility to study Microstructure and INterface Evolution in Realtime under VAcu
"Din, Salahud",8.8,1,,"Kurt J. Lesker Company 3 , Hastings TN35 4NR, United Kingdom",[8] 2017 doi:10.1063/1.4989761 MINERVA: A facility to study Microstructure and INterface Evolution in Realtime under VAcu
"Riede, Moritz",8.8,1,,"Clarendon Laboratory, University of Oxford 2 , Oxford OX1 3PU, United Kingdom",[8] 2017 doi:10.1063/1.4989761 MINERVA: A facility to study Microstructure and INterface Evolution in Realtime under VAcu
"Xu, Donghua",8.8,1,,"Oregon State University School of Mechanical, Industrial and Manufacturing Engineering, , Corvallis, Oregon 97331, USA",[8] 2017 doi:10.1063/1.4977484 A versatile approach to vacuum injection casting for materials research and development
"Xu, Yifan",8.8,1,,"Oregon State University School of Mechanical, Industrial and Manufacturing Engineering, , Corvallis, Oregon 97331, USA",[8] 2017 doi:10.1063/1.4977484 A versatile approach to vacuum injection casting for materials research and development
"Richards, Jeffrey J.",8.8,1,,"NIST Center for Neutron Research, National Institute of Standards and Technology 1 , Gaithersburg, Maryland 20899, USA","[8] 2017 doi:10.1063/1.4986770 A strain-controlled RheoSANS instrument for the measurement of the microstructural, electr"
"Wagner, Norman J.",8.8,1,,"Department of Chemical and Biomolecular Engineering, Center for Neutron Science, University of Delaware 2 , Newark, Delaware 98195, USA","[8] 2017 doi:10.1063/1.4986770 A strain-controlled RheoSANS instrument for the measurement of the microstructural, electr"
"Butler, Paul D.",8.8,1,,"NIST Center for Neutron Research, National Institute of Standards and Technology 1 , Gaithersburg, Maryland 20899, USA","[8] 2017 doi:10.1063/1.4986770 A strain-controlled RheoSANS instrument for the measurement of the microstructural, electr"
"Leffler, T.",8.8,1,,"Lund University 2 Division of Combustion Physics, , Box 118, SE-221 00 Lund, Sweden | Strategic Development 1 R&D, , Vattenfall AB, 814 26 Älvkarleby, Sweden",[8] 2017 doi:10.1063/1.4975590 Development of an alkali chloride vapour-generating apparatus for calibration of ultraviol
"Brackmann, C.",8.8,1,,"Lund University 2 Division of Combustion Physics, , Box 118, SE-221 00 Lund, Sweden",[8] 2017 doi:10.1063/1.4975590 Development of an alkali chloride vapour-generating apparatus for calibration of ultraviol
"Berg, M.",8.8,1,,"Strategic Development 1 R&D, , Vattenfall AB, 814 26 Älvkarleby, Sweden",[8] 2017 doi:10.1063/1.4975590 Development of an alkali chloride vapour-generating apparatus for calibration of ultraviol
"Aldén, M.",8.8,1,,"Lund University 2 Division of Combustion Physics, , Box 118, SE-221 00 Lund, Sweden",[8] 2017 doi:10.1063/1.4975590 Development of an alkali chloride vapour-generating apparatus for calibration of ultraviol
"Li, Z. S.",8.8,1,,"Lund University 2 Division of Combustion Physics, , Box 118, SE-221 00 Lund, Sweden",[8] 2017 doi:10.1063/1.4975590 Development of an alkali chloride vapour-generating apparatus for calibration of ultraviol
"Alvino, Jason F.",8.8,1,,"The University of Adelaide 1 Department of Chemistry, , South Australia 5005, Australia","[8] 2017 doi:10.1063/1.4982350 Apparatus for the investigation of high-temperature, high-pressure gas-phase heterogeneous"
"Bennett, Trystan",8.8,1,,"The University of Adelaide 1 Department of Chemistry, , South Australia 5005, Australia","[8] 2017 doi:10.1063/1.4982350 Apparatus for the investigation of high-temperature, high-pressure gas-phase heterogeneous"
"Kler, Rantej",8.8,1,,"Flinders University 2 Flinders Centre for NanoScale Science and Technology, , South Australia 5001, Australia","[8] 2017 doi:10.1063/1.4982350 Apparatus for the investigation of high-temperature, high-pressure gas-phase heterogeneous"
"Hudson, Rohan J.",8.8,1,,"The University of Adelaide 1 Department of Chemistry, , South Australia 5005, Australia","[8] 2017 doi:10.1063/1.4982350 Apparatus for the investigation of high-temperature, high-pressure gas-phase heterogeneous"
"Aupoil, Julien",8.8,1,,"The MacDiarmid Institute for Advanced Materials and Nanotechnology 3 , Wellington 6140, New Zealand","[8] 2017 doi:10.1063/1.4982350 Apparatus for the investigation of high-temperature, high-pressure gas-phase heterogeneous"
"Nann, Thomas",8.8,1,,"Victoria University of Wellington 4 School of Chemical and Physical Sciences, , Wellington 6140, New Zealand","[8] 2017 doi:10.1063/1.4982350 Apparatus for the investigation of high-temperature, high-pressure gas-phase heterogeneous"
"Golovko, Vladimir B.",8.8,1,,"The MacDiarmid Institute for Advanced Materials and Nanotechnology 3 , Wellington 6140, New Zealand","[8] 2017 doi:10.1063/1.4982350 Apparatus for the investigation of high-temperature, high-pressure gas-phase heterogeneous"
"Andersson, Gunther G.",8.8,1,,"Flinders University 2 Flinders Centre for NanoScale Science and Technology, , South Australia 5001, Australia","[8] 2017 doi:10.1063/1.4982350 Apparatus for the investigation of high-temperature, high-pressure gas-phase heterogeneous"
"Metha, Gregory F.",8.8,1,,"The University of Adelaide 1 Department of Chemistry, , South Australia 5005, Australia","[8] 2017 doi:10.1063/1.4982350 Apparatus for the investigation of high-temperature, high-pressure gas-phase heterogeneous"
"Zhang, Xingyi",8.4,1,,"Lanzhou University Key Laboratory of Mechanics on Disaster and Environment in Western China Attached to the Ministry of Education of China, , Lanzhou, Gansu 730000, People’s Republic of China and Depa",[8] 2016 doi:10.1063/1.4955443 A visualization instrument to investigate the mechanical-electro properties of high temper
"Liu, Cong",8.4,1,,"Lanzhou University Key Laboratory of Mechanics on Disaster and Environment in Western China Attached to the Ministry of Education of China, , Lanzhou, Gansu 730000, People’s Republic of China and Depa",[8] 2016 doi:10.1063/1.4955443 A visualization instrument to investigate the mechanical-electro properties of high temper
"Zhang, Wentao",8.4,1,,"Lanzhou University Key Laboratory of Mechanics on Disaster and Environment in Western China Attached to the Ministry of Education of China, , Lanzhou, Gansu 730000, People’s Republic of China and Depa",[8] 2016 doi:10.1063/1.4955443 A visualization instrument to investigate the mechanical-electro properties of high temper
"Zhou, Jun",8.4,1,,"Lanzhou University Key Laboratory of Mechanics on Disaster and Environment in Western China Attached to the Ministry of Education of China, , Lanzhou, Gansu 730000, People’s Republic of China and Depa",[8] 2016 doi:10.1063/1.4955443 A visualization instrument to investigate the mechanical-electro properties of high temper
"Zhou, YouHe",8.4,1,,"Lanzhou University Key Laboratory of Mechanics on Disaster and Environment in Western China Attached to the Ministry of Education of China, , Lanzhou, Gansu 730000, People’s Republic of China and Depa",[8] 2016 doi:10.1063/1.4955443 A visualization instrument to investigate the mechanical-electro properties of high temper
"Süss, B.",8.4,1,,"Freie Universität Berlin 1 Department of Physics, Experimental Molecular Biophysics, , Arnimallee 14, 14195 Berlin, Germany",[8] 2016 doi:10.1063/1.4953658 New ultrarapid-scanning interferometer for FT-IR spectroscopy with microsecond time-resolu
"Ringleb, F.",8.4,1,,"Institute for Crystal Growth 2 , Max-Born Straße 2, 12489 Berlin, Germany",[8] 2016 doi:10.1063/1.4953658 New ultrarapid-scanning interferometer for FT-IR spectroscopy with microsecond time-resolu
"Heberle, J.",8.4,1,,"Freie Universität Berlin 1 Department of Physics, Experimental Molecular Biophysics, , Arnimallee 14, 14195 Berlin, Germany",[8] 2016 doi:10.1063/1.4953658 New ultrarapid-scanning interferometer for FT-IR spectroscopy with microsecond time-resolu
"Schmehr, J. L.",8.4,1,,"University of California 2 Materials Department, , Santa Barbara, California 93106, USA | University of Edinburgh 1 SUPA, Centre for Science at Extreme Conditions and School of Physics and Astronomy, ",[8] 2016 doi:10.1063/1.4971300 Composition-tuning in a solid-state electrotransport furnace with active thermal expansion
"Whitley, W.",8.4,1,,"University of Edinburgh 1 SUPA, Centre for Science at Extreme Conditions and School of Physics and Astronomy, , Edinburgh EH9 3JZ, United Kingdom",[8] 2016 doi:10.1063/1.4971300 Composition-tuning in a solid-state electrotransport furnace with active thermal expansion
"Huxley, A. D.",8.4,1,,"University of Edinburgh 1 SUPA, Centre for Science at Extreme Conditions and School of Physics and Astronomy, , Edinburgh EH9 3JZ, United Kingdom",[8] 2016 doi:10.1063/1.4971300 Composition-tuning in a solid-state electrotransport furnace with active thermal expansion
"Bryan, Sean",8.4,1,,"Arizona State University 1 School of Earth and Space Exploration, , Tempe, Arizona 85287, USA",[8] 2016 doi:10.1063/1.4939435 A cryogenic rotation stage with a large clear aperture for the half-wave plates in the Spi
"Ade, Peter",8.4,1,,"Cardiff University 2 School of Physics and Astronomy, , Cardiff, United Kingdom",[8] 2016 doi:10.1063/1.4939435 A cryogenic rotation stage with a large clear aperture for the half-wave plates in the Spi
"Amiri, Mandana",8.4,1,,"University of British Columbia 3 Department of Physics and Astronomy, , Vancouver, British Columbia V6T 1Z1, Canada",[8] 2016 doi:10.1063/1.4939435 A cryogenic rotation stage with a large clear aperture for the half-wave plates in the Spi
"Benton, Steven",8.4,1,,"Princeton University 4 Department of Physics, , Princeton, New Jersey 08544, USA | University of Toronto 5 Department of Astronomy and Astrophysics, , Toronto, Ontario M5S 3H4, Canada",[8] 2016 doi:10.1063/1.4939435 A cryogenic rotation stage with a large clear aperture for the half-wave plates in the Spi
"Bihary, Richard",8.4,1,,"Case Western Reserve University 6 Department of Physics and CERCA, , Cleveland, Ohio 44106, USA",[8] 2016 doi:10.1063/1.4939435 A cryogenic rotation stage with a large clear aperture for the half-wave plates in the Spi
"Bock, James",8.4,1,,"California Institute of Technology 7 Division of Physics, Mathematics and Astronomy, , Pasadena, California 91125, USA | Jet Propulsion Laboratory 8 , Pasadena, California 91109, USA",[8] 2016 doi:10.1063/1.4939435 A cryogenic rotation stage with a large clear aperture for the half-wave plates in the Spi
"Bond, J. Richard",8.4,1,,"University of Toronto 9 Canadian Institute for Theoretical Astrophysics, , Toronto, Ontario M5S 3H8, Canada",[8] 2016 doi:10.1063/1.4939435 A cryogenic rotation stage with a large clear aperture for the half-wave plates in the Spi
"Chiang, H. Cynthia",8.4,1,,"University of KwaZulu-Natal 10 School of Mathematics, Statistics and Computer Science, , Durban, South Africa",[8] 2016 doi:10.1063/1.4939435 A cryogenic rotation stage with a large clear aperture for the half-wave plates in the Spi
"Contaldi, Carlo",8.4,1,,"Imperial College 11 Theoretical Physics, Blackett Laboratory, , London, United Kingdom",[8] 2016 doi:10.1063/1.4939435 A cryogenic rotation stage with a large clear aperture for the half-wave plates in the Spi
"Crill, Brendan",8.4,1,,"California Institute of Technology 7 Division of Physics, Mathematics and Astronomy, , Pasadena, California 91125, USA | Jet Propulsion Laboratory 8 , Pasadena, California 91109, USA",[8] 2016 doi:10.1063/1.4939435 A cryogenic rotation stage with a large clear aperture for the half-wave plates in the Spi
"Dore, Olivier",8.4,1,,"California Institute of Technology 7 Division of Physics, Mathematics and Astronomy, , Pasadena, California 91125, USA | Jet Propulsion Laboratory 8 , Pasadena, California 91109, USA",[8] 2016 doi:10.1063/1.4939435 A cryogenic rotation stage with a large clear aperture for the half-wave plates in the Spi
"Elder, Benjamin",8.4,1,,"Case Western Reserve University 6 Department of Physics and CERCA, , Cleveland, Ohio 44106, USA",[8] 2016 doi:10.1063/1.4939435 A cryogenic rotation stage with a large clear aperture for the half-wave plates in the Spi
"Filippini, Jeffrey",8.4,1,,"University of Illinois at Urbana-Champaign 12 Department of Physics, , Urbana, Illinois 61801, USA",[8] 2016 doi:10.1063/1.4939435 A cryogenic rotation stage with a large clear aperture for the half-wave plates in the Spi
"Fraisse, Aurelien",8.4,1,,"Princeton University 4 Department of Physics, , Princeton, New Jersey 08544, USA",[8] 2016 doi:10.1063/1.4939435 A cryogenic rotation stage with a large clear aperture for the half-wave plates in the Spi
"Gambrel, Anne",8.4,1,,"Princeton University 4 Department of Physics, , Princeton, New Jersey 08544, USA",[8] 2016 doi:10.1063/1.4939435 A cryogenic rotation stage with a large clear aperture for the half-wave plates in the Spi
"Gandilo, Natalie",8.4,1,,"University of Toronto 13 Department of Physics, , Toronto, Ontario M5S 1A7, Canada",[8] 2016 doi:10.1063/1.4939435 A cryogenic rotation stage with a large clear aperture for the half-wave plates in the Spi
"Gudmundsson, Jon",8.4,1,,"Princeton University 4 Department of Physics, , Princeton, New Jersey 08544, USA",[8] 2016 doi:10.1063/1.4939435 A cryogenic rotation stage with a large clear aperture for the half-wave plates in the Spi
"Hasselfield, Matthew",8.4,1,,"Princeton University 14 Department of Astrophysical Sciences, , Princeton, New Jersey 08544, USA | University of British Columbia 3 Department of Physics and Astronomy, , Vancouver, British Columbia V",[8] 2016 doi:10.1063/1.4939435 A cryogenic rotation stage with a large clear aperture for the half-wave plates in the Spi
"Halpern, Mark",8.4,1,,"University of British Columbia 3 Department of Physics and Astronomy, , Vancouver, British Columbia V6T 1Z1, Canada",[8] 2016 doi:10.1063/1.4939435 A cryogenic rotation stage with a large clear aperture for the half-wave plates in the Spi
"Hilton, Gene",8.4,1,,"National Institute of Standards and Technology 15 , Boulder, Colorado 80305, USA",[8] 2016 doi:10.1063/1.4939435 A cryogenic rotation stage with a large clear aperture for the half-wave plates in the Spi
"Holmes, Warren",8.4,1,,"Jet Propulsion Laboratory 8 , Pasadena, California 91109, USA",[8] 2016 doi:10.1063/1.4939435 A cryogenic rotation stage with a large clear aperture for the half-wave plates in the Spi
"Hristov, Viktor",8.4,1,,"California Institute of Technology 7 Division of Physics, Mathematics and Astronomy, , Pasadena, California 91125, USA",[8] 2016 doi:10.1063/1.4939435 A cryogenic rotation stage with a large clear aperture for the half-wave plates in the Spi
"Irwin, Kent",8.4,1,,"Stanford University 16 Department of Physics, , Stanford, California 94305, USA",[8] 2016 doi:10.1063/1.4939435 A cryogenic rotation stage with a large clear aperture for the half-wave plates in the Spi
"Jones, William",8.4,1,,"Princeton University 4 Department of Physics, , Princeton, New Jersey 08544, USA",[8] 2016 doi:10.1063/1.4939435 A cryogenic rotation stage with a large clear aperture for the half-wave plates in the Spi
"Kermish, Zigmund",8.4,1,,"Princeton University 4 Department of Physics, , Princeton, New Jersey 08544, USA",[8] 2016 doi:10.1063/1.4939435 A cryogenic rotation stage with a large clear aperture for the half-wave plates in the Spi
"Lawrie, Craig",8.4,1,,"Case Western Reserve University 6 Department of Physics and CERCA, , Cleveland, Ohio 44106, USA",[8] 2016 doi:10.1063/1.4939435 A cryogenic rotation stage with a large clear aperture for the half-wave plates in the Spi
"MacTavish, Carrie",8.4,1,,"University of Cambridge 17 Kavli Institute for Cosmology, , Cambridge, United Kingdom",[8] 2016 doi:10.1063/1.4939435 A cryogenic rotation stage with a large clear aperture for the half-wave plates in the Spi
"Mason, Peter",8.4,1,,"California Institute of Technology 7 Division of Physics, Mathematics and Astronomy, , Pasadena, California 91125, USA",[8] 2016 doi:10.1063/1.4939435 A cryogenic rotation stage with a large clear aperture for the half-wave plates in the Spi
"Megerian, Krikor",8.4,1,,"Jet Propulsion Laboratory 8 , Pasadena, California 91109, USA",[8] 2016 doi:10.1063/1.4939435 A cryogenic rotation stage with a large clear aperture for the half-wave plates in the Spi
"Moncelsi, Lorenzo",8.4,1,,"California Institute of Technology 7 Division of Physics, Mathematics and Astronomy, , Pasadena, California 91125, USA",[8] 2016 doi:10.1063/1.4939435 A cryogenic rotation stage with a large clear aperture for the half-wave plates in the Spi
"Montroy, Thomas",8.4,1,,"Case Western Reserve University 6 Department of Physics and CERCA, , Cleveland, Ohio 44106, USA",[8] 2016 doi:10.1063/1.4939435 A cryogenic rotation stage with a large clear aperture for the half-wave plates in the Spi
"Morford, Tracy",8.4,1,,"California Institute of Technology 7 Division of Physics, Mathematics and Astronomy, , Pasadena, California 91125, USA",[8] 2016 doi:10.1063/1.4939435 A cryogenic rotation stage with a large clear aperture for the half-wave plates in the Spi
"Nagy, Johanna",8.4,1,,"Case Western Reserve University 6 Department of Physics and CERCA, , Cleveland, Ohio 44106, USA",[8] 2016 doi:10.1063/1.4939435 A cryogenic rotation stage with a large clear aperture for the half-wave plates in the Spi
"Netterfield, C. Barth",8.4,1,,"Canadian Institute for Advanced Research, CIFAR Program in Cosmology and Gravity 18 , Toronto, Ontario M5S 3H8, Canada | University of Toronto 13 Department of Physics, , Toronto, Ontario M5S 1A7, Can",[8] 2016 doi:10.1063/1.4939435 A cryogenic rotation stage with a large clear aperture for the half-wave plates in the Spi
"Padilla, Ivan",8.4,1,,"University of Toronto 5 Department of Astronomy and Astrophysics, , Toronto, Ontario M5S 3H4, Canada",[8] 2016 doi:10.1063/1.4939435 A cryogenic rotation stage with a large clear aperture for the half-wave plates in the Spi
"Rahlin, Alexandra S.",8.4,1,,"Princeton University 4 Department of Physics, , Princeton, New Jersey 08544, USA",[8] 2016 doi:10.1063/1.4939435 A cryogenic rotation stage with a large clear aperture for the half-wave plates in the Spi
"Reintsema, Carl",8.4,1,,"National Institute of Standards and Technology 15 , Boulder, Colorado 80305, USA",[8] 2016 doi:10.1063/1.4939435 A cryogenic rotation stage with a large clear aperture for the half-wave plates in the Spi
"Riley, Daniel C.",8.4,1,,"Case Western Reserve University 6 Department of Physics and CERCA, , Cleveland, Ohio 44106, USA",[8] 2016 doi:10.1063/1.4939435 A cryogenic rotation stage with a large clear aperture for the half-wave plates in the Spi
"Ruhl, John",8.4,1,,"Case Western Reserve University 6 Department of Physics and CERCA, , Cleveland, Ohio 44106, USA",[8] 2016 doi:10.1063/1.4939435 A cryogenic rotation stage with a large clear aperture for the half-wave plates in the Spi
"Runyan, Marcus",8.4,1,,"Jet Propulsion Laboratory 8 , Pasadena, California 91109, USA",[8] 2016 doi:10.1063/1.4939435 A cryogenic rotation stage with a large clear aperture for the half-wave plates in the Spi
"Saliwanchik, Benjamin",8.4,1,,"Case Western Reserve University 6 Department of Physics and CERCA, , Cleveland, Ohio 44106, USA",[8] 2016 doi:10.1063/1.4939435 A cryogenic rotation stage with a large clear aperture for the half-wave plates in the Spi
"Shariff, Jamil",8.4,1,,"Case Western Reserve University 6 Department of Physics and CERCA, , Cleveland, Ohio 44106, USA | University of Toronto 5 Department of Astronomy and Astrophysics, , Toronto, Ontario M5S 3H4, Canada",[8] 2016 doi:10.1063/1.4939435 A cryogenic rotation stage with a large clear aperture for the half-wave plates in the Spi
"Soler, Juan",8.4,1,,"Institut d’Astrophysique Spatiale 19 , Orsay, France",[8] 2016 doi:10.1063/1.4939435 A cryogenic rotation stage with a large clear aperture for the half-wave plates in the Spi
"Trangsrud, Amy",8.4,1,,"California Institute of Technology 7 Division of Physics, Mathematics and Astronomy, , Pasadena, California 91125, USA | Jet Propulsion Laboratory 8 , Pasadena, California 91109, USA",[8] 2016 doi:10.1063/1.4939435 A cryogenic rotation stage with a large clear aperture for the half-wave plates in the Spi
"Tucker, Carole",8.4,1,,"Cardiff University 2 School of Physics and Astronomy, , Cardiff, United Kingdom",[8] 2016 doi:10.1063/1.4939435 A cryogenic rotation stage with a large clear aperture for the half-wave plates in the Spi
"Tucker, Rebecca",8.4,1,,"California Institute of Technology 7 Division of Physics, Mathematics and Astronomy, , Pasadena, California 91125, USA",[8] 2016 doi:10.1063/1.4939435 A cryogenic rotation stage with a large clear aperture for the half-wave plates in the Spi
"Turner, Anthony",8.4,1,,"Jet Propulsion Laboratory 8 , Pasadena, California 91109, USA",[8] 2016 doi:10.1063/1.4939435 A cryogenic rotation stage with a large clear aperture for the half-wave plates in the Spi
"Wen, Shyang",8.4,1,,"Case Western Reserve University 6 Department of Physics and CERCA, , Cleveland, Ohio 44106, USA",[8] 2016 doi:10.1063/1.4939435 A cryogenic rotation stage with a large clear aperture for the half-wave plates in the Spi
"Wiebe, Donald",8.4,1,,"University of British Columbia 3 Department of Physics and Astronomy, , Vancouver, British Columbia V6T 1Z1, Canada",[8] 2016 doi:10.1063/1.4939435 A cryogenic rotation stage with a large clear aperture for the half-wave plates in the Spi
"Young, Edward",8.4,1,,"Princeton University 4 Department of Physics, , Princeton, New Jersey 08544, USA",[8] 2016 doi:10.1063/1.4939435 A cryogenic rotation stage with a large clear aperture for the half-wave plates in the Spi
"Sela, P.",8.4,1,,"University of Duisburg-Essen Institute for Combustion and Gas Dynamics – Reactive Fluids, and CENIDE, Center for Nanointegration Duisburg-Essen, , Duisburg, Germany",[8] 2016 doi:10.1063/1.4963844 A single-pulse shock tube coupled with high-repetition-rate time-of-flight mass spectromet
"Shu, B.",8.4,1,,"University of Duisburg-Essen Institute for Combustion and Gas Dynamics – Reactive Fluids, and CENIDE, Center for Nanointegration Duisburg-Essen, , Duisburg, Germany",[8] 2016 doi:10.1063/1.4963844 A single-pulse shock tube coupled with high-repetition-rate time-of-flight mass spectromet
"Aghsaee, M.",8.4,1,,"University of Duisburg-Essen Institute for Combustion and Gas Dynamics – Reactive Fluids, and CENIDE, Center for Nanointegration Duisburg-Essen, , Duisburg, Germany",[8] 2016 doi:10.1063/1.4963844 A single-pulse shock tube coupled with high-repetition-rate time-of-flight mass spectromet
"Herzler, J.",8.4,1,,"University of Duisburg-Essen Institute for Combustion and Gas Dynamics – Reactive Fluids, and CENIDE, Center for Nanointegration Duisburg-Essen, , Duisburg, Germany",[8] 2016 doi:10.1063/1.4963844 A single-pulse shock tube coupled with high-repetition-rate time-of-flight mass spectromet
"Welz, O.",8.4,1,,"University of Duisburg-Essen Institute for Combustion and Gas Dynamics – Reactive Fluids, and CENIDE, Center for Nanointegration Duisburg-Essen, , Duisburg, Germany",[8] 2016 doi:10.1063/1.4963844 A single-pulse shock tube coupled with high-repetition-rate time-of-flight mass spectromet
"Fikri, M.",8.4,1,,"University of Duisburg-Essen Institute for Combustion and Gas Dynamics – Reactive Fluids, and CENIDE, Center for Nanointegration Duisburg-Essen, , Duisburg, Germany",[8] 2016 doi:10.1063/1.4963844 A single-pulse shock tube coupled with high-repetition-rate time-of-flight mass spectromet
"Schulz, C.",8.4,1,,"University of Duisburg-Essen Institute for Combustion and Gas Dynamics – Reactive Fluids, and CENIDE, Center for Nanointegration Duisburg-Essen, , Duisburg, Germany",[8] 2016 doi:10.1063/1.4963844 A single-pulse shock tube coupled with high-repetition-rate time-of-flight mass spectromet
"Sharma, Surender Kumar",8.0,1,,"E&ED, Bhabha Atomic Research Center , Visakhapatnam, India",[8] 2015 doi:10.1063/1.4907359 Development of compact rapid charging power supply for capacitive energy storage in pulsed
"Shyam, Anurag",8.0,1,,"E&ED, Bhabha Atomic Research Center , Visakhapatnam, India",[8] 2015 doi:10.1063/1.4907359 Development of compact rapid charging power supply for capacitive energy storage in pulsed
"Popov, D.",8.0,1,,"Geophysical Laboratory, Carnegie Institution of Washington High Pressure Collaborative Access Team, , Argonne, Illinois 60439, USA",[8] 2015 doi:10.1063/1.4926894 High pressure Laue diffraction and its application to study microstructural changes during
"Park, C.",8.0,1,,"Geophysical Laboratory, Carnegie Institution of Washington High Pressure Collaborative Access Team, , Argonne, Illinois 60439, USA",[8] 2015 doi:10.1063/1.4926894 High pressure Laue diffraction and its application to study microstructural changes during
"Kenney-Benson, C.",8.0,1,,"Geophysical Laboratory, Carnegie Institution of Washington High Pressure Collaborative Access Team, , Argonne, Illinois 60439, USA",[8] 2015 doi:10.1063/1.4926894 High pressure Laue diffraction and its application to study microstructural changes during
"Shen, G.",8.0,1,,"Geophysical Laboratory, Carnegie Institution of Washington High Pressure Collaborative Access Team, , Argonne, Illinois 60439, USA",[8] 2015 doi:10.1063/1.4926894 High pressure Laue diffraction and its application to study microstructural changes during
"Huisman, Sander G.",8.0,1,,"University of Twente Department of Applied Physics and J. M. Burgers Centre for Fluid Dynamics, , P.O. Box 217, 7500 AE Enschede, The Netherlands",[8] 2015 doi:10.1063/1.4923082 The boiling Twente Taylor-Couette (BTTC) facility: Temperature controlled turbulent flow b
"van der Veen, Roeland C. A.",8.0,1,,"University of Twente Department of Applied Physics and J. M. Burgers Centre for Fluid Dynamics, , P.O. Box 217, 7500 AE Enschede, The Netherlands",[8] 2015 doi:10.1063/1.4923082 The boiling Twente Taylor-Couette (BTTC) facility: Temperature controlled turbulent flow b
"Bruggert, Gert-Wim H.",8.0,1,,"University of Twente Department of Applied Physics and J. M. Burgers Centre for Fluid Dynamics, , P.O. Box 217, 7500 AE Enschede, The Netherlands",[8] 2015 doi:10.1063/1.4923082 The boiling Twente Taylor-Couette (BTTC) facility: Temperature controlled turbulent flow b
"Lohse, Detlef",8.0,1,,"University of Twente Department of Applied Physics and J. M. Burgers Centre for Fluid Dynamics, , P.O. Box 217, 7500 AE Enschede, The Netherlands",[8] 2015 doi:10.1063/1.4923082 The boiling Twente Taylor-Couette (BTTC) facility: Temperature controlled turbulent flow b
"Sun, Chao",8.0,1,,"University of Twente Department of Applied Physics and J. M. Burgers Centre for Fluid Dynamics, , P.O. Box 217, 7500 AE Enschede, The Netherlands",[8] 2015 doi:10.1063/1.4923082 The boiling Twente Taylor-Couette (BTTC) facility: Temperature controlled turbulent flow b
"Liu, Jun",8.0,1,,"South China Normal University 1 School of Physics and Telecom Engineering, , Guangzhou 510006, China",[8] 2015 doi:10.1063/1.4918801 Rapid and noncontact photoacoustic tomography imaging system using an interferometer with 
"Tang, Zhilie",8.0,1,,"South China Normal University 1 School of Physics and Telecom Engineering, , Guangzhou 510006, China | South China Normal University 2 GuangDong Province Key Laboratory of Quantum Engineering and Quan",[8] 2015 doi:10.1063/1.4918801 Rapid and noncontact photoacoustic tomography imaging system using an interferometer with 
"Wu, Yongbo",8.0,1,,"South China Normal University 1 School of Physics and Telecom Engineering, , Guangzhou 510006, China | South China Normal University 2 GuangDong Province Key Laboratory of Quantum Engineering and Quan",[8] 2015 doi:10.1063/1.4918801 Rapid and noncontact photoacoustic tomography imaging system using an interferometer with 
"Wang, Yi",8.0,1,,"Northeastern University at Qinhuangdao 3 School of Control Engineering, , Qinhuangdao 066004, China",[8] 2015 doi:10.1063/1.4918801 Rapid and noncontact photoacoustic tomography imaging system using an interferometer with 
"Sofronie, M.",8.0,1,,"Laboratory of Magnetism and Superconductivity, National Institute of Materials Physics 1 , 409 Atomistilor St., P.O. Box MG–36, RO-77125 Magurele, Romania",[8] 2015 doi:10.1063/1.4920920 Rapid determination of Faraday rotation in optical glasses by means of secondary Faraday m
"Elisa, M.",8.0,1,,"National Institute of R&D for Optoelectronics INOE 2000 2 Department for Optospintronics, , 409 Atomistilor St., P.O. Box MG–5, RO-77125 Magurele, Romania",[8] 2015 doi:10.1063/1.4920920 Rapid determination of Faraday rotation in optical glasses by means of secondary Faraday m
"Sava, B. A.",8.0,1,,"National Institute for Laser, Plasma and Radiation Physics 3 , 409 Atomistilor Street, P.O. Box MG–36, RO-77125 Magurele, Romania",[8] 2015 doi:10.1063/1.4920920 Rapid determination of Faraday rotation in optical glasses by means of secondary Faraday m
"Boroica, L.",8.0,1,,"National Institute for Laser, Plasma and Radiation Physics 3 , 409 Atomistilor Street, P.O. Box MG–36, RO-77125 Magurele, Romania",[8] 2015 doi:10.1063/1.4920920 Rapid determination of Faraday rotation in optical glasses by means of secondary Faraday m
"Valeanu, M.",8.0,1,,"Laboratory of Magnetism and Superconductivity, National Institute of Materials Physics 1 , 409 Atomistilor St., P.O. Box MG–36, RO-77125 Magurele, Romania",[8] 2015 doi:10.1063/1.4920920 Rapid determination of Faraday rotation in optical glasses by means of secondary Faraday m
"Kuncser, V.",8.0,1,,"Laboratory of Magnetism and Superconductivity, National Institute of Materials Physics 1 , 409 Atomistilor St., P.O. Box MG–36, RO-77125 Magurele, Romania",[8] 2015 doi:10.1063/1.4920920 Rapid determination of Faraday rotation in optical glasses by means of secondary Faraday m
"Leisen, D.",8.0,1,,"Karlsruhe Institute of Technology (KIT) 1 Institute for Applied Materials, , 76344 Eggenstein-Leopoldshafen, Germany",[8] 2015 doi:10.1063/1.4919765 Mechanical characterization between room temperature and 1000 °C of SiC free-standing thin
"Rusanov, R.",8.0,1,,"Robert Bosch GmbH 2 Corporate Sector Research and Advance Engineering, , 70049 Stuttgart, Germany",[8] 2015 doi:10.1063/1.4919765 Mechanical characterization between room temperature and 1000 °C of SiC free-standing thin
"Rohlfing, F.",8.0,1,,"Robert Bosch GmbH 2 Corporate Sector Research and Advance Engineering, , 70049 Stuttgart, Germany",[8] 2015 doi:10.1063/1.4919765 Mechanical characterization between room temperature and 1000 °C of SiC free-standing thin
"Fuchs, T.",8.0,1,,"Robert Bosch GmbH 2 Corporate Sector Research and Advance Engineering, , 70049 Stuttgart, Germany",[8] 2015 doi:10.1063/1.4919765 Mechanical characterization between room temperature and 1000 °C of SiC free-standing thin
"Eberl, C.",8.0,1,,"Fraunhofer-Institut für Werkstoffmechanik IWM 3 , 79108 Freiburg, Germany",[8] 2015 doi:10.1063/1.4919765 Mechanical characterization between room temperature and 1000 °C of SiC free-standing thin
"Riesch-Oppermann, H.",8.0,1,,"Karlsruhe Institute of Technology (KIT) 1 Institute for Applied Materials, , 76344 Eggenstein-Leopoldshafen, Germany",[8] 2015 doi:10.1063/1.4919765 Mechanical characterization between room temperature and 1000 °C of SiC free-standing thin
"Kraft, O.",8.0,1,,"Karlsruhe Institute of Technology (KIT) 1 Institute for Applied Materials, , 76344 Eggenstein-Leopoldshafen, Germany",[8] 2015 doi:10.1063/1.4919765 Mechanical characterization between room temperature and 1000 °C of SiC free-standing thin
"Pokorny, M.",8.0,1,,"Contipro Biotech s.r.o. 1 R&D Department, , 561 02 Dolni Dobrouc, | Czech Republic 1 R&D Department, , 561 02 Dolni Dobrouc,",[8] 2015 doi:10.1063/1.4935021 Note: Non-invasive optical method for rapid determination of alignment degree of oriented 
"Klemes, J.",8.0,1,,"Contipro Pharma a.s. 2 R&D Department, , 561 02 Dolni Dobrouc, Czech Republic",[8] 2015 doi:10.1063/1.4935021 Note: Non-invasive optical method for rapid determination of alignment degree of oriented 
"Rebicek, J.",8.0,1,,"Contipro Biotech s.r.o. 1 R&D Department, , 561 02 Dolni Dobrouc, | Czech Republic 1 R&D Department, , 561 02 Dolni Dobrouc,",[8] 2015 doi:10.1063/1.4935021 Note: Non-invasive optical method for rapid determination of alignment degree of oriented 
"Kotzianova, A.",8.0,1,,"Contipro Pharma a.s. 2 R&D Department, , 561 02 Dolni Dobrouc, Czech Republic | Masaryk University 3 Department of Chemistry, Faculty of Science, , Kamenice 5, CZ-62500 Brno, Czech Republic",[8] 2015 doi:10.1063/1.4935021 Note: Non-invasive optical method for rapid determination of alignment degree of oriented 
"Velebny, V.",8.0,1,,"Contipro Biotech s.r.o. 1 R&D Department, , 561 02 Dolni Dobrouc, | Contipro Pharma a.s. 2 R&D Department, , 561 02 Dolni Dobrouc, Czech Republic | Czech Republic 1 R&D Department, , 561 02 Dolni Dobr",[8] 2015 doi:10.1063/1.4935021 Note: Non-invasive optical method for rapid determination of alignment degree of oriented 
"Baltador, C.",8.0,1,,"Consorzio RFX (CNR, ENEA, INFN, UNIPD, Acciaierie Venete SpA) 1 , Corso Stati Uniti 4, 35127 Padova, Italy",[8] 2015 doi:10.1063/1.4935209 Numerical simulations of the first operational conditions of the negative ion test facilit
"Matityahu, Shlomi",8.0,1,,"1Department of Physics, NRCN, P.O. Box 9001, Beer-Sheva 84190, Israel | 2Department of Physics, Ben-Gurion University of the Negev, Beer Sheva 84105, Israel",[8] 2015 doi:10.1063/1.4918606 Novel experimental design for high pressure-high temperature electrical resistance measure
"Emuna, Moran",8.0,1,,"3Department of Materials Engineering, Ben-Gurion University of the Negev, Beer Sheva 84105, Israel",[8] 2015 doi:10.1063/1.4918606 Novel experimental design for high pressure-high temperature electrical resistance measure
"Yahel, Eyal",8.0,1,,"1Department of Physics, NRCN, P.O. Box 9001, Beer-Sheva 84190, Israel",[8] 2015 doi:10.1063/1.4918606 Novel experimental design for high pressure-high temperature electrical resistance measure
"Makov, Guy",8.0,1,,"3Department of Materials Engineering, Ben-Gurion University of the Negev, Beer Sheva 84105, Israel",[8] 2015 doi:10.1063/1.4918606 Novel experimental design for high pressure-high temperature electrical resistance measure
"Greenberg, Yaron",8.0,1,,"1Department of Physics, NRCN, P.O. Box 9001, Beer-Sheva 84190, Israel",[8] 2015 doi:10.1063/1.4918606 Novel experimental design for high pressure-high temperature electrical resistance measure
"Oßwald, Patrick",8.0,1,,"Institute of Combustion Technology, German Aerospace Center (DLR) , Pfaffenwaldring 38-40, D-70569 Stuttgart, Germany",[8] 2015 doi:10.1063/1.4932608 An atmospheric pressure high-temperature laminar flow reactor for investigation of combust
"Köhler, Markus",8.0,1,,"Institute of Combustion Technology, German Aerospace Center (DLR) , Pfaffenwaldring 38-40, D-70569 Stuttgart, Germany",[8] 2015 doi:10.1063/1.4932608 An atmospheric pressure high-temperature laminar flow reactor for investigation of combust
"Sinogeikin, Stanislav V.",8.0,1,,"Carnegie Institution of Washington High Pressure Collaborative Access Team, Geophysical Laboratory, , Argonne, Illinois 60439, USA",[8] 2015 doi:10.1063/1.4926887 Developments in time-resolved high pressure x-ray diffraction using rapid compression and 
"Bai, Ligang",8.0,1,,"Carnegie Institution of Washington High Pressure Collaborative Access Team, Geophysical Laboratory, , Argonne, Illinois 60439, USA",[8] 2015 doi:10.1063/1.4926887 Developments in time-resolved high pressure x-ray diffraction using rapid compression and 
"Kono, Yoshio",8.0,1,,"Carnegie Institution of Washington 1 HPCAT, Geophysical Laboratory, , 9700 S. Cass Ave., Argonne, Illinois 60439, USA",[8] 2015 doi:10.1063/1.4927227 X-ray imaging for studying behavior of liquids at high pressures and high temperatures usi
"Shibazaki, Yuki",8.0,1,,"Tohoku University 2 Frontier Research Institute for Interdisciplinary Sciences, , Aramaki aza Aoba 6-3, Aoba-ku, Sendai 980-8578, Japan",[8] 2015 doi:10.1063/1.4927227 X-ray imaging for studying behavior of liquids at high pressures and high temperatures usi
"Park, Changyong",8.0,1,,"Carnegie Institution of Washington 1 HPCAT, Geophysical Laboratory, , 9700 S. Cass Ave., Argonne, Illinois 60439, USA",[8] 2015 doi:10.1063/1.4927227 X-ray imaging for studying behavior of liquids at high pressures and high temperatures usi
"Wang, Yanbin",8.0,1,,"The University of Chicago 3 GeoSoilEnviroCARS, Center for Advanced Radiation Sources, , 5640 S. Ellis Avenue, Chicago, Illinois 60637, USA",[8] 2015 doi:10.1063/1.4927227 X-ray imaging for studying behavior of liquids at high pressures and high temperatures usi
